  ArturRios.Cerberus.Domain -> /tmp/cerberus-uc22-worktree/src/Domain/ArturRios.Cerberus.Domain/bin/Debug/net10.0/ArturRios.Cerberus.Domain.dll
  ArturRios.Cerberus.Shared -> /tmp/cerberus-uc22-worktree/src/Application/ArturRios.Cerberus.Shared/bin/Debug/net10.0/ArturRios.Cerberus.Shared.dll
  ArturRios.Cerberus.Query -> /tmp/cerberus-uc22-worktree/src/Application/ArturRios.Cerberus.Query/bin/Debug/net10.0/ArturRios.Cerberus.Query.dll
  ArturRios.Cerberus.Command -> /tmp/cerberus-uc22-worktree/src/Application/ArturRios.Cerberus.Command/bin/Debug/net10.0/ArturRios.Cerberus.Command.dll
  ArturRios.Cerberus.Data -> /tmp/cerberus-uc22-worktree/src/Infrastructure/ArturRios.Cerberus.Data/bin/Debug/net10.0/ArturRios.Cerberus.Data.dll
  ArturRios.Cerberus.WebApi -> /tmp/cerberus-uc22-worktree/src/Presentation/ArturRios.Cerberus.WebApi/bin/Debug/net10.0/ArturRios.Cerberus.WebApi.dll
  ArturRios.Cerberus.WebApi.Tests -> /tmp/cerberus-uc22-worktree/tests/Presentation/ArturRios.Cerberus.WebApi.Tests/bin/Debug/net10.0/ArturRios.Cerberus.WebApi.Tests.dll
Test run for /tmp/cerberus-uc22-worktree/tests/Presentation/ArturRios.Cerberus.WebApi.Tests/bin/Debug/net10.0/ArturRios.Cerberus.WebApi.Tests.dll (.NETCoreApp,Version=v10.0)
VSTest version 18.0.2 (x64)

Starting test execution, please wait...
A total of 1 test files matched the specified pattern.
[xUnit.net 00:00:00.00] xUnit.net VSTest Adapter v4.0.0+05679a7ab5 (64-bit .NET 10.0.12)
[xUnit.net 00:00:00.15]   Discovering: ArturRios.Cerberus.WebApi.Tests
[xUnit.net 00:00:00.59]   Discovered:  ArturRios.Cerberus.WebApi.Tests
[xUnit.net 00:00:00.66]   Starting:    ArturRios.Cerberus.WebApi.Tests
[testcontainers.org 00:00:00.15] Connected to Docker:
  Host: unix:///var/run/docker.sock
  Server Version: 29.8.2
  Kernel Version: 7.0.0-34-generic
  API Version: 1.56
  Operating System: Ubuntu 26.04.1 LTS
  Total Memory: 31.34 GB
[testcontainers.org 00:00:00.42] Docker container 3d189b488c57 created
[testcontainers.org 00:00:00.47] Start Docker container 3d189b488c57
[testcontainers.org 00:00:00.71] Wait for Docker container 3d189b488c57 to complete readiness checks
[testcontainers.org 00:00:01.74] Docker container 3d189b488c57 ready
[testcontainers.org 00:00:01.90] Docker container 4874b35d887a created
[testcontainers.org 00:00:01.91] Start Docker container 4874b35d887a
[testcontainers.org 00:00:02.27] Wait for Docker container 4874b35d887a to complete readiness checks
[testcontainers.org 00:00:02.28] Execute "pg_isready --host localhost --dbname postgres --username postgres" at Docker container 4874b35d887a
[testcontainers.org 00:00:03.50] Execute "pg_isready --host localhost --dbname postgres --username postgres" at Docker container 4874b35d887a
[testcontainers.org 00:00:04.54] Execute "pg_isready --host localhost --dbname postgres --username postgres" at Docker container 4874b35d887a
[testcontainers.org 00:00:05.70] Execute "pg_isready --host localhost --dbname postgres --username postgres" at Docker container 4874b35d887a
[testcontainers.org 00:00:05.76] Docker container 4874b35d887a ready
{"Timestamp":"2026-10-09T04:48:28.5545333+00:00","Level":"Information","MessageTemplate":"Request completed. Code={Code}; Status={Status}","TraceId":"1d6fb0602ab307696319748041b91f72","SpanId":"e74b475fce88dfd8","Properties":{"Code":"request_completed","Status":201,"SourceContext":"ArturRios.Cerberus.WebApi.Middleware.SafeFailureMiddleware","RequestId":"0HNP5O27J1ME4","RequestPath":"/api/records","CorrelationId":"ff98b74050bf413aa8b3bbcb81baccf6"}}
{"Timestamp":"2026-10-09T04:48:28.8342569+00:00","Level":"Information","MessageTemplate":"Request completed. Code={Code}; Status={Status}","TraceId":"eb6c30d970921556b44570b07b1443e3","SpanId":"d964112c23a810b9","Properties":{"Code":"request_completed","Status":404,"SourceContext":"ArturRios.Cerberus.WebApi.Middleware.SafeFailureMiddleware","RequestId":"0HNP5O27J1ME5","RequestPath":"/api/records/95cb7b59-9aa2-4e62-ab6f-42773203df6c/permanent","CorrelationId":"065675b70eca45a59be4e18b8c8da059"}}
[xUnit.net 00:00:10.03]     ArturRios.Cerberus.WebApi.Tests.RecordPermanentDeleteHttpTests.GivenStrictOrForgedDeleteBody_WhenPermanentlyDeleting_Then400WithoutAnyOperation(kind: "null") [FAIL]
[xUnit.net 00:00:10.03]       Assert.Equal() Failure: Values differ
[xUnit.net 00:00:10.03]       Expected: BadRequest
[xUnit.net 00:00:10.03]       Actual:   NotFound
[xUnit.net 00:00:10.03]       Stack Trace:
[xUnit.net 00:00:10.04]         /tmp/cerberus-uc22-worktree/tests/Presentation/ArturRios.Cerberus.WebApi.Tests/RecordPermanentDeleteHttpTests.cs(191,0): at ArturRios.Cerberus.WebApi.Tests.RecordPermanentDeleteHttpTests.Failure(HttpResponseMessage r, Int32 status, String error)
[xUnit.net 00:00:10.04]         /tmp/cerberus-uc22-worktree/tests/Presentation/ArturRios.Cerberus.WebApi.Tests/RecordPermanentDeleteHttpTests.cs(107,0): at ArturRios.Cerberus.WebApi.Tests.RecordPermanentDeleteHttpTests.GivenStrictOrForgedDeleteBody_WhenPermanentlyDeleting_Then400WithoutAnyOperation(String kind)
[xUnit.net 00:00:10.04]         --- End of stack trace from previous location ---
  Failed ArturRios.Cerberus.WebApi.Tests.RecordPermanentDeleteHttpTests.GivenStrictOrForgedDeleteBody_WhenPermanentlyDeleting_Then400WithoutAnyOperation(kind: "null") [1 s]
  Error Message:
   Assert.Equal() Failure: Values differ
Expected: BadRequest
Actual:   NotFound
  Stack Trace:
     at ArturRios.Cerberus.WebApi.Tests.RecordPermanentDeleteHttpTests.Failure(HttpResponseMessage r, Int32 status, String error) in /tmp/cerberus-uc22-worktree/tests/Presentation/ArturRios.Cerberus.WebApi.Tests/RecordPermanentDeleteHttpTests.cs:line 191
   at ArturRios.Cerberus.WebApi.Tests.RecordPermanentDeleteHttpTests.GivenStrictOrForgedDeleteBody_WhenPermanentlyDeleting_Then400WithoutAnyOperation(String kind) in /tmp/cerberus-uc22-worktree/tests/Presentation/ArturRios.Cerberus.WebApi.Tests/RecordPermanentDeleteHttpTests.cs:line 107
--- End of stack trace from previous location ---
{"Timestamp":"2026-10-09T04:48:28.9384183+00:00","Level":"Information","MessageTemplate":"Request completed. Code={Code}; Status={Status}","TraceId":"d9d5c0b19c88aac6d3f4e8f40dacf765","SpanId":"5097ff082981b9ab","Properties":{"Code":"request_completed","Status":201,"SourceContext":"ArturRios.Cerberus.WebApi.Middleware.SafeFailureMiddleware","RequestId":"0HNP5O27J1ME6","RequestPath":"/api/records","CorrelationId":"2eea02feeec348ab84c70cd55c10ea0b"}}
{"Timestamp":"2026-10-09T04:48:28.9535897+00:00","Level":"Information","MessageTemplate":"Request completed. Code={Code}; Status={Status}","TraceId":"765b8c8955b6b691794f9dbf1680b90d","SpanId":"f4931169d7a06f48","Properties":{"Code":"request_completed","Status":404,"SourceContext":"ArturRios.Cerberus.WebApi.Middleware.SafeFailureMiddleware","RequestId":"0HNP5O27J1ME7","RequestPath":"/api/records/e23fa224-fc3f-4c64-83f8-a741eb0203a8/permanent","CorrelationId":"477858c0637f42c09dda6eab6ce4300e"}}
[xUnit.net 00:00:10.12]     ArturRios.Cerberus.WebApi.Tests.RecordPermanentDeleteHttpTests.GivenStrictOrForgedDeleteBody_WhenPermanentlyDeleting_Then400WithoutAnyOperation(kind: "collectionIds") [FAIL]
[xUnit.net 00:00:10.12]       Assert.Equal() Failure: Values differ
[xUnit.net 00:00:10.12]       Expected: BadRequest
[xUnit.net 00:00:10.12]       Actual:   NotFound
[xUnit.net 00:00:10.12]       Stack Trace:
[xUnit.net 00:00:10.12]         /tmp/cerberus-uc22-worktree/tests/Presentation/ArturRios.Cerberus.WebApi.Tests/RecordPermanentDeleteHttpTests.cs(191,0): at ArturRios.Cerberus.WebApi.Tests.RecordPermanentDeleteHttpTests.Failure(HttpResponseMessage r, Int32 status, String error)
[xUnit.net 00:00:10.12]         /tmp/cerberus-uc22-worktree/tests/Presentation/ArturRios.Cerberus.WebApi.Tests/RecordPermanentDeleteHttpTests.cs(107,0): at ArturRios.Cerberus.WebApi.Tests.RecordPermanentDeleteHttpTests.GivenStrictOrForgedDeleteBody_WhenPermanentlyDeleting_Then400WithoutAnyOperation(String kind)
[xUnit.net 00:00:10.12]         --- End of stack trace from previous location ---
{"Timestamp":"2026-10-09T04:48:29.0976470+00:00","Level":"Information","MessageTemplate":"Request completed. Code={Code}; Status={Status}","TraceId":"182772a35a3c6bab030cae800c93c4b9","SpanId":"d83a4c4dc52c7c8f","Properties":{"Code":"request_completed","Status":201,"SourceContext":"ArturRios.Cerberus.WebApi.Middleware.SafeFailureMiddleware","RequestId":"0HNP5O27J1ME8","RequestPath":"/api/records","CorrelationId":"0e8439359ca84548ac5f831e49df1abd"}}
{"Timestamp":"2026-10-09T04:48:29.1542456+00:00","Level":"Information","MessageTemplate":"Request completed. Code={Code}; Status={Status}","TraceId":"2876b1daa1888175428b12005d6f1834","SpanId":"0e84e21bca00fcbc","Properties":{"Code":"request_completed","Status":404,"SourceContext":"ArturRios.Cerberus.WebApi.Middleware.SafeFailureMiddleware","RequestId":"0HNP5O27J1ME9","RequestPath":"/api/records/8006dae1-b845-4074-925b-37b74fccc2de/permanent","CorrelationId":"c0cbec60f6714acf9577f6efb988bad2"}}
[xUnit.net 00:00:10.32]     ArturRios.Cerberus.WebApi.Tests.RecordPermanentDeleteHttpTests.GivenStrictOrForgedDeleteBody_WhenPermanentlyDeleting_Then400WithoutAnyOperation(kind: "purgeAt") [FAIL]
[xUnit.net 00:00:10.32]       Assert.Equal() Failure: Values differ
[xUnit.net 00:00:10.32]       Expected: BadRequest
[xUnit.net 00:00:10.32]       Actual:   NotFound
[xUnit.net 00:00:10.32]       Stack Trace:
[xUnit.net 00:00:10.32]         /tmp/cerberus-uc22-worktree/tests/Presentation/ArturRios.Cerberus.WebApi.Tests/RecordPermanentDeleteHttpTests.cs(191,0): at ArturRios.Cerberus.WebApi.Tests.RecordPermanentDeleteHttpTests.Failure(HttpResponseMessage r, Int32 status, String error)
[xUnit.net 00:00:10.32]         /tmp/cerberus-uc22-worktree/tests/Presentation/ArturRios.Cerberus.WebApi.Tests/RecordPermanentDeleteHttpTests.cs(107,0): at ArturRios.Cerberus.WebApi.Tests.RecordPermanentDeleteHttpTests.GivenStrictOrForgedDeleteBody_WhenPermanentlyDeleting_Then400WithoutAnyOperation(String kind)
[xUnit.net 00:00:10.32]         --- End of stack trace from previous location ---
{"Timestamp":"2026-10-09T04:48:29.2295193+00:00","Level":"Information","MessageTemplate":"Request completed. Code={Code}; Status={Status}","TraceId":"b9d9c2eefa25f7291afac678dae670a7","SpanId":"614d14f9eac0efda","Properties":{"Code":"request_completed","Status":201,"SourceContext":"ArturRios.Cerberus.WebApi.Middleware.SafeFailureMiddleware","RequestId":"0HNP5O27J1MEA","RequestPath":"/api/records","CorrelationId":"0792b6e674a64c68894a0c9fbe123e5c"}}
{"Timestamp":"2026-10-09T04:48:29.2457970+00:00","Level":"Information","MessageTemplate":"Request completed. Code={Code}; Status={Status}","TraceId":"828a4ec658436b189222d64b8e3b3223","SpanId":"0c2d70f15617ed8f","Properties":{"Code":"request_completed","Status":404,"SourceContext":"ArturRios.Cerberus.WebApi.Middleware.SafeFailureMiddleware","RequestId":"0HNP5O27J1MEB","RequestPath":"/api/records/09132bff-6766-4971-ad65-296af64966d6/permanent","CorrelationId":"0e7f740b266845a38e33a914c38db116"}}
[xUnit.net 00:00:10.41]     ArturRios.Cerberus.WebApi.Tests.RecordPermanentDeleteHttpTests.GivenStrictOrForgedDeleteBody_WhenPermanentlyDeleting_Then400WithoutAnyOperation(kind: "empty") [FAIL]
[xUnit.net 00:00:10.41]       Assert.Equal() Failure: Values differ
[xUnit.net 00:00:10.41]       Expected: BadRequest
[xUnit.net 00:00:10.41]       Actual:   NotFound
[xUnit.net 00:00:10.41]       Stack Trace:
[xUnit.net 00:00:10.41]         /tmp/cerberus-uc22-worktree/tests/Presentation/ArturRios.Cerberus.WebApi.Tests/RecordPermanentDeleteHttpTests.cs(191,0): at ArturRios.Cerberus.WebApi.Tests.RecordPermanentDeleteHttpTests.Failure(HttpResponseMessage r, Int32 status, String error)
[xUnit.net 00:00:10.41]         /tmp/cerberus-uc22-worktree/tests/Presentation/ArturRios.Cerberus.WebApi.Tests/RecordPermanentDeleteHttpTests.cs(107,0): at ArturRios.Cerberus.WebApi.Tests.RecordPermanentDeleteHttpTests.GivenStrictOrForgedDeleteBody_WhenPermanentlyDeleting_Then400WithoutAnyOperation(String kind)
[xUnit.net 00:00:10.41]         --- End of stack trace from previous location ---
{"Timestamp":"2026-10-09T04:48:29.3041688+00:00","Level":"Information","MessageTemplate":"Request completed. Code={Code}; Status={Status}","TraceId":"f74db395467acce89e0db47e7acbe15d","SpanId":"cf7edfdec8aa8f70","Properties":{"Code":"request_completed","Status":201,"SourceContext":"ArturRios.Cerberus.WebApi.Middleware.SafeFailureMiddleware","RequestId":"0HNP5O27J1MEC","RequestPath":"/api/records","CorrelationId":"1bf68abf424343458b04f992b61439ea"}}
{"Timestamp":"2026-10-09T04:48:29.3205080+00:00","Level":"Information","MessageTemplate":"Request completed. Code={Code}; Status={Status}","TraceId":"b10d7a6cb257a4007b52042031d34f3f","SpanId":"5574c0d0ea48f9b1","Properties":{"Code":"request_completed","Status":404,"SourceContext":"ArturRios.Cerberus.WebApi.Middleware.SafeFailureMiddleware","RequestId":"0HNP5O27J1MED","RequestPath":"/api/records/68d5650a-6a21-4dce-9050-c074825eb950/permanent","CorrelationId":"664d74725c1e42e487641840e7ef697e"}}
[xUnit.net 00:00:10.49]     ArturRios.Cerberus.WebApi.Tests.RecordPermanentDeleteHttpTests.GivenStrictOrForgedDeleteBody_WhenPermanentlyDeleting_Then400WithoutAnyOperation(kind: "array") [FAIL]
[xUnit.net 00:00:10.49]       Assert.Equal() Failure: Values differ
[xUnit.net 00:00:10.49]       Expected: BadRequest
[xUnit.net 00:00:10.49]       Actual:   NotFound
[xUnit.net 00:00:10.49]       Stack Trace:
[xUnit.net 00:00:10.49]         /tmp/cerberus-uc22-worktree/tests/Presentation/ArturRios.Cerberus.WebApi.Tests/RecordPermanentDeleteHttpTests.cs(191,0): at ArturRios.Cerberus.WebApi.Tests.RecordPermanentDeleteHttpTests.Failure(HttpResponseMessage r, Int32 status, String error)
[xUnit.net 00:00:10.49]         /tmp/cerberus-uc22-worktree/tests/Presentation/ArturRios.Cerberus.WebApi.Tests/RecordPermanentDeleteHttpTests.cs(107,0): at ArturRios.Cerberus.WebApi.Tests.RecordPermanentDeleteHttpTests.GivenStrictOrForgedDeleteBody_WhenPermanentlyDeleting_Then400WithoutAnyOperation(String kind)
[xUnit.net 00:00:10.49]         --- End of stack trace from previous location ---
{"Timestamp":"2026-10-09T04:48:29.3727049+00:00","Level":"Information","MessageTemplate":"Request completed. Code={Code}; Status={Status}","TraceId":"cba7590a54cc241bfd2b95b7490df14a","SpanId":"ca43b24ae79866c5","Properties":{"Code":"request_completed","Status":201,"SourceContext":"ArturRios.Cerberus.WebApi.Middleware.SafeFailureMiddleware","RequestId":"0HNP5O27J1MEE","RequestPath":"/api/records","CorrelationId":"b7f55f7635654b309888be1cb2932925"}}
{"Timestamp":"2026-10-09T04:48:29.4242558+00:00","Level":"Information","MessageTemplate":"Request completed. Code={Code}; Status={Status}","TraceId":"6537b8b4c375c3c692471458f53ee554","SpanId":"e8d374db025550af","Properties":{"Code":"request_completed","Status":404,"SourceContext":"ArturRios.Cerberus.WebApi.Middleware.SafeFailureMiddleware","RequestId":"0HNP5O27J1MEF","RequestPath":"/api/records/7a2ebe9e-5ea7-4535-b83e-af6f99209be3/permanent","CorrelationId":"dbe204ce04384809bd7ff7f0c76d6617"}}
[xUnit.net 00:00:10.59]     ArturRios.Cerberus.WebApi.Tests.RecordPermanentDeleteHttpTests.GivenStrictOrForgedDeleteBody_WhenPermanentlyDeleting_Then400WithoutAnyOperation(kind: "trashOperationId") [FAIL]
[xUnit.net 00:00:10.59]       Assert.Equal() Failure: Values differ
[xUnit.net 00:00:10.59]       Expected: BadRequest
[xUnit.net 00:00:10.59]       Actual:   NotFound
[xUnit.net 00:00:10.59]       Stack Trace:
[xUnit.net 00:00:10.59]         /tmp/cerberus-uc22-worktree/tests/Presentation/ArturRios.Cerberus.WebApi.Tests/RecordPermanentDeleteHttpTests.cs(191,0): at ArturRios.Cerberus.WebApi.Tests.RecordPermanentDeleteHttpTests.Failure(HttpResponseMessage r, Int32 status, String error)
[xUnit.net 00:00:10.59]         /tmp/cerberus-uc22-worktree/tests/Presentation/ArturRios.Cerberus.WebApi.Tests/RecordPermanentDeleteHttpTests.cs(107,0): at ArturRios.Cerberus.WebApi.Tests.RecordPermanentDeleteHttpTests.GivenStrictOrForgedDeleteBody_WhenPermanentlyDeleting_Then400WithoutAnyOperation(String kind)
[xUnit.net 00:00:10.59]         --- End of stack trace from previous location ---
{"Timestamp":"2026-10-09T04:48:29.4876589+00:00","Level":"Information","MessageTemplate":"Request completed. Code={Code}; Status={Status}","TraceId":"05ab9a6b03cfa7f29e54b3fa0f3832a2","SpanId":"955cc972cb2a7969","Properties":{"Code":"request_completed","Status":201,"SourceContext":"ArturRios.Cerberus.WebApi.Middleware.SafeFailureMiddleware","RequestId":"0HNP5O27J1MEG","RequestPath":"/api/records","CorrelationId":"a20efc9b235b4298a46b1d6460186e13"}}
{"Timestamp":"2026-10-09T04:48:29.5134791+00:00","Level":"Information","MessageTemplate":"Request completed. Code={Code}; Status={Status}","TraceId":"c458852073185b3cee31159f5c7fbac3","SpanId":"9d4ebed19648c25a","Properties":{"Code":"request_completed","Status":404,"SourceContext":"ArturRios.Cerberus.WebApi.Middleware.SafeFailureMiddleware","RequestId":"0HNP5O27J1MEH","RequestPath":"/api/records/63da218b-cdc6-4497-8f4f-ab13a8bfab11/permanent","CorrelationId":"048a03a1593c48f684706de36796414a"}}
[xUnit.net 00:00:10.68]     ArturRios.Cerberus.WebApi.Tests.RecordPermanentDeleteHttpTests.GivenStrictOrForgedDeleteBody_WhenPermanentlyDeleting_Then400WithoutAnyOperation(kind: "keyWrappers") [FAIL]
[xUnit.net 00:00:10.68]       Assert.Equal() Failure: Values differ
[xUnit.net 00:00:10.68]       Expected: BadRequest
[xUnit.net 00:00:10.68]       Actual:   NotFound
[xUnit.net 00:00:10.68]       Stack Trace:
[xUnit.net 00:00:10.68]         /tmp/cerberus-uc22-worktree/tests/Presentation/ArturRios.Cerberus.WebApi.Tests/RecordPermanentDeleteHttpTests.cs(191,0): at ArturRios.Cerberus.WebApi.Tests.RecordPermanentDeleteHttpTests.Failure(HttpResponseMessage r, Int32 status, String error)
[xUnit.net 00:00:10.68]         /tmp/cerberus-uc22-worktree/tests/Presentation/ArturRios.Cerberus.WebApi.Tests/RecordPermanentDeleteHttpTests.cs(107,0): at ArturRios.Cerberus.WebApi.Tests.RecordPermanentDeleteHttpTests.GivenStrictOrForgedDeleteBody_WhenPermanentlyDeleting_Then400WithoutAnyOperation(String kind)
[xUnit.net 00:00:10.68]         --- End of stack trace from previous location ---
{"Timestamp":"2026-10-09T04:48:29.5698142+00:00","Level":"Information","MessageTemplate":"Request completed. Code={Code}; Status={Status}","TraceId":"2db2a22d8adaaea662a1d219022a60e5","SpanId":"1aeaa2ba19cc63eb","Properties":{"Code":"request_completed","Status":201,"SourceContext":"ArturRios.Cerberus.WebApi.Middleware.SafeFailureMiddleware","RequestId":"0HNP5O27J1MEI","RequestPath":"/api/records","CorrelationId":"75d2348ea3a44d669f2e9dc032a80457"}}
{"Timestamp":"2026-10-09T04:48:29.5960378+00:00","Level":"Information","MessageTemplate":"Request completed. Code={Code}; Status={Status}","TraceId":"3119f43b4ec67dd57c171f43bb2a780d","SpanId":"c2edc56f86cd4886","Properties":{"Code":"request_completed","Status":404,"SourceContext":"ArturRios.Cerberus.WebApi.Middleware.SafeFailureMiddleware","RequestId":"0HNP5O27J1MEJ","RequestPath":"/api/records/3ef335eb-140e-4e1b-8c5f-a9c78e74baad/permanent","CorrelationId":"7c02ba11335841f295a8da0bfc2deae3"}}
[xUnit.net 00:00:10.76]     ArturRios.Cerberus.WebApi.Tests.RecordPermanentDeleteHttpTests.GivenStrictOrForgedDeleteBody_WhenPermanentlyDeleting_Then400WithoutAnyOperation(kind: "vaultAccess") [FAIL]
[xUnit.net 00:00:10.76]       Assert.Equal() Failure: Values differ
[xUnit.net 00:00:10.76]       Expected: BadRequest
[xUnit.net 00:00:10.76]       Actual:   NotFound
[xUnit.net 00:00:10.76]       Stack Trace:
[xUnit.net 00:00:10.76]         /tmp/cerberus-uc22-worktree/tests/Presentation/ArturRios.Cerberus.WebApi.Tests/RecordPermanentDeleteHttpTests.cs(191,0): at ArturRios.Cerberus.WebApi.Tests.RecordPermanentDeleteHttpTests.Failure(HttpResponseMessage r, Int32 status, String error)
[xUnit.net 00:00:10.76]         /tmp/cerberus-uc22-worktree/tests/Presentation/ArturRios.Cerberus.WebApi.Tests/RecordPermanentDeleteHttpTests.cs(107,0): at ArturRios.Cerberus.WebApi.Tests.RecordPermanentDeleteHttpTests.GivenStrictOrForgedDeleteBody_WhenPermanentlyDeleting_Then400WithoutAnyOperation(String kind)
[xUnit.net 00:00:10.76]         --- End of stack trace from previous location ---
{"Timestamp":"2026-10-09T04:48:29.6361407+00:00","Level":"Information","MessageTemplate":"Request completed. Code={Code}; Status={Status}","TraceId":"1e64ed36c8bbec55a9129e97a4f80410","SpanId":"3e32352e32f6185b","Properties":{"Code":"request_completed","Status":201,"SourceContext":"ArturRios.Cerberus.WebApi.Middleware.SafeFailureMiddleware","RequestId":"0HNP5O27J1MEK","RequestPath":"/api/records","CorrelationId":"1f0a2873d50d437bbd8d1428ed76fbdf"}}
{"Timestamp":"2026-10-09T04:48:29.6515588+00:00","Level":"Information","MessageTemplate":"Request completed. Code={Code}; Status={Status}","TraceId":"56aa81075de0b2f34f79fda61ec1513d","SpanId":"264d50fad799ab94","Properties":{"Code":"request_completed","Status":404,"SourceContext":"ArturRios.Cerberus.WebApi.Middleware.SafeFailureMiddleware","RequestId":"0HNP5O27J1MEL","RequestPath":"/api/records/d94cc6a6-8f38-491c-a602-acd8f4cca4ce/permanent","CorrelationId":"f1c909c63622478c8d94d97c95ff2ada"}}
[xUnit.net 00:00:10.82]     ArturRios.Cerberus.WebApi.Tests.RecordPermanentDeleteHttpTests.GivenStrictOrForgedDeleteBody_WhenPermanentlyDeleting_Then400WithoutAnyOperation(kind: "duplicate") [FAIL]
[xUnit.net 00:00:10.82]       Assert.Equal() Failure: Values differ
[xUnit.net 00:00:10.82]       Expected: BadRequest
[xUnit.net 00:00:10.82]       Actual:   NotFound
[xUnit.net 00:00:10.82]       Stack Trace:
[xUnit.net 00:00:10.82]         /tmp/cerberus-uc22-worktree/tests/Presentation/ArturRios.Cerberus.WebApi.Tests/RecordPermanentDeleteHttpTests.cs(191,0): at ArturRios.Cerberus.WebApi.Tests.RecordPermanentDeleteHttpTests.Failure(HttpResponseMessage r, Int32 status, String error)
[xUnit.net 00:00:10.82]         /tmp/cerberus-uc22-worktree/tests/Presentation/ArturRios.Cerberus.WebApi.Tests/RecordPermanentDeleteHttpTests.cs(107,0): at ArturRios.Cerberus.WebApi.Tests.RecordPermanentDeleteHttpTests.GivenStrictOrForgedDeleteBody_WhenPermanentlyDeleting_Then400WithoutAnyOperation(String kind)
[xUnit.net 00:00:10.82]         --- End of stack trace from previous location ---
{"Timestamp":"2026-10-09T04:48:29.7504998+00:00","Level":"Information","MessageTemplate":"Request completed. Code={Code}; Status={Status}","TraceId":"aa66e251ea23a8b876b2116c2d343590","SpanId":"839556fa5c069e0a","Properties":{"Code":"request_completed","Status":201,"SourceContext":"ArturRios.Cerberus.WebApi.Middleware.SafeFailureMiddleware","RequestId":"0HNP5O27J1MEM","RequestPath":"/api/records","CorrelationId":"ef4a4700dfa04b3ca9fb3e85df19f17d"}}
{"Timestamp":"2026-10-09T04:48:29.7885633+00:00","Level":"Information","MessageTemplate":"Request completed. Code={Code}; Status={Status}","TraceId":"a94e75e5e6a7e080ec83223f931269d4","SpanId":"26f526d21ca59f14","Properties":{"Code":"request_completed","Status":404,"SourceContext":"ArturRios.Cerberus.WebApi.Middleware.SafeFailureMiddleware","RequestId":"0HNP5O27J1MEN","RequestPath":"/api/records/baae1de3-8e84-4e23-838d-26bc025a610b/permanent","CorrelationId":"8634463263ad4725a3e42c8b61c96e5f"}}
[xUnit.net 00:00:10.96]     ArturRios.Cerberus.WebApi.Tests.RecordPermanentDeleteHttpTests.GivenStrictOrForgedDeleteBody_WhenPermanentlyDeleting_Then400WithoutAnyOperation(kind: "negative") [FAIL]
[xUnit.net 00:00:10.96]       Assert.Equal() Failure: Values differ
[xUnit.net 00:00:10.96]       Expected: BadRequest
[xUnit.net 00:00:10.96]       Actual:   NotFound
[xUnit.net 00:00:10.96]       Stack Trace:
[xUnit.net 00:00:10.96]         /tmp/cerberus-uc22-worktree/tests/Presentation/ArturRios.Cerberus.WebApi.Tests/RecordPermanentDeleteHttpTests.cs(191,0): at ArturRios.Cerberus.WebApi.Tests.RecordPermanentDeleteHttpTests.Failure(HttpResponseMessage r, Int32 status, String error)
[xUnit.net 00:00:10.96]         /tmp/cerberus-uc22-worktree/tests/Presentation/ArturRios.Cerberus.WebApi.Tests/RecordPermanentDeleteHttpTests.cs(107,0): at ArturRios.Cerberus.WebApi.Tests.RecordPermanentDeleteHttpTests.GivenStrictOrForgedDeleteBody_WhenPermanentlyDeleting_Then400WithoutAnyOperation(String kind)
[xUnit.net 00:00:10.96]         --- End of stack trace from previous location ---
  Failed ArturRios.Cerberus.WebApi.Tests.RecordPermanentDeleteHttpTests.GivenStrictOrForgedDeleteBody_WhenPermanentlyDeleting_Then400WithoutAnyOperation(kind: "collectionIds") [87 ms]
  Error Message:
   Assert.Equal() Failure: Values differ
Expected: BadRequest
Actual:   NotFound
  Stack Trace:
     at ArturRios.Cerberus.WebApi.Tests.RecordPermanentDeleteHttpTests.Failure(HttpResponseMessage r, Int32 status, String error) in /tmp/cerberus-uc22-worktree/tests/Presentation/ArturRios.Cerberus.WebApi.Tests/RecordPermanentDeleteHttpTests.cs:line 191
   at ArturRios.Cerberus.WebApi.Tests.RecordPermanentDeleteHttpTests.GivenStrictOrForgedDeleteBody_WhenPermanentlyDeleting_Then400WithoutAnyOperation(String kind) in /tmp/cerberus-uc22-worktree/tests/Presentation/ArturRios.Cerberus.WebApi.Tests/RecordPermanentDeleteHttpTests.cs:line 107
--- End of stack trace from previous location ---
  Failed ArturRios.Cerberus.WebApi.Tests.RecordPermanentDeleteHttpTests.GivenStrictOrForgedDeleteBody_WhenPermanentlyDeleting_Then400WithoutAnyOperation(kind: "purgeAt") [200 ms]
  Error Message:
   Assert.Equal() Failure: Values differ
Expected: BadRequest
Actual:   NotFound
  Stack Trace:
     at ArturRios.Cerberus.WebApi.Tests.RecordPermanentDeleteHttpTests.Failure(HttpResponseMessage r, Int32 status, String error) in /tmp/cerberus-uc22-worktree/tests/Presentation/ArturRios.Cerberus.WebApi.Tests/RecordPermanentDeleteHttpTests.cs:line 191
   at ArturRios.Cerberus.WebApi.Tests.RecordPermanentDeleteHttpTests.GivenStrictOrForgedDeleteBody_WhenPermanentlyDeleting_Then400WithoutAnyOperation(String kind) in /tmp/cerberus-uc22-worktree/tests/Presentation/ArturRios.Cerberus.WebApi.Tests/RecordPermanentDeleteHttpTests.cs:line 107
--- End of stack trace from previous location ---
  Failed ArturRios.Cerberus.WebApi.Tests.RecordPermanentDeleteHttpTests.GivenStrictOrForgedDeleteBody_WhenPermanentlyDeleting_Then400WithoutAnyOperation(kind: "empty") [89 ms]
  Error Message:
   Assert.Equal() Failure: Values differ
Expected: BadRequest
Actual:   NotFound
  Stack Trace:
     at ArturRios.Cerberus.WebApi.Tests.RecordPermanentDeleteHttpTests.Failure(HttpResponseMessage r, Int32 status, String error) in /tmp/cerberus-uc22-worktree/tests/Presentation/ArturRios.Cerberus.WebApi.Tests/RecordPermanentDeleteHttpTests.cs:line 191
   at ArturRios.Cerberus.WebApi.Tests.RecordPermanentDeleteHttpTests.GivenStrictOrForgedDeleteBody_WhenPermanentlyDeleting_Then400WithoutAnyOperation(String kind) in /tmp/cerberus-uc22-worktree/tests/Presentation/ArturRios.Cerberus.WebApi.Tests/RecordPermanentDeleteHttpTests.cs:line 107
--- End of stack trace from previous location ---
  Failed ArturRios.Cerberus.WebApi.Tests.RecordPermanentDeleteHttpTests.GivenStrictOrForgedDeleteBody_WhenPermanentlyDeleting_Then400WithoutAnyOperation(kind: "array") [74 ms]
  Error Message:
   Assert.Equal() Failure: Values differ
Expected: BadRequest
Actual:   NotFound
  Stack Trace:
     at ArturRios.Cerberus.WebApi.Tests.RecordPermanentDeleteHttpTests.Failure(HttpResponseMessage r, Int32 status, String error) in /tmp/cerberus-uc22-worktree/tests/Presentation/ArturRios.Cerberus.WebApi.Tests/RecordPermanentDeleteHttpTests.cs:line 191
   at ArturRios.Cerberus.WebApi.Tests.RecordPermanentDeleteHttpTests.GivenStrictOrForgedDeleteBody_WhenPermanentlyDeleting_Then400WithoutAnyOperation(String kind) in /tmp/cerberus-uc22-worktree/tests/Presentation/ArturRios.Cerberus.WebApi.Tests/RecordPermanentDeleteHttpTests.cs:line 107
--- End of stack trace from previous location ---
  Failed ArturRios.Cerberus.WebApi.Tests.RecordPermanentDeleteHttpTests.GivenStrictOrForgedDeleteBody_WhenPermanentlyDeleting_Then400WithoutAnyOperation(kind: "trashOperationId") [102 ms]
  Error Message:
   Assert.Equal() Failure: Values differ
Expected: BadRequest
Actual:   NotFound
  Stack Trace:
     at ArturRios.Cerberus.WebApi.Tests.RecordPermanentDeleteHttpTests.Failure(HttpResponseMessage r, Int32 status, String error) in /tmp/cerberus-uc22-worktree/tests/Presentation/ArturRios.Cerberus.WebApi.Tests/RecordPermanentDeleteHttpTests.cs:line 191
   at ArturRios.Cerberus.WebApi.Tests.RecordPermanentDeleteHttpTests.GivenStrictOrForgedDeleteBody_WhenPermanentlyDeleting_Then400WithoutAnyOperation(String kind) in /tmp/cerberus-uc22-worktree/tests/Presentation/ArturRios.Cerberus.WebApi.Tests/RecordPermanentDeleteHttpTests.cs:line 107
--- End of stack trace from previous location ---
  Failed ArturRios.Cerberus.WebApi.Tests.RecordPermanentDeleteHttpTests.GivenStrictOrForgedDeleteBody_WhenPermanentlyDeleting_Then400WithoutAnyOperation(kind: "keyWrappers") [89 ms]
  Error Message:
   Assert.Equal() Failure: Values differ
Expected: BadRequest
Actual:   NotFound
  Stack Trace:
     at ArturRios.Cerberus.WebApi.Tests.RecordPermanentDeleteHttpTests.Failure(HttpResponseMessage r, Int32 status, String error) in /tmp/cerberus-uc22-worktree/tests/Presentation/ArturRios.Cerberus.WebApi.Tests/RecordPermanentDeleteHttpTests.cs:line 191
   at ArturRios.Cerberus.WebApi.Tests.RecordPermanentDeleteHttpTests.GivenStrictOrForgedDeleteBody_WhenPermanentlyDeleting_Then400WithoutAnyOperation(String kind) in /tmp/cerberus-uc22-worktree/tests/Presentation/ArturRios.Cerberus.WebApi.Tests/RecordPermanentDeleteHttpTests.cs:line 107
--- End of stack trace from previous location ---
  Failed ArturRios.Cerberus.WebApi.Tests.RecordPermanentDeleteHttpTests.GivenStrictOrForgedDeleteBody_WhenPermanentlyDeleting_Then400WithoutAnyOperation(kind: "vaultAccess") [79 ms]
  Error Message:
   Assert.Equal() Failure: Values differ
Expected: BadRequest
Actual:   NotFound
  Stack Trace:
     at ArturRios.Cerberus.WebApi.Tests.RecordPermanentDeleteHttpTests.Failure(HttpResponseMessage r, Int32 status, String error) in /tmp/cerberus-uc22-worktree/tests/Presentation/ArturRios.Cerberus.WebApi.Tests/RecordPermanentDeleteHttpTests.cs:line 191
   at ArturRios.Cerberus.WebApi.Tests.RecordPermanentDeleteHttpTests.GivenStrictOrForgedDeleteBody_WhenPermanentlyDeleting_Then400WithoutAnyOperation(String kind) in /tmp/cerberus-uc22-worktree/tests/Presentation/ArturRios.Cerberus.WebApi.Tests/RecordPermanentDeleteHttpTests.cs:line 107
--- End of stack trace from previous location ---
  Failed ArturRios.Cerberus.WebApi.Tests.RecordPermanentDeleteHttpTests.GivenStrictOrForgedDeleteBody_WhenPermanentlyDeleting_Then400WithoutAnyOperation(kind: "duplicate") [54 ms]
  Error Message:
   Assert.Equal() Failure: Values differ
Expected: BadRequest
Actual:   NotFound
  Stack Trace:
     at ArturRios.Cerberus.WebApi.Tests.RecordPermanentDeleteHttpTests.Failure(HttpResponseMessage r, Int32 status, String error) in /tmp/cerberus-uc22-worktree/tests/Presentation/ArturRios.Cerberus.WebApi.Tests/RecordPermanentDeleteHttpTests.cs:line 191
   at ArturRios.Cerberus.WebApi.Tests.RecordPermanentDeleteHttpTests.GivenStrictOrForgedDeleteBody_WhenPermanentlyDeleting_Then400WithoutAnyOperation(String kind) in /tmp/cerberus-uc22-worktree/tests/Presentation/ArturRios.Cerberus.WebApi.Tests/RecordPermanentDeleteHttpTests.cs:line 107
--- End of stack trace from previous location ---
  Failed ArturRios.Cerberus.WebApi.Tests.RecordPermanentDeleteHttpTests.GivenStrictOrForgedDeleteBody_WhenPermanentlyDeleting_Then400WithoutAnyOperation(kind: "negative") [137 ms]
  Error Message:
   Assert.Equal() Failure: Values differ
Expected: BadRequest
Actual:   NotFound
  Stack Trace:
     at ArturRios.Cerberus.WebApi.Tests.RecordPermanentDeleteHttpTests.Failure(HttpResponseMessage r, Int32 status, String error) in /tmp/cerberus-uc22-worktree/tests/Presentation/ArturRios.Cerberus.WebApi.Tests/RecordPermanentDeleteHttpTests.cs:line 191
   at ArturRios.Cerberus.WebApi.Tests.RecordPermanentDeleteHttpTests.GivenStrictOrForgedDeleteBody_WhenPermanentlyDeleting_Then400WithoutAnyOperation(String kind) in /tmp/cerberus-uc22-worktree/tests/Presentation/ArturRios.Cerberus.WebApi.Tests/RecordPermanentDeleteHttpTests.cs:line 107
--- End of stack trace from previous location ---
{"Timestamp":"2026-10-09T04:48:29.8589815+00:00","Level":"Information","MessageTemplate":"Request completed. Code={Code}; Status={Status}","TraceId":"f611be1fddd59a95d9f06f8673285401","SpanId":"6f372a27d0ce5c02","Properties":{"Code":"request_completed","Status":201,"SourceContext":"ArturRios.Cerberus.WebApi.Middleware.SafeFailureMiddleware","RequestId":"0HNP5O27J1MEO","RequestPath":"/api/records","CorrelationId":"aa1bbcd38e1b479bbcce616a7feab5ea"}}
{"Timestamp":"2026-10-09T04:48:29.8735065+00:00","Level":"Information","MessageTemplate":"Request completed. Code={Code}; Status={Status}","TraceId":"469a1e3b171b095af147ca2ff24009c5","SpanId":"f49f9f1004f38132","Properties":{"Code":"request_completed","Status":404,"SourceContext":"ArturRios.Cerberus.WebApi.Middleware.SafeFailureMiddleware","RequestId":"0HNP5O27J1MEP","RequestPath":"/api/records/345b4693-1758-4d3d-a9b8-50f48bd2ae7b/permanent","CorrelationId":"44e4c81bec09403eb8a2ec54430c130f"}}
[xUnit.net 00:00:11.04]     ArturRios.Cerberus.WebApi.Tests.RecordPermanentDeleteHttpTests.GivenStrictOrForgedDeleteBody_WhenPermanentlyDeleting_Then400WithoutAnyOperation(kind: "missing") [FAIL]
[xUnit.net 00:00:11.04]       Assert.Equal() Failure: Values differ
[xUnit.net 00:00:11.04]       Expected: BadRequest
[xUnit.net 00:00:11.04]       Actual:   NotFound
[xUnit.net 00:00:11.04]       Stack Trace:
[xUnit.net 00:00:11.04]         /tmp/cerberus-uc22-worktree/tests/Presentation/ArturRios.Cerberus.WebApi.Tests/RecordPermanentDeleteHttpTests.cs(191,0): at ArturRios.Cerberus.WebApi.Tests.RecordPermanentDeleteHttpTests.Failure(HttpResponseMessage r, Int32 status, String error)
[xUnit.net 00:00:11.04]         /tmp/cerberus-uc22-worktree/tests/Presentation/ArturRios.Cerberus.WebApi.Tests/RecordPermanentDeleteHttpTests.cs(107,0): at ArturRios.Cerberus.WebApi.Tests.RecordPermanentDeleteHttpTests.GivenStrictOrForgedDeleteBody_WhenPermanentlyDeleting_Then400WithoutAnyOperation(String kind)
[xUnit.net 00:00:11.04]         --- End of stack trace from previous location ---
{"Timestamp":"2026-10-09T04:48:29.9403854+00:00","Level":"Information","MessageTemplate":"Request completed. Code={Code}; Status={Status}","TraceId":"b0a31684cd6b1018ac8c2a84fa2c319c","SpanId":"6a87d11196939f3c","Properties":{"Code":"request_completed","Status":201,"SourceContext":"ArturRios.Cerberus.WebApi.Middleware.SafeFailureMiddleware","RequestId":"0HNP5O27J1MEQ","RequestPath":"/api/records","CorrelationId":"fe9eeef352c74f7487aaee0a4d20a098"}}
{"Timestamp":"2026-10-09T04:48:29.9596822+00:00","Level":"Information","MessageTemplate":"Request completed. Code={Code}; Status={Status}","TraceId":"049e433068f2b5098758acc1303b2edb","SpanId":"f8a483484658436d","Properties":{"Code":"request_completed","Status":404,"SourceContext":"ArturRios.Cerberus.WebApi.Middleware.SafeFailureMiddleware","RequestId":"0HNP5O27J1MER","RequestPath":"/api/records/a49f74af-f184-4f44-9f67-28c2a83c9b49/permanent","CorrelationId":"2c6e52bc806f4e2e82196944ae9cb34b"}}
[xUnit.net 00:00:11.13]     ArturRios.Cerberus.WebApi.Tests.RecordPermanentDeleteHttpTests.GivenStrictOrForgedDeleteBody_WhenPermanentlyDeleting_Then400WithoutAnyOperation(kind: "fields") [FAIL]
[xUnit.net 00:00:11.13]       Assert.Equal() Failure: Values differ
[xUnit.net 00:00:11.13]       Expected: BadRequest
[xUnit.net 00:00:11.13]       Actual:   NotFound
[xUnit.net 00:00:11.13]       Stack Trace:
[xUnit.net 00:00:11.13]         /tmp/cerberus-uc22-worktree/tests/Presentation/ArturRios.Cerberus.WebApi.Tests/RecordPermanentDeleteHttpTests.cs(191,0): at ArturRios.Cerberus.WebApi.Tests.RecordPermanentDeleteHttpTests.Failure(HttpResponseMessage r, Int32 status, String error)
[xUnit.net 00:00:11.13]         /tmp/cerberus-uc22-worktree/tests/Presentation/ArturRios.Cerberus.WebApi.Tests/RecordPermanentDeleteHttpTests.cs(107,0): at ArturRios.Cerberus.WebApi.Tests.RecordPermanentDeleteHttpTests.GivenStrictOrForgedDeleteBody_WhenPermanentlyDeleting_Then400WithoutAnyOperation(String kind)
[xUnit.net 00:00:11.13]         --- End of stack trace from previous location ---
{"Timestamp":"2026-10-09T04:48:30.0441837+00:00","Level":"Information","MessageTemplate":"Request completed. Code={Code}; Status={Status}","TraceId":"e6dcc07d3eb254c49e04decf8d81cb26","SpanId":"6644c55c4b305787","Properties":{"Code":"request_completed","Status":201,"SourceContext":"ArturRios.Cerberus.WebApi.Middleware.SafeFailureMiddleware","RequestId":"0HNP5O27J1MES","RequestPath":"/api/records","CorrelationId":"df32a46112844104afaea74d10bf3b80"}}
{"Timestamp":"2026-10-09T04:48:30.0900985+00:00","Level":"Information","MessageTemplate":"Request completed. Code={Code}; Status={Status}","TraceId":"6a38223b063cec69b5c71fd40662ae7e","SpanId":"77ce012594dbcd51","Properties":{"Code":"request_completed","Status":404,"SourceContext":"ArturRios.Cerberus.WebApi.Middleware.SafeFailureMiddleware","RequestId":"0HNP5O27J1MET","RequestPath":"/api/records/03944e77-61a8-4b22-877f-dbc3cfb4cdaf/permanent","CorrelationId":"9579bcaad7434a7a8c7cd5d96bf6a02a"}}
[xUnit.net 00:00:11.27]     ArturRios.Cerberus.WebApi.Tests.RecordPermanentDeleteHttpTests.GivenStrictOrForgedDeleteBody_WhenPermanentlyDeleting_Then400WithoutAnyOperation(kind: "unsafe") [FAIL]
[xUnit.net 00:00:11.27]       Assert.Equal() Failure: Values differ
[xUnit.net 00:00:11.27]       Expected: BadRequest
[xUnit.net 00:00:11.27]       Actual:   NotFound
[xUnit.net 00:00:11.27]       Stack Trace:
[xUnit.net 00:00:11.27]         /tmp/cerberus-uc22-worktree/tests/Presentation/ArturRios.Cerberus.WebApi.Tests/RecordPermanentDeleteHttpTests.cs(191,0): at ArturRios.Cerberus.WebApi.Tests.RecordPermanentDeleteHttpTests.Failure(HttpResponseMessage r, Int32 status, String error)
[xUnit.net 00:00:11.27]         /tmp/cerberus-uc22-worktree/tests/Presentation/ArturRios.Cerberus.WebApi.Tests/RecordPermanentDeleteHttpTests.cs(107,0): at ArturRios.Cerberus.WebApi.Tests.RecordPermanentDeleteHttpTests.GivenStrictOrForgedDeleteBody_WhenPermanentlyDeleting_Then400WithoutAnyOperation(String kind)
[xUnit.net 00:00:11.27]         --- End of stack trace from previous location ---
{"Timestamp":"2026-10-09T04:48:30.2064189+00:00","Level":"Information","MessageTemplate":"Request completed. Code={Code}; Status={Status}","TraceId":"1e792ae74876912f5c7975317d7fc74e","SpanId":"ac4e14890e89475c","Properties":{"Code":"request_completed","Status":201,"SourceContext":"ArturRios.Cerberus.WebApi.Middleware.SafeFailureMiddleware","RequestId":"0HNP5O27J1MEU","RequestPath":"/api/records","CorrelationId":"ba5fc340896a4604a00df21c3ae84860"}}
{"Timestamp":"2026-10-09T04:48:30.2319705+00:00","Level":"Information","MessageTemplate":"Request completed. Code={Code}; Status={Status}","TraceId":"fc19faac0adb44e5590ce957d9e7848f","SpanId":"5661e942de97cef2","Properties":{"Code":"request_completed","Status":404,"SourceContext":"ArturRios.Cerberus.WebApi.Middleware.SafeFailureMiddleware","RequestId":"0HNP5O27J1MEV","RequestPath":"/api/records/d716e4ea-7749-4bfb-a17e-9f1cf6549073/permanent","CorrelationId":"16d35f61698a45c08679c61b4a43d0ec"}}
[xUnit.net 00:00:11.41]     ArturRios.Cerberus.WebApi.Tests.RecordPermanentDeleteHttpTests.GivenStrictOrForgedDeleteBody_WhenPermanentlyDeleting_Then400WithoutAnyOperation(kind: "ownerId") [FAIL]
[xUnit.net 00:00:11.41]       Assert.Equal() Failure: Values differ
[xUnit.net 00:00:11.41]       Expected: BadRequest
[xUnit.net 00:00:11.41]       Actual:   NotFound
[xUnit.net 00:00:11.41]       Stack Trace:
[xUnit.net 00:00:11.41]         /tmp/cerberus-uc22-worktree/tests/Presentation/ArturRios.Cerberus.WebApi.Tests/RecordPermanentDeleteHttpTests.cs(191,0): at ArturRios.Cerberus.WebApi.Tests.RecordPermanentDeleteHttpTests.Failure(HttpResponseMessage r, Int32 status, String error)
[xUnit.net 00:00:11.41]         /tmp/cerberus-uc22-worktree/tests/Presentation/ArturRios.Cerberus.WebApi.Tests/RecordPermanentDeleteHttpTests.cs(107,0): at ArturRios.Cerberus.WebApi.Tests.RecordPermanentDeleteHttpTests.GivenStrictOrForgedDeleteBody_WhenPermanentlyDeleting_Then400WithoutAnyOperation(String kind)
[xUnit.net 00:00:11.41]         --- End of stack trace from previous location ---
{"Timestamp":"2026-10-09T04:48:30.2954347+00:00","Level":"Information","MessageTemplate":"Request completed. Code={Code}; Status={Status}","TraceId":"fd67e3d8401c91a378d6d64c5bdbd467","SpanId":"976840658e43bd9d","Properties":{"Code":"request_completed","Status":201,"SourceContext":"ArturRios.Cerberus.WebApi.Middleware.SafeFailureMiddleware","RequestId":"0HNP5O27J1MF0","RequestPath":"/api/records","CorrelationId":"a66aeff0882046e8b68acf3ec3f1be93"}}
{"Timestamp":"2026-10-09T04:48:30.3097182+00:00","Level":"Information","MessageTemplate":"Request completed. Code={Code}; Status={Status}","TraceId":"c452de4c872c8d4eca2bc72d754bf2f1","SpanId":"2c18c155915a5f1e","Properties":{"Code":"request_completed","Status":404,"SourceContext":"ArturRios.Cerberus.WebApi.Middleware.SafeFailureMiddleware","RequestId":"0HNP5O27J1MF1","RequestPath":"/api/records/ee408544-94b1-4437-855e-f47426e57b2b/permanent","CorrelationId":"b8e5570a80ba4469991a6ce46438d98c"}}
[xUnit.net 00:00:11.48]     ArturRios.Cerberus.WebApi.Tests.RecordPermanentDeleteHttpTests.GivenStrictOrForgedDeleteBody_WhenPermanentlyDeleting_Then400WithoutAnyOperation(kind: "fraction") [FAIL]
[xUnit.net 00:00:11.48]       Assert.Equal() Failure: Values differ
[xUnit.net 00:00:11.48]       Expected: BadRequest
[xUnit.net 00:00:11.48]       Actual:   NotFound
[xUnit.net 00:00:11.48]       Stack Trace:
[xUnit.net 00:00:11.48]         /tmp/cerberus-uc22-worktree/tests/Presentation/ArturRios.Cerberus.WebApi.Tests/RecordPermanentDeleteHttpTests.cs(191,0): at ArturRios.Cerberus.WebApi.Tests.RecordPermanentDeleteHttpTests.Failure(HttpResponseMessage r, Int32 status, String error)
[xUnit.net 00:00:11.48]         /tmp/cerberus-uc22-worktree/tests/Presentation/ArturRios.Cerberus.WebApi.Tests/RecordPermanentDeleteHttpTests.cs(107,0): at ArturRios.Cerberus.WebApi.Tests.RecordPermanentDeleteHttpTests.GivenStrictOrForgedDeleteBody_WhenPermanentlyDeleting_Then400WithoutAnyOperation(String kind)
[xUnit.net 00:00:11.48]         --- End of stack trace from previous location ---
{"Timestamp":"2026-10-09T04:48:30.3637004+00:00","Level":"Information","MessageTemplate":"Request completed. Code={Code}; Status={Status}","TraceId":"0cfdf719fa317c778954ad9d404697c4","SpanId":"c36a71dbbd4d33a7","Properties":{"Code":"request_completed","Status":201,"SourceContext":"ArturRios.Cerberus.WebApi.Middleware.SafeFailureMiddleware","RequestId":"0HNP5O27J1MF2","RequestPath":"/api/records","CorrelationId":"e5bb4b35ce9f4d6cbe473f13a1e8cdd7"}}
{"Timestamp":"2026-10-09T04:48:30.3781110+00:00","Level":"Information","MessageTemplate":"Request completed. Code={Code}; Status={Status}","TraceId":"40d899ecc838bf7fc850e04c3f9852e2","SpanId":"3b862033ed69e63c","Properties":{"Code":"request_completed","Status":404,"SourceContext":"ArturRios.Cerberus.WebApi.Middleware.SafeFailureMiddleware","RequestId":"0HNP5O27J1MF3","RequestPath":"/api/records/d1276bb4-5564-4977-b650-a6411497e7c9/permanent","CorrelationId":"0cfcb791c09b494f80b0d115ec3ae576"}}
[xUnit.net 00:00:11.54]     ArturRios.Cerberus.WebApi.Tests.RecordPermanentDeleteHttpTests.GivenStrictOrForgedDeleteBody_WhenPermanentlyDeleting_Then400WithoutAnyOperation(kind: "name") [FAIL]
[xUnit.net 00:00:11.54]       Assert.Equal() Failure: Values differ
[xUnit.net 00:00:11.54]       Expected: BadRequest
[xUnit.net 00:00:11.54]       Actual:   NotFound
[xUnit.net 00:00:11.54]       Stack Trace:
[xUnit.net 00:00:11.54]         /tmp/cerberus-uc22-worktree/tests/Presentation/ArturRios.Cerberus.WebApi.Tests/RecordPermanentDeleteHttpTests.cs(191,0): at ArturRios.Cerberus.WebApi.Tests.RecordPermanentDeleteHttpTests.Failure(HttpResponseMessage r, Int32 status, String error)
[xUnit.net 00:00:11.54]         /tmp/cerberus-uc22-worktree/tests/Presentation/ArturRios.Cerberus.WebApi.Tests/RecordPermanentDeleteHttpTests.cs(107,0): at ArturRios.Cerberus.WebApi.Tests.RecordPermanentDeleteHttpTests.GivenStrictOrForgedDeleteBody_WhenPermanentlyDeleting_Then400WithoutAnyOperation(String kind)
[xUnit.net 00:00:11.54]         --- End of stack trace from previous location ---
{"Timestamp":"2026-10-09T04:48:30.4455814+00:00","Level":"Information","MessageTemplate":"Request completed. Code={Code}; Status={Status}","TraceId":"f9b90fd15b3d6204f4be0df69c0868a9","SpanId":"c86d58b61c5fc2ad","Properties":{"Code":"request_completed","Status":201,"SourceContext":"ArturRios.Cerberus.WebApi.Middleware.SafeFailureMiddleware","RequestId":"0HNP5O27J1MF4","RequestPath":"/api/records","CorrelationId":"149cf77b125843899662bea6a487af62"}}
{"Timestamp":"2026-10-09T04:48:30.4802570+00:00","Level":"Information","MessageTemplate":"Request completed. Code={Code}; Status={Status}","TraceId":"c08dc2e91d91bfcfcbb806bd3598863b","SpanId":"7b407afa145352dc","Properties":{"Code":"request_completed","Status":404,"SourceContext":"ArturRios.Cerberus.WebApi.Middleware.SafeFailureMiddleware","RequestId":"0HNP5O27J1MF5","RequestPath":"/api/records/559bb433-5a41-4f83-a5db-b2bb56bcd9a7/permanent","CorrelationId":"21be66913ae946818df3f3599c3700ea"}}
[xUnit.net 00:00:11.65]     ArturRios.Cerberus.WebApi.Tests.RecordPermanentDeleteHttpTests.GivenStrictOrForgedDeleteBody_WhenPermanentlyDeleting_Then400WithoutAnyOperation(kind: "folderId") [FAIL]
[xUnit.net 00:00:11.65]       Assert.Equal() Failure: Values differ
[xUnit.net 00:00:11.65]       Expected: BadRequest
[xUnit.net 00:00:11.65]       Actual:   NotFound
[xUnit.net 00:00:11.65]       Stack Trace:
[xUnit.net 00:00:11.65]         /tmp/cerberus-uc22-worktree/tests/Presentation/ArturRios.Cerberus.WebApi.Tests/RecordPermanentDeleteHttpTests.cs(191,0): at ArturRios.Cerberus.WebApi.Tests.RecordPermanentDeleteHttpTests.Failure(HttpResponseMessage r, Int32 status, String error)
[xUnit.net 00:00:11.65]         /tmp/cerberus-uc22-worktree/tests/Presentation/ArturRios.Cerberus.WebApi.Tests/RecordPermanentDeleteHttpTests.cs(107,0): at ArturRios.Cerberus.WebApi.Tests.RecordPermanentDeleteHttpTests.GivenStrictOrForgedDeleteBody_WhenPermanentlyDeleting_Then400WithoutAnyOperation(String kind)
[xUnit.net 00:00:11.65]         --- End of stack trace from previous location ---
{"Timestamp":"2026-10-09T04:48:30.5356934+00:00","Level":"Information","MessageTemplate":"Request completed. Code={Code}; Status={Status}","TraceId":"211d921b40581bd9827988009d134299","SpanId":"a8730276ca97811b","Properties":{"Code":"request_completed","Status":201,"SourceContext":"ArturRios.Cerberus.WebApi.Middleware.SafeFailureMiddleware","RequestId":"0HNP5O27J1MF6","RequestPath":"/api/records","CorrelationId":"f92c67e3c3814db0bab8f4030dd819fd"}}
{"Timestamp":"2026-10-09T04:48:30.5530842+00:00","Level":"Information","MessageTemplate":"Request completed. Code={Code}; Status={Status}","TraceId":"6c82c8a6682ccb87c6dfb35b8e76d554","SpanId":"5ccd457b08da0a83","Properties":{"Code":"request_completed","Status":404,"SourceContext":"ArturRios.Cerberus.WebApi.Middleware.SafeFailureMiddleware","RequestId":"0HNP5O27J1MF7","RequestPath":"/api/records/e8d0e0f2-983b-4d6e-955a-0ac6fd778507/permanent","CorrelationId":"c0f4473fcf714b80b6572a2da70f738d"}}
[xUnit.net 00:00:11.72]     ArturRios.Cerberus.WebApi.Tests.RecordPermanentDeleteHttpTests.GivenStrictOrForgedDeleteBody_WhenPermanentlyDeleting_Then400WithoutAnyOperation(kind: "unknown") [FAIL]
[xUnit.net 00:00:11.72]       Assert.Equal() Failure: Values differ
[xUnit.net 00:00:11.72]       Expected: BadRequest
[xUnit.net 00:00:11.72]       Actual:   NotFound
[xUnit.net 00:00:11.72]       Stack Trace:
[xUnit.net 00:00:11.72]         /tmp/cerberus-uc22-worktree/tests/Presentation/ArturRios.Cerberus.WebApi.Tests/RecordPermanentDeleteHttpTests.cs(191,0): at ArturRios.Cerberus.WebApi.Tests.RecordPermanentDeleteHttpTests.Failure(HttpResponseMessage r, Int32 status, String error)
[xUnit.net 00:00:11.72]         /tmp/cerberus-uc22-worktree/tests/Presentation/ArturRios.Cerberus.WebApi.Tests/RecordPermanentDeleteHttpTests.cs(107,0): at ArturRios.Cerberus.WebApi.Tests.RecordPermanentDeleteHttpTests.GivenStrictOrForgedDeleteBody_WhenPermanentlyDeleting_Then400WithoutAnyOperation(String kind)
[xUnit.net 00:00:11.72]         --- End of stack trace from previous location ---
{"Timestamp":"2026-10-09T04:48:30.6080819+00:00","Level":"Information","MessageTemplate":"Request completed. Code={Code}; Status={Status}","TraceId":"8d37dcb56e871acd2783a0f036895019","SpanId":"becc9ef5cd78864a","Properties":{"Code":"request_completed","Status":201,"SourceContext":"ArturRios.Cerberus.WebApi.Middleware.SafeFailureMiddleware","RequestId":"0HNP5O27J1MF8","RequestPath":"/api/records","CorrelationId":"8f58b60933c04fafb972a2c463742e46"}}
{"Timestamp":"2026-10-09T04:48:30.6276056+00:00","Level":"Information","MessageTemplate":"Request completed. Code={Code}; Status={Status}","TraceId":"251eba72b352e7241fa657eaf0e23ebb","SpanId":"92101ec71975b1a6","Properties":{"Code":"request_completed","Status":404,"SourceContext":"ArturRios.Cerberus.WebApi.Middleware.SafeFailureMiddleware","RequestId":"0HNP5O27J1MF9","RequestPath":"/api/records/e0eb8716-3ff1-4206-859a-63d737aaa39e/permanent","CorrelationId":"c8d28379714c42f6a7c66a79d11e1f36"}}
[xUnit.net 00:00:11.79]     ArturRios.Cerberus.WebApi.Tests.RecordPermanentDeleteHttpTests.GivenStrictOrForgedDeleteBody_WhenPermanentlyDeleting_Then400WithoutAnyOperation(kind: "profileIds") [FAIL]
[xUnit.net 00:00:11.79]       Assert.Equal() Failure: Values differ
[xUnit.net 00:00:11.79]       Expected: BadRequest
[xUnit.net 00:00:11.79]       Actual:   NotFound
[xUnit.net 00:00:11.79]       Stack Trace:
[xUnit.net 00:00:11.79]         /tmp/cerberus-uc22-worktree/tests/Presentation/ArturRios.Cerberus.WebApi.Tests/RecordPermanentDeleteHttpTests.cs(191,0): at ArturRios.Cerberus.WebApi.Tests.RecordPermanentDeleteHttpTests.Failure(HttpResponseMessage r, Int32 status, String error)
[xUnit.net 00:00:11.79]         /tmp/cerberus-uc22-worktree/tests/Presentation/ArturRios.Cerberus.WebApi.Tests/RecordPermanentDeleteHttpTests.cs(107,0): at ArturRios.Cerberus.WebApi.Tests.RecordPermanentDeleteHttpTests.GivenStrictOrForgedDeleteBody_WhenPermanentlyDeleting_Then400WithoutAnyOperation(String kind)
[xUnit.net 00:00:11.79]         --- End of stack trace from previous location ---
  Failed ArturRios.Cerberus.WebApi.Tests.RecordPermanentDeleteHttpTests.GivenStrictOrForgedDeleteBody_WhenPermanentlyDeleting_Then400WithoutAnyOperation(kind: "missing") [80 ms]
  Error Message:
   Assert.Equal() Failure: Values differ
Expected: BadRequest
Actual:   NotFound
  Stack Trace:
     at ArturRios.Cerberus.WebApi.Tests.RecordPermanentDeleteHttpTests.Failure(HttpResponseMessage r, Int32 status, String error) in /tmp/cerberus-uc22-worktree/tests/Presentation/ArturRios.Cerberus.WebApi.Tests/RecordPermanentDeleteHttpTests.cs:line 191
   at ArturRios.Cerberus.WebApi.Tests.RecordPermanentDeleteHttpTests.GivenStrictOrForgedDeleteBody_WhenPermanentlyDeleting_Then400WithoutAnyOperation(String kind) in /tmp/cerberus-uc22-worktree/tests/Presentation/ArturRios.Cerberus.WebApi.Tests/RecordPermanentDeleteHttpTests.cs:line 107
--- End of stack trace from previous location ---
  Failed ArturRios.Cerberus.WebApi.Tests.RecordPermanentDeleteHttpTests.GivenStrictOrForgedDeleteBody_WhenPermanentlyDeleting_Then400WithoutAnyOperation(kind: "fields") [87 ms]
  Error Message:
   Assert.Equal() Failure: Values differ
Expected: BadRequest
Actual:   NotFound
  Stack Trace:
     at ArturRios.Cerberus.WebApi.Tests.RecordPermanentDeleteHttpTests.Failure(HttpResponseMessage r, Int32 status, String error) in /tmp/cerberus-uc22-worktree/tests/Presentation/ArturRios.Cerberus.WebApi.Tests/RecordPermanentDeleteHttpTests.cs:line 191
   at ArturRios.Cerberus.WebApi.Tests.RecordPermanentDeleteHttpTests.GivenStrictOrForgedDeleteBody_WhenPermanentlyDeleting_Then400WithoutAnyOperation(String kind) in /tmp/cerberus-uc22-worktree/tests/Presentation/ArturRios.Cerberus.WebApi.Tests/RecordPermanentDeleteHttpTests.cs:line 107
--- End of stack trace from previous location ---
  Failed ArturRios.Cerberus.WebApi.Tests.RecordPermanentDeleteHttpTests.GivenStrictOrForgedDeleteBody_WhenPermanentlyDeleting_Then400WithoutAnyOperation(kind: "unsafe") [132 ms]
  Error Message:
   Assert.Equal() Failure: Values differ
Expected: BadRequest
Actual:   NotFound
  Stack Trace:
     at ArturRios.Cerberus.WebApi.Tests.RecordPermanentDeleteHttpTests.Failure(HttpResponseMessage r, Int32 status, String error) in /tmp/cerberus-uc22-worktree/tests/Presentation/ArturRios.Cerberus.WebApi.Tests/RecordPermanentDeleteHttpTests.cs:line 191
   at ArturRios.Cerberus.WebApi.Tests.RecordPermanentDeleteHttpTests.GivenStrictOrForgedDeleteBody_WhenPermanentlyDeleting_Then400WithoutAnyOperation(String kind) in /tmp/cerberus-uc22-worktree/tests/Presentation/ArturRios.Cerberus.WebApi.Tests/RecordPermanentDeleteHttpTests.cs:line 107
--- End of stack trace from previous location ---
  Failed ArturRios.Cerberus.WebApi.Tests.RecordPermanentDeleteHttpTests.GivenStrictOrForgedDeleteBody_WhenPermanentlyDeleting_Then400WithoutAnyOperation(kind: "ownerId") [144 ms]
  Error Message:
   Assert.Equal() Failure: Values differ
Expected: BadRequest
Actual:   NotFound
  Stack Trace:
     at ArturRios.Cerberus.WebApi.Tests.RecordPermanentDeleteHttpTests.Failure(HttpResponseMessage r, Int32 status, String error) in /tmp/cerberus-uc22-worktree/tests/Presentation/ArturRios.Cerberus.WebApi.Tests/RecordPermanentDeleteHttpTests.cs:line 191
   at ArturRios.Cerberus.WebApi.Tests.RecordPermanentDeleteHttpTests.GivenStrictOrForgedDeleteBody_WhenPermanentlyDeleting_Then400WithoutAnyOperation(String kind) in /tmp/cerberus-uc22-worktree/tests/Presentation/ArturRios.Cerberus.WebApi.Tests/RecordPermanentDeleteHttpTests.cs:line 107
--- End of stack trace from previous location ---
  Failed ArturRios.Cerberus.WebApi.Tests.RecordPermanentDeleteHttpTests.GivenStrictOrForgedDeleteBody_WhenPermanentlyDeleting_Then400WithoutAnyOperation(kind: "fraction") [62 ms]
  Error Message:
   Assert.Equal() Failure: Values differ
Expected: BadRequest
Actual:   NotFound
  Stack Trace:
     at ArturRios.Cerberus.WebApi.Tests.RecordPermanentDeleteHttpTests.Failure(HttpResponseMessage r, Int32 status, String error) in /tmp/cerberus-uc22-worktree/tests/Presentation/ArturRios.Cerberus.WebApi.Tests/RecordPermanentDeleteHttpTests.cs:line 191
   at ArturRios.Cerberus.WebApi.Tests.RecordPermanentDeleteHttpTests.GivenStrictOrForgedDeleteBody_WhenPermanentlyDeleting_Then400WithoutAnyOperation(String kind) in /tmp/cerberus-uc22-worktree/tests/Presentation/ArturRios.Cerberus.WebApi.Tests/RecordPermanentDeleteHttpTests.cs:line 107
--- End of stack trace from previous location ---
  Failed ArturRios.Cerberus.WebApi.Tests.RecordPermanentDeleteHttpTests.GivenStrictOrForgedDeleteBody_WhenPermanentlyDeleting_Then400WithoutAnyOperation(kind: "name") [66 ms]
  Error Message:
   Assert.Equal() Failure: Values differ
Expected: BadRequest
Actual:   NotFound
  Stack Trace:
     at ArturRios.Cerberus.WebApi.Tests.RecordPermanentDeleteHttpTests.Failure(HttpResponseMessage r, Int32 status, String error) in /tmp/cerberus-uc22-worktree/tests/Presentation/ArturRios.Cerberus.WebApi.Tests/RecordPermanentDeleteHttpTests.cs:line 191
   at ArturRios.Cerberus.WebApi.Tests.RecordPermanentDeleteHttpTests.GivenStrictOrForgedDeleteBody_WhenPermanentlyDeleting_Then400WithoutAnyOperation(String kind) in /tmp/cerberus-uc22-worktree/tests/Presentation/ArturRios.Cerberus.WebApi.Tests/RecordPermanentDeleteHttpTests.cs:line 107
--- End of stack trace from previous location ---
  Failed ArturRios.Cerberus.WebApi.Tests.RecordPermanentDeleteHttpTests.GivenStrictOrForgedDeleteBody_WhenPermanentlyDeleting_Then400WithoutAnyOperation(kind: "folderId") [102 ms]
  Error Message:
   Assert.Equal() Failure: Values differ
Expected: BadRequest
Actual:   NotFound
  Stack Trace:
     at ArturRios.Cerberus.WebApi.Tests.RecordPermanentDeleteHttpTests.Failure(HttpResponseMessage r, Int32 status, String error) in /tmp/cerberus-uc22-worktree/tests/Presentation/ArturRios.Cerberus.WebApi.Tests/RecordPermanentDeleteHttpTests.cs:line 191
   at ArturRios.Cerberus.WebApi.Tests.RecordPermanentDeleteHttpTests.GivenStrictOrForgedDeleteBody_WhenPermanentlyDeleting_Then400WithoutAnyOperation(String kind) in /tmp/cerberus-uc22-worktree/tests/Presentation/ArturRios.Cerberus.WebApi.Tests/RecordPermanentDeleteHttpTests.cs:line 107
--- End of stack trace from previous location ---
  Failed ArturRios.Cerberus.WebApi.Tests.RecordPermanentDeleteHttpTests.GivenStrictOrForgedDeleteBody_WhenPermanentlyDeleting_Then400WithoutAnyOperation(kind: "unknown") [70 ms]
  Error Message:
   Assert.Equal() Failure: Values differ
Expected: BadRequest
Actual:   NotFound
  Stack Trace:
     at ArturRios.Cerberus.WebApi.Tests.RecordPermanentDeleteHttpTests.Failure(HttpResponseMessage r, Int32 status, String error) in /tmp/cerberus-uc22-worktree/tests/Presentation/ArturRios.Cerberus.WebApi.Tests/RecordPermanentDeleteHttpTests.cs:line 191
   at ArturRios.Cerberus.WebApi.Tests.RecordPermanentDeleteHttpTests.GivenStrictOrForgedDeleteBody_WhenPermanentlyDeleting_Then400WithoutAnyOperation(String kind) in /tmp/cerberus-uc22-worktree/tests/Presentation/ArturRios.Cerberus.WebApi.Tests/RecordPermanentDeleteHttpTests.cs:line 107
--- End of stack trace from previous location ---
  Failed ArturRios.Cerberus.WebApi.Tests.RecordPermanentDeleteHttpTests.GivenStrictOrForgedDeleteBody_WhenPermanentlyDeleting_Then400WithoutAnyOperation(kind: "profileIds") [73 ms]
  Error Message:
   Assert.Equal() Failure: Values differ
Expected: BadRequest
Actual:   NotFound
  Stack Trace:
     at ArturRios.Cerberus.WebApi.Tests.RecordPermanentDeleteHttpTests.Failure(HttpResponseMessage r, Int32 status, String error) in /tmp/cerberus-uc22-worktree/tests/Presentation/ArturRios.Cerberus.WebApi.Tests/RecordPermanentDeleteHttpTests.cs:line 191
   at ArturRios.Cerberus.WebApi.Tests.RecordPermanentDeleteHttpTests.GivenStrictOrForgedDeleteBody_WhenPermanentlyDeleting_Then400WithoutAnyOperation(String kind) in /tmp/cerberus-uc22-worktree/tests/Presentation/ArturRios.Cerberus.WebApi.Tests/RecordPermanentDeleteHttpTests.cs:line 107
--- End of stack trace from previous location ---
{"Timestamp":"2026-10-09T04:48:30.6874601+00:00","Level":"Information","MessageTemplate":"Request completed. Code={Code}; Status={Status}","TraceId":"f0ea6d9b097becd685bd3f8886cb9f59","SpanId":"150fc95c0e1b4472","Properties":{"Code":"request_completed","Status":201,"SourceContext":"ArturRios.Cerberus.WebApi.Middleware.SafeFailureMiddleware","RequestId":"0HNP5O27J1MFA","RequestPath":"/api/records","CorrelationId":"afe25058d0e147999ebdfbc10ae11ca6"}}
{"Timestamp":"2026-10-09T04:48:30.7048963+00:00","Level":"Information","MessageTemplate":"Request completed. Code={Code}; Status={Status}","TraceId":"318a02436e37f8441d98d871f0a1b7be","SpanId":"27c7b888e2cea774","Properties":{"Code":"request_completed","Status":404,"SourceContext":"ArturRios.Cerberus.WebApi.Middleware.SafeFailureMiddleware","RequestId":"0HNP5O27J1MFB","RequestPath":"/api/records/8a68eca2-937d-471a-909f-a8683a087bea/permanent","CorrelationId":"244b5e513419428190cd100f50c61a05"}}
[xUnit.net 00:00:11.87]     ArturRios.Cerberus.WebApi.Tests.RecordPermanentDeleteHttpTests.GivenStrictOrForgedDeleteBody_WhenPermanentlyDeleting_Then400WithoutAnyOperation(kind: "envelope") [FAIL]
[xUnit.net 00:00:11.87]       Assert.Equal() Failure: Values differ
[xUnit.net 00:00:11.87]       Expected: BadRequest
[xUnit.net 00:00:11.87]       Actual:   NotFound
[xUnit.net 00:00:11.87]       Stack Trace:
[xUnit.net 00:00:11.87]         /tmp/cerberus-uc22-worktree/tests/Presentation/ArturRios.Cerberus.WebApi.Tests/RecordPermanentDeleteHttpTests.cs(191,0): at ArturRios.Cerberus.WebApi.Tests.RecordPermanentDeleteHttpTests.Failure(HttpResponseMessage r, Int32 status, String error)
[xUnit.net 00:00:11.87]         /tmp/cerberus-uc22-worktree/tests/Presentation/ArturRios.Cerberus.WebApi.Tests/RecordPermanentDeleteHttpTests.cs(107,0): at ArturRios.Cerberus.WebApi.Tests.RecordPermanentDeleteHttpTests.GivenStrictOrForgedDeleteBody_WhenPermanentlyDeleting_Then400WithoutAnyOperation(String kind)
[xUnit.net 00:00:11.87]         --- End of stack trace from previous location ---
{"Timestamp":"2026-10-09T04:48:30.7557325+00:00","Level":"Information","MessageTemplate":"Request completed. Code={Code}; Status={Status}","TraceId":"6b5601fe52e2d0b548c81543d22b3770","SpanId":"39a0404622a16049","Properties":{"Code":"request_completed","Status":201,"SourceContext":"ArturRios.Cerberus.WebApi.Middleware.SafeFailureMiddleware","RequestId":"0HNP5O27J1MFC","RequestPath":"/api/records","CorrelationId":"a04bf02e41124c3698ce56833ce50a2f"}}
{"Timestamp":"2026-10-09T04:48:30.7795637+00:00","Level":"Information","MessageTemplate":"Request completed. Code={Code}; Status={Status}","TraceId":"d0ba3e98ecd321059d72cfaa2dd97f59","SpanId":"17772ebb29511f3e","Properties":{"Code":"request_completed","Status":404,"SourceContext":"ArturRios.Cerberus.WebApi.Middleware.SafeFailureMiddleware","RequestId":"0HNP5O27J1MFD","RequestPath":"/api/records/84b38191-a56b-4796-a9f6-bbd68babc158/permanent","CorrelationId":"20015c1fbbed44c8829163ae25bff7aa"}}
[xUnit.net 00:00:11.95]     ArturRios.Cerberus.WebApi.Tests.RecordPermanentDeleteHttpTests.GivenStrictOrForgedDeleteBody_WhenPermanentlyDeleting_Then400WithoutAnyOperation(kind: "overflow") [FAIL]
[xUnit.net 00:00:11.95]       Assert.Equal() Failure: Values differ
[xUnit.net 00:00:11.95]       Expected: BadRequest
[xUnit.net 00:00:11.95]       Actual:   NotFound
[xUnit.net 00:00:11.95]       Stack Trace:
[xUnit.net 00:00:11.95]         /tmp/cerberus-uc22-worktree/tests/Presentation/ArturRios.Cerberus.WebApi.Tests/RecordPermanentDeleteHttpTests.cs(191,0): at ArturRios.Cerberus.WebApi.Tests.RecordPermanentDeleteHttpTests.Failure(HttpResponseMessage r, Int32 status, String error)
[xUnit.net 00:00:11.95]         /tmp/cerberus-uc22-worktree/tests/Presentation/ArturRios.Cerberus.WebApi.Tests/RecordPermanentDeleteHttpTests.cs(107,0): at ArturRios.Cerberus.WebApi.Tests.RecordPermanentDeleteHttpTests.GivenStrictOrForgedDeleteBody_WhenPermanentlyDeleting_Then400WithoutAnyOperation(String kind)
[xUnit.net 00:00:11.95]         --- End of stack trace from previous location ---
{"Timestamp":"2026-10-09T04:48:30.8318777+00:00","Level":"Information","MessageTemplate":"Request completed. Code={Code}; Status={Status}","TraceId":"006993bfbe8e1285653adb4b9ff04c90","SpanId":"adcdcabc9b5a3ec3","Properties":{"Code":"request_completed","Status":201,"SourceContext":"ArturRios.Cerberus.WebApi.Middleware.SafeFailureMiddleware","RequestId":"0HNP5O27J1MFE","RequestPath":"/api/records","CorrelationId":"35bbaa87c16b4258865d682255818a8a"}}
{"Timestamp":"2026-10-09T04:48:30.8570479+00:00","Level":"Information","MessageTemplate":"Request completed. Code={Code}; Status={Status}","TraceId":"dc724724a0511dfc3e415e84bfd248f3","SpanId":"fd6ce0c5c36d91cf","Properties":{"Code":"request_completed","Status":404,"SourceContext":"ArturRios.Cerberus.WebApi.Middleware.SafeFailureMiddleware","RequestId":"0HNP5O27J1MFF","RequestPath":"/api/records/4a92730b-b1ca-4960-9237-e89e683896bd/permanent","CorrelationId":"f197706963fe42ebbb6700578ea244fc"}}
[xUnit.net 00:00:12.04]     ArturRios.Cerberus.WebApi.Tests.RecordPermanentDeleteHttpTests.GivenStrictOrForgedDeleteBody_WhenPermanentlyDeleting_Then400WithoutAnyOperation(kind: "case") [FAIL]
[xUnit.net 00:00:12.04]       Assert.Equal() Failure: Values differ
[xUnit.net 00:00:12.04]       Expected: BadRequest
[xUnit.net 00:00:12.04]       Actual:   NotFound
[xUnit.net 00:00:12.04]       Stack Trace:
[xUnit.net 00:00:12.04]         /tmp/cerberus-uc22-worktree/tests/Presentation/ArturRios.Cerberus.WebApi.Tests/RecordPermanentDeleteHttpTests.cs(191,0): at ArturRios.Cerberus.WebApi.Tests.RecordPermanentDeleteHttpTests.Failure(HttpResponseMessage r, Int32 status, String error)
[xUnit.net 00:00:12.04]         /tmp/cerberus-uc22-worktree/tests/Presentation/ArturRios.Cerberus.WebApi.Tests/RecordPermanentDeleteHttpTests.cs(107,0): at ArturRios.Cerberus.WebApi.Tests.RecordPermanentDeleteHttpTests.GivenStrictOrForgedDeleteBody_WhenPermanentlyDeleting_Then400WithoutAnyOperation(String kind)
[xUnit.net 00:00:12.04]         --- End of stack trace from previous location ---
{"Timestamp":"2026-10-09T04:48:30.9256349+00:00","Level":"Information","MessageTemplate":"Request completed. Code={Code}; Status={Status}","TraceId":"23b75b38df334d3b1352f36ac3b12ca3","SpanId":"f271059075e362d2","Properties":{"Code":"request_completed","Status":201,"SourceContext":"ArturRios.Cerberus.WebApi.Middleware.SafeFailureMiddleware","RequestId":"0HNP5O27J1MFG","RequestPath":"/api/records","CorrelationId":"640078b95ce543b5a8a9d3e90c8f677e"}}
{"Timestamp":"2026-10-09T04:48:30.9418509+00:00","Level":"Information","MessageTemplate":"Request completed. Code={Code}; Status={Status}","TraceId":"c11117b1388e60836038e4bd4e8d33c2","SpanId":"a3f80ff87a8e7986","Properties":{"Code":"request_completed","Status":404,"SourceContext":"ArturRios.Cerberus.WebApi.Middleware.SafeFailureMiddleware","RequestId":"0HNP5O27J1MFH","RequestPath":"/api/records/9129048e-e1ef-4f04-9dba-01b0efd76641/permanent","CorrelationId":"7b0d63eadb5844b89b15bcd8d6f0d32b"}}
[xUnit.net 00:00:12.11]     ArturRios.Cerberus.WebApi.Tests.RecordPermanentDeleteHttpTests.GivenStrictOrForgedDeleteBody_WhenPermanentlyDeleting_Then400WithoutAnyOperation(kind: "recordId") [FAIL]
[xUnit.net 00:00:12.11]       Assert.Equal() Failure: Values differ
[xUnit.net 00:00:12.11]       Expected: BadRequest
[xUnit.net 00:00:12.11]       Actual:   NotFound
[xUnit.net 00:00:12.11]       Stack Trace:
[xUnit.net 00:00:12.11]         /tmp/cerberus-uc22-worktree/tests/Presentation/ArturRios.Cerberus.WebApi.Tests/RecordPermanentDeleteHttpTests.cs(191,0): at ArturRios.Cerberus.WebApi.Tests.RecordPermanentDeleteHttpTests.Failure(HttpResponseMessage r, Int32 status, String error)
[xUnit.net 00:00:12.11]         /tmp/cerberus-uc22-worktree/tests/Presentation/ArturRios.Cerberus.WebApi.Tests/RecordPermanentDeleteHttpTests.cs(107,0): at ArturRios.Cerberus.WebApi.Tests.RecordPermanentDeleteHttpTests.GivenStrictOrForgedDeleteBody_WhenPermanentlyDeleting_Then400WithoutAnyOperation(String kind)
[xUnit.net 00:00:12.11]         --- End of stack trace from previous location ---
{"Timestamp":"2026-10-09T04:48:30.9952016+00:00","Level":"Information","MessageTemplate":"Request completed. Code={Code}; Status={Status}","TraceId":"c8b11a78774f326c6d1c2b8ba634a096","SpanId":"1f174d9fdbaf9d12","Properties":{"Code":"request_completed","Status":201,"SourceContext":"ArturRios.Cerberus.WebApi.Middleware.SafeFailureMiddleware","RequestId":"0HNP5O27J1MFI","RequestPath":"/api/records","CorrelationId":"406e38bff56540f5b711ae0ce9837c3c"}}
{"Timestamp":"2026-10-09T04:48:31.0178084+00:00","Level":"Information","MessageTemplate":"Request completed. Code={Code}; Status={Status}","TraceId":"7ea1d984687d1480abf5bbf827e6f858","SpanId":"03411888566d6c6f","Properties":{"Code":"request_completed","Status":404,"SourceContext":"ArturRios.Cerberus.WebApi.Middleware.SafeFailureMiddleware","RequestId":"0HNP5O27J1MFJ","RequestPath":"/api/records/0e54b95c-8564-4c2d-9748-d5ed3b8d0d31/permanent","CorrelationId":"d858416ab0ee4e1f81c33289fea0e673"}}
[xUnit.net 00:00:12.18]     ArturRios.Cerberus.WebApi.Tests.RecordPermanentDeleteHttpTests.GivenStrictOrForgedDeleteBody_WhenPermanentlyDeleting_Then400WithoutAnyOperation(kind: "numericString") [FAIL]
[xUnit.net 00:00:12.18]       Assert.Equal() Failure: Values differ
[xUnit.net 00:00:12.18]       Expected: BadRequest
[xUnit.net 00:00:12.18]       Actual:   NotFound
[xUnit.net 00:00:12.18]       Stack Trace:
[xUnit.net 00:00:12.18]         /tmp/cerberus-uc22-worktree/tests/Presentation/ArturRios.Cerberus.WebApi.Tests/RecordPermanentDeleteHttpTests.cs(191,0): at ArturRios.Cerberus.WebApi.Tests.RecordPermanentDeleteHttpTests.Failure(HttpResponseMessage r, Int32 status, String error)
[xUnit.net 00:00:12.18]         /tmp/cerberus-uc22-worktree/tests/Presentation/ArturRios.Cerberus.WebApi.Tests/RecordPermanentDeleteHttpTests.cs(107,0): at ArturRios.Cerberus.WebApi.Tests.RecordPermanentDeleteHttpTests.GivenStrictOrForgedDeleteBody_WhenPermanentlyDeleting_Then400WithoutAnyOperation(String kind)
[xUnit.net 00:00:12.18]         --- End of stack trace from previous location ---
{"Timestamp":"2026-10-09T04:48:31.0670021+00:00","Level":"Information","MessageTemplate":"Request completed. Code={Code}; Status={Status}","TraceId":"51981de0aeb5a36b2694462c9eefd513","SpanId":"d06615fd21b57a97","Properties":{"Code":"request_completed","Status":201,"SourceContext":"ArturRios.Cerberus.WebApi.Middleware.SafeFailureMiddleware","RequestId":"0HNP5O27J1MFK","RequestPath":"/api/records","CorrelationId":"1539eb8e41664789b204720f358aec6e"}}
{"Timestamp":"2026-10-09T04:48:31.0895549+00:00","Level":"Information","MessageTemplate":"Request completed. Code={Code}; Status={Status}","TraceId":"b8b1e11790e66117a06ef245b3947d0b","SpanId":"b233caf663df84a8","Properties":{"Code":"request_completed","Status":404,"SourceContext":"ArturRios.Cerberus.WebApi.Middleware.SafeFailureMiddleware","RequestId":"0HNP5O27J1MFL","RequestPath":"/api/records/e2cbbf37-c2c7-4b06-ac63-700cebbf2336/permanent","CorrelationId":"e0ca42e979764918a7c4a630c0194dc3"}}
[xUnit.net 00:00:12.26]     ArturRios.Cerberus.WebApi.Tests.RecordPermanentDeleteHttpTests.GivenStrictOrForgedDeleteBody_WhenPermanentlyDeleting_Then400WithoutAnyOperation(kind: "nullRevision") [FAIL]
[xUnit.net 00:00:12.26]       Assert.Equal() Failure: Values differ
[xUnit.net 00:00:12.26]       Expected: BadRequest
[xUnit.net 00:00:12.26]       Actual:   NotFound
[xUnit.net 00:00:12.26]       Stack Trace:
[xUnit.net 00:00:12.26]         /tmp/cerberus-uc22-worktree/tests/Presentation/ArturRios.Cerberus.WebApi.Tests/RecordPermanentDeleteHttpTests.cs(191,0): at ArturRios.Cerberus.WebApi.Tests.RecordPermanentDeleteHttpTests.Failure(HttpResponseMessage r, Int32 status, String error)
[xUnit.net 00:00:12.26]         /tmp/cerberus-uc22-worktree/tests/Presentation/ArturRios.Cerberus.WebApi.Tests/RecordPermanentDeleteHttpTests.cs(107,0): at ArturRios.Cerberus.WebApi.Tests.RecordPermanentDeleteHttpTests.GivenStrictOrForgedDeleteBody_WhenPermanentlyDeleting_Then400WithoutAnyOperation(String kind)
[xUnit.net 00:00:12.26]         --- End of stack trace from previous location ---
{"Timestamp":"2026-10-09T04:48:31.1481066+00:00","Level":"Information","MessageTemplate":"Request completed. Code={Code}; Status={Status}","TraceId":"40c0f8339755fc31540bca53192e6333","SpanId":"2fdc4ffd0ac8185e","Properties":{"Code":"request_completed","Status":201,"SourceContext":"ArturRios.Cerberus.WebApi.Middleware.SafeFailureMiddleware","RequestId":"0HNP5O27J1MFM","RequestPath":"/api/records","CorrelationId":"35a0c253fead4e938379a28470cac4c7"}}
{"Timestamp":"2026-10-09T04:48:31.1813029+00:00","Level":"Information","MessageTemplate":"Request completed. Code={Code}; Status={Status}","TraceId":"883c1fe8514cdff17d8b22926208162b","SpanId":"a6be7653a8eaf1d8","Properties":{"Code":"request_completed","Status":404,"SourceContext":"ArturRios.Cerberus.WebApi.Middleware.SafeFailureMiddleware","RequestId":"0HNP5O27J1MFN","RequestPath":"/api/records/aa7d52fb-833f-4f7d-ade0-21027617a353/permanent","CorrelationId":"e52906bf4ea349bea560442535e7d8e0"}}
[xUnit.net 00:00:12.35]     ArturRios.Cerberus.WebApi.Tests.RecordPermanentDeleteHttpTests.GivenStrictOrForgedDeleteBody_WhenPermanentlyDeleting_Then400WithoutAnyOperation(kind: "deletedAt") [FAIL]
[xUnit.net 00:00:12.35]       Assert.Equal() Failure: Values differ
[xUnit.net 00:00:12.35]       Expected: BadRequest
[xUnit.net 00:00:12.35]       Actual:   NotFound
[xUnit.net 00:00:12.35]       Stack Trace:
[xUnit.net 00:00:12.35]         /tmp/cerberus-uc22-worktree/tests/Presentation/ArturRios.Cerberus.WebApi.Tests/RecordPermanentDeleteHttpTests.cs(191,0): at ArturRios.Cerberus.WebApi.Tests.RecordPermanentDeleteHttpTests.Failure(HttpResponseMessage r, Int32 status, String error)
[xUnit.net 00:00:12.35]         /tmp/cerberus-uc22-worktree/tests/Presentation/ArturRios.Cerberus.WebApi.Tests/RecordPermanentDeleteHttpTests.cs(107,0): at ArturRios.Cerberus.WebApi.Tests.RecordPermanentDeleteHttpTests.GivenStrictOrForgedDeleteBody_WhenPermanentlyDeleting_Then400WithoutAnyOperation(String kind)
[xUnit.net 00:00:12.35]         --- End of stack trace from previous location ---
{"Timestamp":"2026-10-09T04:48:31.2324667+00:00","Level":"Information","MessageTemplate":"Request completed. Code={Code}; Status={Status}","TraceId":"72d8945dad06cf9b090b3b448452710d","SpanId":"da46a3b0b40ab7a9","Properties":{"Code":"request_completed","Status":201,"SourceContext":"ArturRios.Cerberus.WebApi.Middleware.SafeFailureMiddleware","RequestId":"0HNP5O27J1MFO","RequestPath":"/api/records","CorrelationId":"6df28a7d1d2546c996919faea2339037"}}
{"Timestamp":"2026-10-09T04:48:31.2529249+00:00","Level":"Information","MessageTemplate":"Request completed. Code={Code}; Status={Status}","TraceId":"2bf2313807e1b4bd3af9c8c8454db1a0","SpanId":"505c90dc60944bb8","Properties":{"Code":"request_completed","Status":404,"SourceContext":"ArturRios.Cerberus.WebApi.Middleware.SafeFailureMiddleware","RequestId":"0HNP5O27J1MFP","RequestPath":"/api/records/1144c9f2-3845-4200-8677-a1521e2c3574/permanent","CorrelationId":"d39cca24f71d4a808fb35ccaa4fd8b09"}}
[xUnit.net 00:00:12.42]     ArturRios.Cerberus.WebApi.Tests.RecordPermanentDeleteHttpTests.GivenStrictOrForgedDeleteBody_WhenPermanentlyDeleting_Then400WithoutAnyOperation(kind: "zero") [FAIL]
[xUnit.net 00:00:12.42]       Assert.Equal() Failure: Values differ
[xUnit.net 00:00:12.42]       Expected: BadRequest
[xUnit.net 00:00:12.42]       Actual:   NotFound
[xUnit.net 00:00:12.42]       Stack Trace:
[xUnit.net 00:00:12.42]         /tmp/cerberus-uc22-worktree/tests/Presentation/ArturRios.Cerberus.WebApi.Tests/RecordPermanentDeleteHttpTests.cs(191,0): at ArturRios.Cerberus.WebApi.Tests.RecordPermanentDeleteHttpTests.Failure(HttpResponseMessage r, Int32 status, String error)
[xUnit.net 00:00:12.42]         /tmp/cerberus-uc22-worktree/tests/Presentation/ArturRios.Cerberus.WebApi.Tests/RecordPermanentDeleteHttpTests.cs(107,0): at ArturRios.Cerberus.WebApi.Tests.RecordPermanentDeleteHttpTests.GivenStrictOrForgedDeleteBody_WhenPermanentlyDeleting_Then400WithoutAnyOperation(String kind)
[xUnit.net 00:00:12.42]         --- End of stack trace from previous location ---
{"Timestamp":"2026-10-09T04:48:31.3394764+00:00","Level":"Information","MessageTemplate":"Request completed. Code={Code}; Status={Status}","TraceId":"57eea428d61c2558784e49050839ca66","SpanId":"03d3275d3030aed4","Properties":{"Code":"request_completed","Status":201,"SourceContext":"ArturRios.Cerberus.WebApi.Middleware.SafeFailureMiddleware","RequestId":"0HNP5O27J1MFQ","RequestPath":"/api/records","CorrelationId":"4bfb932f2ec3415a9e1f9f15a4b2516a"}}
{"Timestamp":"2026-10-09T04:48:31.3527742+00:00","Level":"Information","MessageTemplate":"Request completed. Code={Code}; Status={Status}","TraceId":"b7d6b04c17870c20253f891988e25fbe","SpanId":"1a96070b4d5b2fea","Properties":{"Code":"request_completed","Status":404,"SourceContext":"ArturRios.Cerberus.WebApi.Middleware.SafeFailureMiddleware","RequestId":"0HNP5O27J1MFR","RequestPath":"/api/records/29fe0de7-7fbe-46ed-a91e-131e4a59d1ab/permanent","CorrelationId":"fd71888ffdd64b3b94ed2b3f5ebd80bb"}}
[xUnit.net 00:00:12.52]     ArturRios.Cerberus.WebApi.Tests.RecordPermanentDeleteHttpTests.GivenStrictOrForgedDeleteBody_WhenPermanentlyDeleting_Then400WithoutAnyOperation(kind: "actor") [FAIL]
[xUnit.net 00:00:12.52]       Assert.Equal() Failure: Values differ
[xUnit.net 00:00:12.52]       Expected: BadRequest
[xUnit.net 00:00:12.52]       Actual:   NotFound
[xUnit.net 00:00:12.52]       Stack Trace:
[xUnit.net 00:00:12.52]         /tmp/cerberus-uc22-worktree/tests/Presentation/ArturRios.Cerberus.WebApi.Tests/RecordPermanentDeleteHttpTests.cs(191,0): at ArturRios.Cerberus.WebApi.Tests.RecordPermanentDeleteHttpTests.Failure(HttpResponseMessage r, Int32 status, String error)
[xUnit.net 00:00:12.52]         /tmp/cerberus-uc22-worktree/tests/Presentation/ArturRios.Cerberus.WebApi.Tests/RecordPermanentDeleteHttpTests.cs(107,0): at ArturRios.Cerberus.WebApi.Tests.RecordPermanentDeleteHttpTests.GivenStrictOrForgedDeleteBody_WhenPermanentlyDeleting_Then400WithoutAnyOperation(String kind)
[xUnit.net 00:00:12.52]         --- End of stack trace from previous location ---
  Failed ArturRios.Cerberus.WebApi.Tests.RecordPermanentDeleteHttpTests.GivenStrictOrForgedDeleteBody_WhenPermanentlyDeleting_Then400WithoutAnyOperation(kind: "envelope") [75 ms]
  Error Message:
   Assert.Equal() Failure: Values differ
Expected: BadRequest
Actual:   NotFound
  Stack Trace:
     at ArturRios.Cerberus.WebApi.Tests.RecordPermanentDeleteHttpTests.Failure(HttpResponseMessage r, Int32 status, String error) in /tmp/cerberus-uc22-worktree/tests/Presentation/ArturRios.Cerberus.WebApi.Tests/RecordPermanentDeleteHttpTests.cs:line 191
   at ArturRios.Cerberus.WebApi.Tests.RecordPermanentDeleteHttpTests.GivenStrictOrForgedDeleteBody_WhenPermanentlyDeleting_Then400WithoutAnyOperation(String kind) in /tmp/cerberus-uc22-worktree/tests/Presentation/ArturRios.Cerberus.WebApi.Tests/RecordPermanentDeleteHttpTests.cs:line 107
--- End of stack trace from previous location ---
  Failed ArturRios.Cerberus.WebApi.Tests.RecordPermanentDeleteHttpTests.GivenStrictOrForgedDeleteBody_WhenPermanentlyDeleting_Then400WithoutAnyOperation(kind: "overflow") [75 ms]
  Error Message:
   Assert.Equal() Failure: Values differ
Expected: BadRequest
Actual:   NotFound
  Stack Trace:
     at ArturRios.Cerberus.WebApi.Tests.RecordPermanentDeleteHttpTests.Failure(HttpResponseMessage r, Int32 status, String error) in /tmp/cerberus-uc22-worktree/tests/Presentation/ArturRios.Cerberus.WebApi.Tests/RecordPermanentDeleteHttpTests.cs:line 191
   at ArturRios.Cerberus.WebApi.Tests.RecordPermanentDeleteHttpTests.GivenStrictOrForgedDeleteBody_WhenPermanentlyDeleting_Then400WithoutAnyOperation(String kind) in /tmp/cerberus-uc22-worktree/tests/Presentation/ArturRios.Cerberus.WebApi.Tests/RecordPermanentDeleteHttpTests.cs:line 107
--- End of stack trace from previous location ---
  Failed ArturRios.Cerberus.WebApi.Tests.RecordPermanentDeleteHttpTests.GivenStrictOrForgedDeleteBody_WhenPermanentlyDeleting_Then400WithoutAnyOperation(kind: "case") [75 ms]
  Error Message:
   Assert.Equal() Failure: Values differ
Expected: BadRequest
Actual:   NotFound
  Stack Trace:
     at ArturRios.Cerberus.WebApi.Tests.RecordPermanentDeleteHttpTests.Failure(HttpResponseMessage r, Int32 status, String error) in /tmp/cerberus-uc22-worktree/tests/Presentation/ArturRios.Cerberus.WebApi.Tests/RecordPermanentDeleteHttpTests.cs:line 191
   at ArturRios.Cerberus.WebApi.Tests.RecordPermanentDeleteHttpTests.GivenStrictOrForgedDeleteBody_WhenPermanentlyDeleting_Then400WithoutAnyOperation(String kind) in /tmp/cerberus-uc22-worktree/tests/Presentation/ArturRios.Cerberus.WebApi.Tests/RecordPermanentDeleteHttpTests.cs:line 107
--- End of stack trace from previous location ---
  Failed ArturRios.Cerberus.WebApi.Tests.RecordPermanentDeleteHttpTests.GivenStrictOrForgedDeleteBody_WhenPermanentlyDeleting_Then400WithoutAnyOperation(kind: "recordId") [67 ms]
  Error Message:
   Assert.Equal() Failure: Values differ
Expected: BadRequest
Actual:   NotFound
  Stack Trace:
     at ArturRios.Cerberus.WebApi.Tests.RecordPermanentDeleteHttpTests.Failure(HttpResponseMessage r, Int32 status, String error) in /tmp/cerberus-uc22-worktree/tests/Presentation/ArturRios.Cerberus.WebApi.Tests/RecordPermanentDeleteHttpTests.cs:line 191
   at ArturRios.Cerberus.WebApi.Tests.RecordPermanentDeleteHttpTests.GivenStrictOrForgedDeleteBody_WhenPermanentlyDeleting_Then400WithoutAnyOperation(String kind) in /tmp/cerberus-uc22-worktree/tests/Presentation/ArturRios.Cerberus.WebApi.Tests/RecordPermanentDeleteHttpTests.cs:line 107
--- End of stack trace from previous location ---
  Failed ArturRios.Cerberus.WebApi.Tests.RecordPermanentDeleteHttpTests.GivenStrictOrForgedDeleteBody_WhenPermanentlyDeleting_Then400WithoutAnyOperation(kind: "numericString") [74 ms]
  Error Message:
   Assert.Equal() Failure: Values differ
Expected: BadRequest
Actual:   NotFound
  Stack Trace:
     at ArturRios.Cerberus.WebApi.Tests.RecordPermanentDeleteHttpTests.Failure(HttpResponseMessage r, Int32 status, String error) in /tmp/cerberus-uc22-worktree/tests/Presentation/ArturRios.Cerberus.WebApi.Tests/RecordPermanentDeleteHttpTests.cs:line 191
   at ArturRios.Cerberus.WebApi.Tests.RecordPermanentDeleteHttpTests.GivenStrictOrForgedDeleteBody_WhenPermanentlyDeleting_Then400WithoutAnyOperation(String kind) in /tmp/cerberus-uc22-worktree/tests/Presentation/ArturRios.Cerberus.WebApi.Tests/RecordPermanentDeleteHttpTests.cs:line 107
--- End of stack trace from previous location ---
  Failed ArturRios.Cerberus.WebApi.Tests.RecordPermanentDeleteHttpTests.GivenStrictOrForgedDeleteBody_WhenPermanentlyDeleting_Then400WithoutAnyOperation(kind: "nullRevision") [71 ms]
  Error Message:
   Assert.Equal() Failure: Values differ
Expected: BadRequest
Actual:   NotFound
  Stack Trace:
     at ArturRios.Cerberus.WebApi.Tests.RecordPermanentDeleteHttpTests.Failure(HttpResponseMessage r, Int32 status, String error) in /tmp/cerberus-uc22-worktree/tests/Presentation/ArturRios.Cerberus.WebApi.Tests/RecordPermanentDeleteHttpTests.cs:line 191
   at ArturRios.Cerberus.WebApi.Tests.RecordPermanentDeleteHttpTests.GivenStrictOrForgedDeleteBody_WhenPermanentlyDeleting_Then400WithoutAnyOperation(String kind) in /tmp/cerberus-uc22-worktree/tests/Presentation/ArturRios.Cerberus.WebApi.Tests/RecordPermanentDeleteHttpTests.cs:line 107
--- End of stack trace from previous location ---
  Failed ArturRios.Cerberus.WebApi.Tests.RecordPermanentDeleteHttpTests.GivenStrictOrForgedDeleteBody_WhenPermanentlyDeleting_Then400WithoutAnyOperation(kind: "deletedAt") [90 ms]
  Error Message:
   Assert.Equal() Failure: Values differ
Expected: BadRequest
Actual:   NotFound
  Stack Trace:
     at ArturRios.Cerberus.WebApi.Tests.RecordPermanentDeleteHttpTests.Failure(HttpResponseMessage r, Int32 status, String error) in /tmp/cerberus-uc22-worktree/tests/Presentation/ArturRios.Cerberus.WebApi.Tests/RecordPermanentDeleteHttpTests.cs:line 191
   at ArturRios.Cerberus.WebApi.Tests.RecordPermanentDeleteHttpTests.GivenStrictOrForgedDeleteBody_WhenPermanentlyDeleting_Then400WithoutAnyOperation(String kind) in /tmp/cerberus-uc22-worktree/tests/Presentation/ArturRios.Cerberus.WebApi.Tests/RecordPermanentDeleteHttpTests.cs:line 107
--- End of stack trace from previous location ---
  Failed ArturRios.Cerberus.WebApi.Tests.RecordPermanentDeleteHttpTests.GivenStrictOrForgedDeleteBody_WhenPermanentlyDeleting_Then400WithoutAnyOperation(kind: "zero") [70 ms]
  Error Message:
   Assert.Equal() Failure: Values differ
Expected: BadRequest
Actual:   NotFound
  Stack Trace:
     at ArturRios.Cerberus.WebApi.Tests.RecordPermanentDeleteHttpTests.Failure(HttpResponseMessage r, Int32 status, String error) in /tmp/cerberus-uc22-worktree/tests/Presentation/ArturRios.Cerberus.WebApi.Tests/RecordPermanentDeleteHttpTests.cs:line 191
   at ArturRios.Cerberus.WebApi.Tests.RecordPermanentDeleteHttpTests.GivenStrictOrForgedDeleteBody_WhenPermanentlyDeleting_Then400WithoutAnyOperation(String kind) in /tmp/cerberus-uc22-worktree/tests/Presentation/ArturRios.Cerberus.WebApi.Tests/RecordPermanentDeleteHttpTests.cs:line 107
--- End of stack trace from previous location ---
  Failed ArturRios.Cerberus.WebApi.Tests.RecordPermanentDeleteHttpTests.GivenStrictOrForgedDeleteBody_WhenPermanentlyDeleting_Then400WithoutAnyOperation(kind: "actor") [97 ms]
  Error Message:
   Assert.Equal() Failure: Values differ
Expected: BadRequest
Actual:   NotFound
  Stack Trace:
     at ArturRios.Cerberus.WebApi.Tests.RecordPermanentDeleteHttpTests.Failure(HttpResponseMessage r, Int32 status, String error) in /tmp/cerberus-uc22-worktree/tests/Presentation/ArturRios.Cerberus.WebApi.Tests/RecordPermanentDeleteHttpTests.cs:line 191
   at ArturRios.Cerberus.WebApi.Tests.RecordPermanentDeleteHttpTests.GivenStrictOrForgedDeleteBody_WhenPermanentlyDeleting_Then400WithoutAnyOperation(String kind) in /tmp/cerberus-uc22-worktree/tests/Presentation/ArturRios.Cerberus.WebApi.Tests/RecordPermanentDeleteHttpTests.cs:line 107
--- End of stack trace from previous location ---
{"Timestamp":"2026-10-09T04:48:31.4481212+00:00","Level":"Information","MessageTemplate":"Request completed. Code={Code}; Status={Status}","TraceId":"63619f87db8d9296ccb93798f10e1d33","SpanId":"6794a7434fb442e9","Properties":{"Code":"request_completed","Status":201,"SourceContext":"ArturRios.Cerberus.WebApi.Middleware.SafeFailureMiddleware","RequestId":"0HNP5O27J1MFS","RequestPath":"/api/records","CorrelationId":"403021ed08bc4bb9a00827b31b3d8562"}}
{"Timestamp":"2026-10-09T04:48:31.4659177+00:00","Level":"Information","MessageTemplate":"Request completed. Code={Code}; Status={Status}","TraceId":"c7acc1e96ad0db040f315a2f28f90542","SpanId":"d6c81e6f68fe8860","Properties":{"Code":"request_completed","Status":404,"SourceContext":"ArturRios.Cerberus.WebApi.Middleware.SafeFailureMiddleware","RequestId":"0HNP5O27J1MFT","RequestPath":"/api/records/4970d339-58a2-4d5c-9ce6-a4f56f46d28b/permanent","CorrelationId":"032be6a6b8f846a5813402562c142a99"}}
[xUnit.net 00:00:12.63]     ArturRios.Cerberus.WebApi.Tests.RecordPermanentDeleteHttpTests.GivenStrictOrForgedDeleteBody_WhenPermanentlyDeleting_Then400WithoutAnyOperation(kind: "editedAt") [FAIL]
[xUnit.net 00:00:12.63]       Assert.Equal() Failure: Values differ
[xUnit.net 00:00:12.63]       Expected: BadRequest
[xUnit.net 00:00:12.63]       Actual:   NotFound
[xUnit.net 00:00:12.63]       Stack Trace:
[xUnit.net 00:00:12.63]         /tmp/cerberus-uc22-worktree/tests/Presentation/ArturRios.Cerberus.WebApi.Tests/RecordPermanentDeleteHttpTests.cs(191,0): at ArturRios.Cerberus.WebApi.Tests.RecordPermanentDeleteHttpTests.Failure(HttpResponseMessage r, Int32 status, String error)
[xUnit.net 00:00:12.63]         /tmp/cerberus-uc22-worktree/tests/Presentation/ArturRios.Cerberus.WebApi.Tests/RecordPermanentDeleteHttpTests.cs(107,0): at ArturRios.Cerberus.WebApi.Tests.RecordPermanentDeleteHttpTests.GivenStrictOrForgedDeleteBody_WhenPermanentlyDeleting_Then400WithoutAnyOperation(String kind)
[xUnit.net 00:00:12.63]         --- End of stack trace from previous location ---
{"Timestamp":"2026-10-09T04:48:31.6280669+00:00","Level":"Information","MessageTemplate":"Request completed. Code={Code}; Status={Status}","TraceId":"cdbddc0ecb59a6863468804c4e6fe95c","SpanId":"7074bbcaffc9a7be","Properties":{"Code":"request_completed","Status":201,"SourceContext":"ArturRios.Cerberus.WebApi.Middleware.SafeFailureMiddleware","RequestId":"0HNP5O27J1MFU","RequestPath":"/api/records","CorrelationId":"bf8f03f624fe4f0082893fd78091a41a"}}
{"Timestamp":"2026-10-09T04:48:32.0499991+00:00","Level":"Information","MessageTemplate":"Request completed. Code={Code}; Status={Status}","TraceId":"bf191f3953365e0f4364ba67d975a643","SpanId":"f692332c5a809714","Properties":{"Code":"request_completed","Status":201,"SourceContext":"ArturRios.Cerberus.WebApi.Middleware.SafeFailureMiddleware","RequestId":"0HNP5O27J1MFV","RequestPath":"/api/profiles","CorrelationId":"59c2cd115faa487aab8c4465daab60af"}}
{"Timestamp":"2026-10-09T04:48:32.1771167+00:00","Level":"Information","MessageTemplate":"Request completed. Code={Code}; Status={Status}","TraceId":"d34e3930451f2b43f113af0c9c3943fe","SpanId":"1ee77e93ac11a2a8","Properties":{"Code":"request_completed","Status":201,"SourceContext":"ArturRios.Cerberus.WebApi.Middleware.SafeFailureMiddleware","RequestId":"0HNP5O27J1MG0","RequestPath":"/api/profiles/ba71f943-bdac-4eb0-8bb4-0b92b86649ef/access/challenges","CorrelationId":"e0bab6ae8dd34b88a59ee0037d254304"}}
{"Timestamp":"2026-10-09T04:48:32.4054616+00:00","Level":"Information","MessageTemplate":"Request completed. Code={Code}; Status={Status}","TraceId":"ab4e57648a1d48288efb7b350b237f83","SpanId":"fb35fc5ebca8d565","Properties":{"Code":"request_completed","Status":200,"SourceContext":"ArturRios.Cerberus.WebApi.Middleware.SafeFailureMiddleware","RequestId":"0HNP5O27J1MG1","RequestPath":"/api/profiles/ba71f943-bdac-4eb0-8bb4-0b92b86649ef/access","CorrelationId":"e72d49c65a994abaa2f0d5c29d85a7a4"}}
{"Timestamp":"2026-10-09T04:48:32.4622481+00:00","Level":"Information","MessageTemplate":"Request completed. Code={Code}; Status={Status}","TraceId":"7669d705578d8a4482f28737858967bb","SpanId":"6be45bac971a0f0a","Properties":{"Code":"request_completed","Status":404,"SourceContext":"ArturRios.Cerberus.WebApi.Middleware.SafeFailureMiddleware","RequestId":"0HNP5O27J1MG2","RequestPath":"/api/records/3f2b1eb8-b28d-4f39-ac85-4a3b598dfdb2/permanent","CorrelationId":"923dc793256243a9a3984763f28c5973"}}
[xUnit.net 00:00:13.63]     ArturRios.Cerberus.WebApi.Tests.RecordPermanentDeleteHttpTests.GivenActualNativeVisibleForeignScope_WhenPermanentlyDeletingStaleCorruptTarget_ThenReadOnlyAndReadWriteBoth403(access: ReadWrite, selected: True, inherited: False) [FAIL]
[xUnit.net 00:00:13.63]       Assert.Equal() Failure: Values differ
[xUnit.net 00:00:13.63]       Expected: Forbidden
[xUnit.net 00:00:13.63]       Actual:   NotFound
[xUnit.net 00:00:13.63]       Stack Trace:
[xUnit.net 00:00:13.63]         /tmp/cerberus-uc22-worktree/tests/Presentation/ArturRios.Cerberus.WebApi.Tests/RecordPermanentDeleteHttpTests.cs(191,0): at ArturRios.Cerberus.WebApi.Tests.RecordPermanentDeleteHttpTests.Failure(HttpResponseMessage r, Int32 status, String error)
[xUnit.net 00:00:13.63]         /tmp/cerberus-uc22-worktree/tests/Presentation/ArturRios.Cerberus.WebApi.Tests/RecordPermanentDeleteHttpTests.cs(102,0): at ArturRios.Cerberus.WebApi.Tests.RecordPermanentDeleteHttpTests.GivenActualNativeVisibleForeignScope_WhenPermanentlyDeletingStaleCorruptTarget_ThenReadOnlyAndReadWriteBoth403(CollectionGrantAccess access, Boolean selected, Boolean inherited)
[xUnit.net 00:00:13.63]         --- End of stack trace from previous location ---
{"Timestamp":"2026-10-09T04:48:32.5374726+00:00","Level":"Information","MessageTemplate":"Request completed. Code={Code}; Status={Status}","TraceId":"97351d90f9c3220cc6aeb1dc146e7438","SpanId":"7ebd50eb96a9e03b","Properties":{"Code":"request_completed","Status":201,"SourceContext":"ArturRios.Cerberus.WebApi.Middleware.SafeFailureMiddleware","RequestId":"0HNP5O27J1MG3","RequestPath":"/api/records","CorrelationId":"2dbe63bc14be407fb9dc51b89848bd77"}}
{"Timestamp":"2026-10-09T04:48:32.5999925+00:00","Level":"Information","MessageTemplate":"Request completed. Code={Code}; Status={Status}","TraceId":"40eadb0ffa4730292f37c81962367197","SpanId":"c21b001e207f1645","Properties":{"Code":"request_completed","Status":201,"SourceContext":"ArturRios.Cerberus.WebApi.Middleware.SafeFailureMiddleware","RequestId":"0HNP5O27J1MG4","RequestPath":"/api/profiles","CorrelationId":"76becd6f57604f7b8e2c2ec52dbd6847"}}
{"Timestamp":"2026-10-09T04:48:32.6389707+00:00","Level":"Information","MessageTemplate":"Request completed. Code={Code}; Status={Status}","TraceId":"2754063ed3eea6a8635b362a94fdc28e","SpanId":"2a97afb3ce6de619","Properties":{"Code":"request_completed","Status":201,"SourceContext":"ArturRios.Cerberus.WebApi.Middleware.SafeFailureMiddleware","RequestId":"0HNP5O27J1MG5","RequestPath":"/api/profiles/d3239072-8635-4835-9836-458fa73c8c7e/access/challenges","CorrelationId":"6f58ee5a1e0547cb84199848cfa05dcd"}}
{"Timestamp":"2026-10-09T04:48:32.6961712+00:00","Level":"Information","MessageTemplate":"Request completed. Code={Code}; Status={Status}","TraceId":"5d4f1b2bb240d2fd95732840bb45ba52","SpanId":"5dcb68346cbdfe86","Properties":{"Code":"request_completed","Status":200,"SourceContext":"ArturRios.Cerberus.WebApi.Middleware.SafeFailureMiddleware","RequestId":"0HNP5O27J1MG6","RequestPath":"/api/profiles/d3239072-8635-4835-9836-458fa73c8c7e/access","CorrelationId":"424a35b87b7a446fa6e5a95cbae0036d"}}
{"Timestamp":"2026-10-09T04:48:32.7203345+00:00","Level":"Information","MessageTemplate":"Request completed. Code={Code}; Status={Status}","TraceId":"34643117e6f2b00719b8d988b61bb4ec","SpanId":"312e984d897ceafa","Properties":{"Code":"request_completed","Status":404,"SourceContext":"ArturRios.Cerberus.WebApi.Middleware.SafeFailureMiddleware","RequestId":"0HNP5O27J1MG7","RequestPath":"/api/records/ed73e886-7f0a-4a36-85f7-67f9f400f7a8/permanent","CorrelationId":"f34ef54832254a61b0be0c29661ac90f"}}
[xUnit.net 00:00:13.89]     ArturRios.Cerberus.WebApi.Tests.RecordPermanentDeleteHttpTests.GivenActualNativeVisibleForeignScope_WhenPermanentlyDeletingStaleCorruptTarget_ThenReadOnlyAndReadWriteBoth403(access: ReadWrite, selected: True, inherited: True) [FAIL]
[xUnit.net 00:00:13.89]       Assert.Equal() Failure: Values differ
[xUnit.net 00:00:13.89]       Expected: Forbidden
[xUnit.net 00:00:13.89]       Actual:   NotFound
[xUnit.net 00:00:13.89]       Stack Trace:
[xUnit.net 00:00:13.89]         /tmp/cerberus-uc22-worktree/tests/Presentation/ArturRios.Cerberus.WebApi.Tests/RecordPermanentDeleteHttpTests.cs(191,0): at ArturRios.Cerberus.WebApi.Tests.RecordPermanentDeleteHttpTests.Failure(HttpResponseMessage r, Int32 status, String error)
[xUnit.net 00:00:13.89]         /tmp/cerberus-uc22-worktree/tests/Presentation/ArturRios.Cerberus.WebApi.Tests/RecordPermanentDeleteHttpTests.cs(102,0): at ArturRios.Cerberus.WebApi.Tests.RecordPermanentDeleteHttpTests.GivenActualNativeVisibleForeignScope_WhenPermanentlyDeletingStaleCorruptTarget_ThenReadOnlyAndReadWriteBoth403(CollectionGrantAccess access, Boolean selected, Boolean inherited)
[xUnit.net 00:00:13.89]         --- End of stack trace from previous location ---
{"Timestamp":"2026-10-09T04:48:32.7690651+00:00","Level":"Information","MessageTemplate":"Request completed. Code={Code}; Status={Status}","TraceId":"ba95791a2ece28d6f215026804644578","SpanId":"431f387668916fbd","Properties":{"Code":"request_completed","Status":201,"SourceContext":"ArturRios.Cerberus.WebApi.Middleware.SafeFailureMiddleware","RequestId":"0HNP5O27J1MG8","RequestPath":"/api/records","CorrelationId":"007e6ff1a25549dca9b6e5998b9f2097"}}
{"Timestamp":"2026-10-09T04:48:32.8172467+00:00","Level":"Information","MessageTemplate":"Request completed. Code={Code}; Status={Status}","TraceId":"bca2226dffe648dc95cf7be4d6ec7e62","SpanId":"e0c3c86c64f25d6b","Properties":{"Code":"request_completed","Status":201,"SourceContext":"ArturRios.Cerberus.WebApi.Middleware.SafeFailureMiddleware","RequestId":"0HNP5O27J1MG9","RequestPath":"/api/profiles","CorrelationId":"b30c18de118d410bad644bf2aee6cfe4"}}
{"Timestamp":"2026-10-09T04:48:32.8561395+00:00","Level":"Information","MessageTemplate":"Request completed. Code={Code}; Status={Status}","TraceId":"96e293c7c6be28429b2c2258ede9fe59","SpanId":"172d3120a25834fb","Properties":{"Code":"request_completed","Status":404,"SourceContext":"ArturRios.Cerberus.WebApi.Middleware.SafeFailureMiddleware","RequestId":"0HNP5O27J1MGA","RequestPath":"/api/records/95e9cf9a-5b39-4924-ad96-9d9397706066/permanent","CorrelationId":"78d5f0b6c2fb47e982654cf1efa29578"}}
  Failed ArturRios.Cerberus.WebApi.Tests.RecordPermanentDeleteHttpTests.GivenStrictOrForgedDeleteBody_WhenPermanentlyDeleting_Then400WithoutAnyOperation(kind: "editedAt") [112 ms]
  Error Message:
   Assert.Equal() Failure: Values differ
Expected: BadRequest
Actual:   NotFound
  Stack Trace:
     at ArturRios.Cerberus.WebApi.Tests.RecordPermanentDeleteHttpTests.Failure(HttpResponseMessage r, Int32 status, String error) in /tmp/cerberus-uc22-worktree/tests/Presentation/ArturRios.Cerberus.WebApi.Tests/RecordPermanentDeleteHttpTests.cs:line 191
   at ArturRios.Cerberus.WebApi.Tests.RecordPermanentDeleteHttpTests.GivenStrictOrForgedDeleteBody_WhenPermanentlyDeleting_Then400WithoutAnyOperation(String kind) in /tmp/cerberus-uc22-worktree/tests/Presentation/ArturRios.Cerberus.WebApi.Tests/RecordPermanentDeleteHttpTests.cs:line 107
--- End of stack trace from previous location ---
  Failed ArturRios.Cerberus.WebApi.Tests.RecordPermanentDeleteHttpTests.GivenActualNativeVisibleForeignScope_WhenPermanentlyDeletingStaleCorruptTarget_ThenReadOnlyAndReadWriteBoth403(access: ReadWrite, selected: True, inherited: False) [993 ms]
  Error Message:
   Assert.Equal() Failure: Values differ
Expected: Forbidden
Actual:   NotFound
  Stack Trace:
     at ArturRios.Cerberus.WebApi.Tests.RecordPermanentDeleteHttpTests.Failure(HttpResponseMessage r, Int32 status, String error) in /tmp/cerberus-uc22-worktree/tests/Presentation/ArturRios.Cerberus.WebApi.Tests/RecordPermanentDeleteHttpTests.cs:line 191
   at ArturRios.Cerberus.WebApi.Tests.RecordPermanentDeleteHttpTests.GivenActualNativeVisibleForeignScope_WhenPermanentlyDeletingStaleCorruptTarget_ThenReadOnlyAndReadWriteBoth403(CollectionGrantAccess access, Boolean selected, Boolean inherited) in /tmp/cerberus-uc22-worktree/tests/Presentation/ArturRios.Cerberus.WebApi.Tests/RecordPermanentDeleteHttpTests.cs:line 102
--- End of stack trace from previous location ---
  Failed ArturRios.Cerberus.WebApi.Tests.RecordPermanentDeleteHttpTests.GivenActualNativeVisibleForeignScope_WhenPermanentlyDeletingStaleCorruptTarget_ThenReadOnlyAndReadWriteBoth403(access: ReadWrite, selected: True, inherited: True) [257 ms]
  Error Message:
   Assert.Equal() Failure: Values differ
Expected: Forbidden
Actual:   NotFound
  Stack Trace:
     at ArturRios.Cerberus.WebApi.Tests.RecordPermanentDeleteHttpTests.Failure(HttpResponseMessage r, Int32 status, String error) in /tmp/cerberus-uc22-worktree/tests/Presentation/ArturRios.Cerberus.WebApi.Tests/RecordPermanentDeleteHttpTests.cs:line 191
   at ArturRios.Cerberus.WebApi.Tests.RecordPermanentDeleteHttpTests.GivenActualNativeVisibleForeignScope_WhenPermanentlyDeletingStaleCorruptTarget_ThenReadOnlyAndReadWriteBoth403(CollectionGrantAccess access, Boolean selected, Boolean inherited) in /tmp/cerberus-uc22-worktree/tests/Presentation/ArturRios.Cerberus.WebApi.Tests/RecordPermanentDeleteHttpTests.cs:line 102
--- End of stack trace from previous location ---
[xUnit.net 00:00:14.02]     ArturRios.Cerberus.WebApi.Tests.RecordPermanentDeleteHttpTests.GivenActualNativeVisibleForeignScope_WhenPermanentlyDeletingStaleCorruptTarget_ThenReadOnlyAndReadWriteBoth403(access: ReadWrite, selected: False, inherited: True) [FAIL]
[xUnit.net 00:00:14.02]       Assert.Equal() Failure: Values differ
[xUnit.net 00:00:14.02]       Expected: Forbidden
[xUnit.net 00:00:14.02]       Actual:   NotFound
[xUnit.net 00:00:14.02]       Stack Trace:
[xUnit.net 00:00:14.02]         /tmp/cerberus-uc22-worktree/tests/Presentation/ArturRios.Cerberus.WebApi.Tests/RecordPermanentDeleteHttpTests.cs(191,0): at ArturRios.Cerberus.WebApi.Tests.RecordPermanentDeleteHttpTests.Failure(HttpResponseMessage r, Int32 status, String error)
[xUnit.net 00:00:14.02]         /tmp/cerberus-uc22-worktree/tests/Presentation/ArturRios.Cerberus.WebApi.Tests/RecordPermanentDeleteHttpTests.cs(102,0): at ArturRios.Cerberus.WebApi.Tests.RecordPermanentDeleteHttpTests.GivenActualNativeVisibleForeignScope_WhenPermanentlyDeletingStaleCorruptTarget_ThenReadOnlyAndReadWriteBoth403(CollectionGrantAccess access, Boolean selected, Boolean inherited)
[xUnit.net 00:00:14.02]         --- End of stack trace from previous location ---
{"Timestamp":"2026-10-09T04:48:32.9131566+00:00","Level":"Information","MessageTemplate":"Request completed. Code={Code}; Status={Status}","TraceId":"c384b18d3e848f0026aca476ddab5da6","SpanId":"86fa0d4dbc0e16f3","Properties":{"Code":"request_completed","Status":201,"SourceContext":"ArturRios.Cerberus.WebApi.Middleware.SafeFailureMiddleware","RequestId":"0HNP5O27J1MGB","RequestPath":"/api/records","CorrelationId":"4449056f9eee4986adfa6b9c5ee515a3"}}
{"Timestamp":"2026-10-09T04:48:32.9734416+00:00","Level":"Information","MessageTemplate":"Request completed. Code={Code}; Status={Status}","TraceId":"a762609f1d1df89c64b1942e5622bb3f","SpanId":"9156969a643cbdb7","Properties":{"Code":"request_completed","Status":201,"SourceContext":"ArturRios.Cerberus.WebApi.Middleware.SafeFailureMiddleware","RequestId":"0HNP5O27J1MGC","RequestPath":"/api/profiles","CorrelationId":"c17a6d56b2964035a02e05c5cc364ca2"}}
{"Timestamp":"2026-10-09T04:48:32.9981796+00:00","Level":"Information","MessageTemplate":"Request completed. Code={Code}; Status={Status}","TraceId":"1a4967515fc6709d14972b64b6075892","SpanId":"54603c322abf4231","Properties":{"Code":"request_completed","Status":201,"SourceContext":"ArturRios.Cerberus.WebApi.Middleware.SafeFailureMiddleware","RequestId":"0HNP5O27J1MGD","RequestPath":"/api/profiles/d62ba555-cfaa-411a-afec-594423247ec1/access/challenges","CorrelationId":"ecee3f0fce7248d5a4cdf887007628c8"}}
{"Timestamp":"2026-10-09T04:48:33.0506736+00:00","Level":"Information","MessageTemplate":"Request completed. Code={Code}; Status={Status}","TraceId":"35ba529c520577dd92808d4299da20a7","SpanId":"8a6224a53e256fc0","Properties":{"Code":"request_completed","Status":200,"SourceContext":"ArturRios.Cerberus.WebApi.Middleware.SafeFailureMiddleware","RequestId":"0HNP5O27J1MGE","RequestPath":"/api/profiles/d62ba555-cfaa-411a-afec-594423247ec1/access","CorrelationId":"e697fcac56b648668ae8d5cea2ca468b"}}
{"Timestamp":"2026-10-09T04:48:33.0915754+00:00","Level":"Information","MessageTemplate":"Request completed. Code={Code}; Status={Status}","TraceId":"ca161949be277f56d1f925cb38b67417","SpanId":"032aa101187015bf","Properties":{"Code":"request_completed","Status":404,"SourceContext":"ArturRios.Cerberus.WebApi.Middleware.SafeFailureMiddleware","RequestId":"0HNP5O27J1MGF","RequestPath":"/api/records/8d3d1591-86e8-46d7-b306-2e4ab052e3aa/permanent","CorrelationId":"5f017deb68434fb28568c83855cabad3"}}
[xUnit.net 00:00:14.26]     ArturRios.Cerberus.WebApi.Tests.RecordPermanentDeleteHttpTests.GivenActualNativeVisibleForeignScope_WhenPermanentlyDeletingStaleCorruptTarget_ThenReadOnlyAndReadWriteBoth403(access: ReadOnly, selected: True, inherited: False) [FAIL]
[xUnit.net 00:00:14.26]       Assert.Equal() Failure: Values differ
[xUnit.net 00:00:14.26]       Expected: Forbidden
[xUnit.net 00:00:14.26]       Actual:   NotFound
[xUnit.net 00:00:14.26]       Stack Trace:
[xUnit.net 00:00:14.26]         /tmp/cerberus-uc22-worktree/tests/Presentation/ArturRios.Cerberus.WebApi.Tests/RecordPermanentDeleteHttpTests.cs(191,0): at ArturRios.Cerberus.WebApi.Tests.RecordPermanentDeleteHttpTests.Failure(HttpResponseMessage r, Int32 status, String error)
[xUnit.net 00:00:14.26]         /tmp/cerberus-uc22-worktree/tests/Presentation/ArturRios.Cerberus.WebApi.Tests/RecordPermanentDeleteHttpTests.cs(102,0): at ArturRios.Cerberus.WebApi.Tests.RecordPermanentDeleteHttpTests.GivenActualNativeVisibleForeignScope_WhenPermanentlyDeletingStaleCorruptTarget_ThenReadOnlyAndReadWriteBoth403(CollectionGrantAccess access, Boolean selected, Boolean inherited)
[xUnit.net 00:00:14.26]         --- End of stack trace from previous location ---
{"Timestamp":"2026-10-09T04:48:33.1554676+00:00","Level":"Information","MessageTemplate":"Request completed. Code={Code}; Status={Status}","TraceId":"56dbb835c33896a5ddb53169bd601f49","SpanId":"ceb5100e2b39c011","Properties":{"Code":"request_completed","Status":201,"SourceContext":"ArturRios.Cerberus.WebApi.Middleware.SafeFailureMiddleware","RequestId":"0HNP5O27J1MGG","RequestPath":"/api/records","CorrelationId":"46e45ca2936741a2a83d5175f84f1ab6"}}
{"Timestamp":"2026-10-09T04:48:33.1917906+00:00","Level":"Information","MessageTemplate":"Request completed. Code={Code}; Status={Status}","TraceId":"332360cd3bb38b807fa802f7bc190b14","SpanId":"2756ef69783a8dcb","Properties":{"Code":"request_completed","Status":201,"SourceContext":"ArturRios.Cerberus.WebApi.Middleware.SafeFailureMiddleware","RequestId":"0HNP5O27J1MGH","RequestPath":"/api/profiles","CorrelationId":"0b2fe1addb3545cfb473d0e805a1a6c0"}}
{"Timestamp":"2026-10-09T04:48:33.2229674+00:00","Level":"Information","MessageTemplate":"Request completed. Code={Code}; Status={Status}","TraceId":"7546bd77a28dfcc7410578cf3e83ff1c","SpanId":"7843d672639e7e70","Properties":{"Code":"request_completed","Status":404,"SourceContext":"ArturRios.Cerberus.WebApi.Middleware.SafeFailureMiddleware","RequestId":"0HNP5O27J1MGI","RequestPath":"/api/records/a3d811b3-3792-4da7-89e0-2e7a475cd2b4/permanent","CorrelationId":"7eeeb8bc11b544f29db84df9bed6b1f3"}}
[xUnit.net 00:00:14.39]     ArturRios.Cerberus.WebApi.Tests.RecordPermanentDeleteHttpTests.GivenActualNativeVisibleForeignScope_WhenPermanentlyDeletingStaleCorruptTarget_ThenReadOnlyAndReadWriteBoth403(access: ReadOnly, selected: False, inherited: False) [FAIL]
[xUnit.net 00:00:14.39]       Assert.Equal() Failure: Values differ
[xUnit.net 00:00:14.39]       Expected: Forbidden
[xUnit.net 00:00:14.39]       Actual:   NotFound
[xUnit.net 00:00:14.39]       Stack Trace:
[xUnit.net 00:00:14.39]         /tmp/cerberus-uc22-worktree/tests/Presentation/ArturRios.Cerberus.WebApi.Tests/RecordPermanentDeleteHttpTests.cs(191,0): at ArturRios.Cerberus.WebApi.Tests.RecordPermanentDeleteHttpTests.Failure(HttpResponseMessage r, Int32 status, String error)
[xUnit.net 00:00:14.39]         /tmp/cerberus-uc22-worktree/tests/Presentation/ArturRios.Cerberus.WebApi.Tests/RecordPermanentDeleteHttpTests.cs(102,0): at ArturRios.Cerberus.WebApi.Tests.RecordPermanentDeleteHttpTests.GivenActualNativeVisibleForeignScope_WhenPermanentlyDeletingStaleCorruptTarget_ThenReadOnlyAndReadWriteBoth403(CollectionGrantAccess access, Boolean selected, Boolean inherited)
[xUnit.net 00:00:14.39]         --- End of stack trace from previous location ---
{"Timestamp":"2026-10-09T04:48:33.2769006+00:00","Level":"Information","MessageTemplate":"Request completed. Code={Code}; Status={Status}","TraceId":"1d770ff4de5e61d104e4fcadeffa9265","SpanId":"a51c094d00817066","Properties":{"Code":"request_completed","Status":201,"SourceContext":"ArturRios.Cerberus.WebApi.Middleware.SafeFailureMiddleware","RequestId":"0HNP5O27J1MGJ","RequestPath":"/api/records","CorrelationId":"fdae79b3f39b40369e8dbb6041e5dfb9"}}
{"Timestamp":"2026-10-09T04:48:33.3127781+00:00","Level":"Information","MessageTemplate":"Request completed. Code={Code}; Status={Status}","TraceId":"775c0661f0b4f2f5a64be21bfb31941e","SpanId":"11be27b76681342a","Properties":{"Code":"request_completed","Status":201,"SourceContext":"ArturRios.Cerberus.WebApi.Middleware.SafeFailureMiddleware","RequestId":"0HNP5O27J1MGK","RequestPath":"/api/profiles","CorrelationId":"5446a20b00b84ea8ac5b3574e32e9701"}}
{"Timestamp":"2026-10-09T04:48:33.3423681+00:00","Level":"Information","MessageTemplate":"Request completed. Code={Code}; Status={Status}","TraceId":"a215619a8600b92fb035b36fec458c1f","SpanId":"2b3ef34536f7dc5b","Properties":{"Code":"request_completed","Status":404,"SourceContext":"ArturRios.Cerberus.WebApi.Middleware.SafeFailureMiddleware","RequestId":"0HNP5O27J1MGL","RequestPath":"/api/records/b48c15a5-ff28-4228-9af0-a98734d4c93c/permanent","CorrelationId":"c6f6a2adce0047beb90402e70cfd7ed3"}}
[xUnit.net 00:00:14.51]     ArturRios.Cerberus.WebApi.Tests.RecordPermanentDeleteHttpTests.GivenActualNativeVisibleForeignScope_WhenPermanentlyDeletingStaleCorruptTarget_ThenReadOnlyAndReadWriteBoth403(access: ReadOnly, selected: False, inherited: True) [FAIL]
[xUnit.net 00:00:14.51]       Assert.Equal() Failure: Values differ
[xUnit.net 00:00:14.51]       Expected: Forbidden
[xUnit.net 00:00:14.51]       Actual:   NotFound
[xUnit.net 00:00:14.51]       Stack Trace:
[xUnit.net 00:00:14.51]         /tmp/cerberus-uc22-worktree/tests/Presentation/ArturRios.Cerberus.WebApi.Tests/RecordPermanentDeleteHttpTests.cs(191,0): at ArturRios.Cerberus.WebApi.Tests.RecordPermanentDeleteHttpTests.Failure(HttpResponseMessage r, Int32 status, String error)
[xUnit.net 00:00:14.51]         /tmp/cerberus-uc22-worktree/tests/Presentation/ArturRios.Cerberus.WebApi.Tests/RecordPermanentDeleteHttpTests.cs(102,0): at ArturRios.Cerberus.WebApi.Tests.RecordPermanentDeleteHttpTests.GivenActualNativeVisibleForeignScope_WhenPermanentlyDeletingStaleCorruptTarget_ThenReadOnlyAndReadWriteBoth403(CollectionGrantAccess access, Boolean selected, Boolean inherited)
[xUnit.net 00:00:14.51]         --- End of stack trace from previous location ---
{"Timestamp":"2026-10-09T04:48:33.3909491+00:00","Level":"Information","MessageTemplate":"Request completed. Code={Code}; Status={Status}","TraceId":"c0640acb41ea16b0a3eaa1e5975fa7f4","SpanId":"f4c8d7dd53e81a67","Properties":{"Code":"request_completed","Status":201,"SourceContext":"ArturRios.Cerberus.WebApi.Middleware.SafeFailureMiddleware","RequestId":"0HNP5O27J1MGM","RequestPath":"/api/records","CorrelationId":"093dd353afc347e1a5d518058dac3c14"}}
{"Timestamp":"2026-10-09T04:48:33.4365632+00:00","Level":"Information","MessageTemplate":"Request completed. Code={Code}; Status={Status}","TraceId":"5ba31162c82b82e6d11909defbdf8fce","SpanId":"37611ae29fa52e01","Properties":{"Code":"request_completed","Status":201,"SourceContext":"ArturRios.Cerberus.WebApi.Middleware.SafeFailureMiddleware","RequestId":"0HNP5O27J1MGN","RequestPath":"/api/profiles","CorrelationId":"670901867d9443deadcea5004e0a1b57"}}
{"Timestamp":"2026-10-09T04:48:33.4594388+00:00","Level":"Information","MessageTemplate":"Request completed. Code={Code}; Status={Status}","TraceId":"9ccb764045255b366974d1c780c69763","SpanId":"8b6da29fc8192e69","Properties":{"Code":"request_completed","Status":201,"SourceContext":"ArturRios.Cerberus.WebApi.Middleware.SafeFailureMiddleware","RequestId":"0HNP5O27J1MGO","RequestPath":"/api/profiles/51e12d25-1435-4255-a0c1-01259d69a645/access/challenges","CorrelationId":"8fbe0da35efa40f487113531b7a1439a"}}
{"Timestamp":"2026-10-09T04:48:33.4811391+00:00","Level":"Information","MessageTemplate":"Request completed. Code={Code}; Status={Status}","TraceId":"2d5cbdf46b57da68050f00b07d87ff6a","SpanId":"e42bac937a197f11","Properties":{"Code":"request_completed","Status":200,"SourceContext":"ArturRios.Cerberus.WebApi.Middleware.SafeFailureMiddleware","RequestId":"0HNP5O27J1MGP","RequestPath":"/api/profiles/51e12d25-1435-4255-a0c1-01259d69a645/access","CorrelationId":"55837b6bc64b4dd5ac66d6ec54ed5e9b"}}
{"Timestamp":"2026-10-09T04:48:33.5068608+00:00","Level":"Information","MessageTemplate":"Request completed. Code={Code}; Status={Status}","TraceId":"c9f3d3c826cd50875892734d93e5cc0e","SpanId":"f3c4b8904a6aa917","Properties":{"Code":"request_completed","Status":404,"SourceContext":"ArturRios.Cerberus.WebApi.Middleware.SafeFailureMiddleware","RequestId":"0HNP5O27J1MGQ","RequestPath":"/api/records/b6afe77b-5887-47d4-b517-b6d5b0bcca59/permanent","CorrelationId":"68e14b8aabbb46e9a268ec48daba8e7e"}}
[xUnit.net 00:00:14.67]     ArturRios.Cerberus.WebApi.Tests.RecordPermanentDeleteHttpTests.GivenActualNativeVisibleForeignScope_WhenPermanentlyDeletingStaleCorruptTarget_ThenReadOnlyAndReadWriteBoth403(access: ReadOnly, selected: True, inherited: True) [FAIL]
[xUnit.net 00:00:14.67]       Assert.Equal() Failure: Values differ
[xUnit.net 00:00:14.67]       Expected: Forbidden
[xUnit.net 00:00:14.67]       Actual:   NotFound
[xUnit.net 00:00:14.67]       Stack Trace:
[xUnit.net 00:00:14.67]         /tmp/cerberus-uc22-worktree/tests/Presentation/ArturRios.Cerberus.WebApi.Tests/RecordPermanentDeleteHttpTests.cs(191,0): at ArturRios.Cerberus.WebApi.Tests.RecordPermanentDeleteHttpTests.Failure(HttpResponseMessage r, Int32 status, String error)
[xUnit.net 00:00:14.67]         /tmp/cerberus-uc22-worktree/tests/Presentation/ArturRios.Cerberus.WebApi.Tests/RecordPermanentDeleteHttpTests.cs(102,0): at ArturRios.Cerberus.WebApi.Tests.RecordPermanentDeleteHttpTests.GivenActualNativeVisibleForeignScope_WhenPermanentlyDeletingStaleCorruptTarget_ThenReadOnlyAndReadWriteBoth403(CollectionGrantAccess access, Boolean selected, Boolean inherited)
[xUnit.net 00:00:14.67]         --- End of stack trace from previous location ---
{"Timestamp":"2026-10-09T04:48:33.6531143+00:00","Level":"Information","MessageTemplate":"Request completed. Code={Code}; Status={Status}","TraceId":"16981d2e07e264aeefba321aa0e16e16","SpanId":"37e07e95fa99535b","Properties":{"Code":"request_completed","Status":201,"SourceContext":"ArturRios.Cerberus.WebApi.Middleware.SafeFailureMiddleware","RequestId":"0HNP5O27J1MGR","RequestPath":"/api/records","CorrelationId":"52a180aeefde4da8b83131d5ceba9e01"}}
{"Timestamp":"2026-10-09T04:48:33.6919212+00:00","Level":"Information","MessageTemplate":"Request completed. Code={Code}; Status={Status}","TraceId":"500da9f12c412ad39ac5f12bb0a6c965","SpanId":"0020a8e325ffe6ec","Properties":{"Code":"request_completed","Status":201,"SourceContext":"ArturRios.Cerberus.WebApi.Middleware.SafeFailureMiddleware","RequestId":"0HNP5O27J1MGS","RequestPath":"/api/profiles","CorrelationId":"4cf07659e7294aeaa1e3ea65ca14a6dc"}}
{"Timestamp":"2026-10-09T04:48:33.7170068+00:00","Level":"Information","MessageTemplate":"Request completed. Code={Code}; Status={Status}","TraceId":"65e75027ca8383f2a9fcf2a166104a29","SpanId":"94bc5d137f2d877e","Properties":{"Code":"request_completed","Status":404,"SourceContext":"ArturRios.Cerberus.WebApi.Middleware.SafeFailureMiddleware","RequestId":"0HNP5O27J1MGT","RequestPath":"/api/records/c23aea31-0ddb-462a-99d2-f960de305428/permanent","CorrelationId":"3708707f566c4baeb1c733c5d6f41c61"}}
[xUnit.net 00:00:14.88]     ArturRios.Cerberus.WebApi.Tests.RecordPermanentDeleteHttpTests.GivenActualNativeVisibleForeignScope_WhenPermanentlyDeletingStaleCorruptTarget_ThenReadOnlyAndReadWriteBoth403(access: ReadWrite, selected: False, inherited: False) [FAIL]
[xUnit.net 00:00:14.88]       Assert.Equal() Failure: Values differ
[xUnit.net 00:00:14.88]       Expected: Forbidden
[xUnit.net 00:00:14.88]       Actual:   NotFound
[xUnit.net 00:00:14.88]       Stack Trace:
[xUnit.net 00:00:14.88]         /tmp/cerberus-uc22-worktree/tests/Presentation/ArturRios.Cerberus.WebApi.Tests/RecordPermanentDeleteHttpTests.cs(191,0): at ArturRios.Cerberus.WebApi.Tests.RecordPermanentDeleteHttpTests.Failure(HttpResponseMessage r, Int32 status, String error)
[xUnit.net 00:00:14.88]         /tmp/cerberus-uc22-worktree/tests/Presentation/ArturRios.Cerberus.WebApi.Tests/RecordPermanentDeleteHttpTests.cs(102,0): at ArturRios.Cerberus.WebApi.Tests.RecordPermanentDeleteHttpTests.GivenActualNativeVisibleForeignScope_WhenPermanentlyDeletingStaleCorruptTarget_ThenReadOnlyAndReadWriteBoth403(CollectionGrantAccess access, Boolean selected, Boolean inherited)
[xUnit.net 00:00:14.88]         --- End of stack trace from previous location ---
{"Timestamp":"2026-10-09T04:48:33.7916825+00:00","Level":"Information","MessageTemplate":"Request completed. Code={Code}; Status={Status}","TraceId":"3dd24f00f3da22584bfc1a2571d4619d","SpanId":"9ec64cccbb44e9fa","Properties":{"Code":"request_completed","Status":201,"SourceContext":"ArturRios.Cerberus.WebApi.Middleware.SafeFailureMiddleware","RequestId":"0HNP5O27J1MGU","RequestPath":"/api/records","CorrelationId":"a8251ae77d774d678c8abc8e2cf192e1"}}
{"Timestamp":"2026-10-09T04:48:33.8282975+00:00","Level":"Information","MessageTemplate":"Request completed. Code={Code}; Status={Status}","TraceId":"fb8c914c74582e2e5661b3c38228d99d","SpanId":"09132a92d6bfeb12","Properties":{"Code":"request_completed","Status":404,"SourceContext":"ArturRios.Cerberus.WebApi.Middleware.SafeFailureMiddleware","RequestId":"0HNP5O27J1MGV","RequestPath":"/api/records/b4894206-f47b-481a-bc3b-9e9b3d7c4ef8/permanent","CorrelationId":"255f0df1264c4925ac57871a29990183"}}
[xUnit.net 00:00:15.00]     ArturRios.Cerberus.WebApi.Tests.RecordPermanentDeleteHttpTests.GivenHiddenTargetWithBadCipherAndStaleRevision_WhenPermanentlyDeleting_ThenNonrevealing404WithoutMutation(kind: "ancestorTerminal") [FAIL]
[xUnit.net 00:00:15.00]       System.Text.Json.JsonReaderException : The input does not contain any JSON tokens. Expected the input to start with a valid JSON token, when isFinalBlock is true. LineNumber: 0 | BytePositionInLine: 0.
[xUnit.net 00:00:15.00]       Stack Trace:
[xUnit.net 00:00:15.00]            at System.Text.Json.ThrowHelper.ThrowJsonReaderException(Utf8JsonReader& json, ExceptionResource resource, Byte nextByte, ReadOnlySpan`1 bytes)
[xUnit.net 00:00:15.00]            at System.Text.Json.Utf8JsonReader.Read()
[xUnit.net 00:00:15.00]            at System.Text.Json.JsonDocument.Parse(ReadOnlySpan`1 utf8JsonSpan, JsonReaderOptions readerOptions, MetadataDb& database, StackRowStack& stack)
[xUnit.net 00:00:15.00]            at System.Text.Json.JsonDocument.Parse(ReadOnlyMemory`1 utf8Json, JsonReaderOptions readerOptions, Byte[] extraRentedArrayPoolBytes, PooledByteBufferWriter extraPooledByteBufferWriter, Boolean allowDuplicateProperties)
[xUnit.net 00:00:15.00]            at System.Text.Json.JsonDocument.Parse(ReadOnlyMemory`1 json, JsonDocumentOptions options)
[xUnit.net 00:00:15.00]         /tmp/cerberus-uc22-worktree/tests/Presentation/ArturRios.Cerberus.WebApi.Tests/RecordPermanentDeleteHttpTests.cs(191,0): at ArturRios.Cerberus.WebApi.Tests.RecordPermanentDeleteHttpTests.Failure(HttpResponseMessage r, Int32 status, String error)
[xUnit.net 00:00:15.00]         /tmp/cerberus-uc22-worktree/tests/Presentation/ArturRios.Cerberus.WebApi.Tests/RecordPermanentDeleteHttpTests.cs(125,0): at ArturRios.Cerberus.WebApi.Tests.RecordPermanentDeleteHttpTests.GivenHiddenTargetWithBadCipherAndStaleRevision_WhenPermanentlyDeleting_ThenNonrevealing404WithoutMutation(String kind)
[xUnit.net 00:00:15.00]         --- End of stack trace from previous location ---
{"Timestamp":"2026-10-09T04:48:33.8817315+00:00","Level":"Information","MessageTemplate":"Request completed. Code={Code}; Status={Status}","TraceId":"6ee103723a575f27724a380a9a463d35","SpanId":"7961a528fdb40711","Properties":{"Code":"request_completed","Status":201,"SourceContext":"ArturRios.Cerberus.WebApi.Middleware.SafeFailureMiddleware","RequestId":"0HNP5O27J1MH0","RequestPath":"/api/records","CorrelationId":"5b1c16624ca14e49850a021ed8ebd7a7"}}
{"Timestamp":"2026-10-09T04:48:33.9264762+00:00","Level":"Information","MessageTemplate":"Request completed. Code={Code}; Status={Status}","TraceId":"3c765c86bfb2cadba692e54dc9b2fe33","SpanId":"d2d0b5e50ab80f03","Properties":{"Code":"request_completed","Status":404,"SourceContext":"ArturRios.Cerberus.WebApi.Middleware.SafeFailureMiddleware","RequestId":"0HNP5O27J1MH1","RequestPath":"/api/records/27bc93e0-dfb5-4e86-8750-a75b2fa73bb0/permanent","CorrelationId":"72fbfbdc7a80425195f3e2af5b717cd7"}}
[xUnit.net 00:00:15.09]     ArturRios.Cerberus.WebApi.Tests.RecordPermanentDeleteHttpTests.GivenHiddenTargetWithBadCipherAndStaleRevision_WhenPermanentlyDeleting_ThenNonrevealing404WithoutMutation(kind: "recordTerminal") [FAIL]
[xUnit.net 00:00:15.09]       System.Text.Json.JsonReaderException : The input does not contain any JSON tokens. Expected the input to start with a valid JSON token, when isFinalBlock is true. LineNumber: 0 | BytePositionInLine: 0.
[xUnit.net 00:00:15.09]       Stack Trace:
[xUnit.net 00:00:15.09]            at System.Text.Json.ThrowHelper.ThrowJsonReaderException(Utf8JsonReader& json, ExceptionResource resource, Byte nextByte, ReadOnlySpan`1 bytes)
[xUnit.net 00:00:15.09]            at System.Text.Json.Utf8JsonReader.Read()
[xUnit.net 00:00:15.09]            at System.Text.Json.JsonDocument.Parse(ReadOnlySpan`1 utf8JsonSpan, JsonReaderOptions readerOptions, MetadataDb& database, StackRowStack& stack)
[xUnit.net 00:00:15.09]            at System.Text.Json.JsonDocument.Parse(ReadOnlyMemory`1 utf8Json, JsonReaderOptions readerOptions, Byte[] extraRentedArrayPoolBytes, PooledByteBufferWriter extraPooledByteBufferWriter, Boolean allowDuplicateProperties)
[xUnit.net 00:00:15.09]            at System.Text.Json.JsonDocument.Parse(ReadOnlyMemory`1 json, JsonDocumentOptions options)
[xUnit.net 00:00:15.09]         /tmp/cerberus-uc22-worktree/tests/Presentation/ArturRios.Cerberus.WebApi.Tests/RecordPermanentDeleteHttpTests.cs(191,0): at ArturRios.Cerberus.WebApi.Tests.RecordPermanentDeleteHttpTests.Failure(HttpResponseMessage r, Int32 status, String error)
[xUnit.net 00:00:15.09]         /tmp/cerberus-uc22-worktree/tests/Presentation/ArturRios.Cerberus.WebApi.Tests/RecordPermanentDeleteHttpTests.cs(125,0): at ArturRios.Cerberus.WebApi.Tests.RecordPermanentDeleteHttpTests.GivenHiddenTargetWithBadCipherAndStaleRevision_WhenPermanentlyDeleting_ThenNonrevealing404WithoutMutation(String kind)
[xUnit.net 00:00:15.09]         --- End of stack trace from previous location ---
{"Timestamp":"2026-10-09T04:48:33.9864895+00:00","Level":"Information","MessageTemplate":"Request completed. Code={Code}; Status={Status}","TraceId":"c789a9eef8211fca9363b3f366ade56b","SpanId":"cbc44e6fa3352509","Properties":{"Code":"request_completed","Status":201,"SourceContext":"ArturRios.Cerberus.WebApi.Middleware.SafeFailureMiddleware","RequestId":"0HNP5O27J1MH2","RequestPath":"/api/records","CorrelationId":"477f2ca37c7143119deff9fa4fd6517e"}}
{"Timestamp":"2026-10-09T04:48:34.0386363+00:00","Level":"Information","MessageTemplate":"Request completed. Code={Code}; Status={Status}","TraceId":"cd417c732ce0ab302025c18809569d5e","SpanId":"290921a130a10b3f","Properties":{"Code":"request_completed","Status":201,"SourceContext":"ArturRios.Cerberus.WebApi.Middleware.SafeFailureMiddleware","RequestId":"0HNP5O27J1MH3","RequestPath":"/api/profiles","CorrelationId":"e19aaccd7c0841d7b51f87b9b5900af5"}}
{"Timestamp":"2026-10-09T04:48:34.0664242+00:00","Level":"Information","MessageTemplate":"Request completed. Code={Code}; Status={Status}","TraceId":"018e15366b10d3c4527004114659ef05","SpanId":"a304d7fd6902bb76","Properties":{"Code":"request_completed","Status":201,"SourceContext":"ArturRios.Cerberus.WebApi.Middleware.SafeFailureMiddleware","RequestId":"0HNP5O27J1MH4","RequestPath":"/api/profiles/45ea194a-d3c4-4e78-83f5-5cf7608effbc/access/challenges","CorrelationId":"7931c2c9a69740858069c676ba84420d"}}
{"Timestamp":"2026-10-09T04:48:34.1066260+00:00","Level":"Information","MessageTemplate":"Request completed. Code={Code}; Status={Status}","TraceId":"0ec56bb5310c31fb0f9ca56017c740d7","SpanId":"64ff17e6af74c8f0","Properties":{"Code":"request_completed","Status":200,"SourceContext":"ArturRios.Cerberus.WebApi.Middleware.SafeFailureMiddleware","RequestId":"0HNP5O27J1MH5","RequestPath":"/api/profiles/45ea194a-d3c4-4e78-83f5-5cf7608effbc/access","CorrelationId":"f2e128cdf6354cda96b1e299eaa8f555"}}
{"Timestamp":"2026-10-09T04:48:34.1302377+00:00","Level":"Information","MessageTemplate":"Request completed. Code={Code}; Status={Status}","TraceId":"36a60dfe0129a53bd0bfa3137a0c6b4a","SpanId":"40ea22ab968b38a8","Properties":{"Code":"request_completed","Status":404,"SourceContext":"ArturRios.Cerberus.WebApi.Middleware.SafeFailureMiddleware","RequestId":"0HNP5O27J1MH6","RequestPath":"/api/records/0f028c71-f526-45ae-8c56-0abf614f282c/permanent","CorrelationId":"bd6b220f151249d8aeb217e0846f1ade"}}
[xUnit.net 00:00:15.30]     ArturRios.Cerberus.WebApi.Tests.RecordPermanentDeleteHttpTests.GivenHiddenTargetWithBadCipherAndStaleRevision_WhenPermanentlyDeleting_ThenNonrevealing404WithoutMutation(kind: "unselected") [FAIL]
[xUnit.net 00:00:15.30]       System.Text.Json.JsonReaderException : The input does not contain any JSON tokens. Expected the input to start with a valid JSON token, when isFinalBlock is true. LineNumber: 0 | BytePositionInLine: 0.
[xUnit.net 00:00:15.30]       Stack Trace:
[xUnit.net 00:00:15.30]            at System.Text.Json.ThrowHelper.ThrowJsonReaderException(Utf8JsonReader& json, ExceptionResource resource, Byte nextByte, ReadOnlySpan`1 bytes)
[xUnit.net 00:00:15.30]            at System.Text.Json.Utf8JsonReader.Read()
[xUnit.net 00:00:15.30]            at System.Text.Json.JsonDocument.Parse(ReadOnlySpan`1 utf8JsonSpan, JsonReaderOptions readerOptions, MetadataDb& database, StackRowStack& stack)
[xUnit.net 00:00:15.30]            at System.Text.Json.JsonDocument.Parse(ReadOnlyMemory`1 utf8Json, JsonReaderOptions readerOptions, Byte[] extraRentedArrayPoolBytes, PooledByteBufferWriter extraPooledByteBufferWriter, Boolean allowDuplicateProperties)
[xUnit.net 00:00:15.30]            at System.Text.Json.JsonDocument.Parse(ReadOnlyMemory`1 json, JsonDocumentOptions options)
[xUnit.net 00:00:15.30]         /tmp/cerberus-uc22-worktree/tests/Presentation/ArturRios.Cerberus.WebApi.Tests/RecordPermanentDeleteHttpTests.cs(191,0): at ArturRios.Cerberus.WebApi.Tests.RecordPermanentDeleteHttpTests.Failure(HttpResponseMessage r, Int32 status, String error)
[xUnit.net 00:00:15.30]         /tmp/cerberus-uc22-worktree/tests/Presentation/ArturRios.Cerberus.WebApi.Tests/RecordPermanentDeleteHttpTests.cs(125,0): at ArturRios.Cerberus.WebApi.Tests.RecordPermanentDeleteHttpTests.GivenHiddenTargetWithBadCipherAndStaleRevision_WhenPermanentlyDeleting_ThenNonrevealing404WithoutMutation(String kind)
[xUnit.net 00:00:15.30]         --- End of stack trace from previous location ---
  Failed ArturRios.Cerberus.WebApi.Tests.RecordPermanentDeleteHttpTests.GivenActualNativeVisibleForeignScope_WhenPermanentlyDeletingStaleCorruptTarget_ThenReadOnlyAndReadWriteBoth403(access: ReadWrite, selected: False, inherited: True) [134 ms]
  Error Message:
   Assert.Equal() Failure: Values differ
Expected: Forbidden
Actual:   NotFound
  Stack Trace:
     at ArturRios.Cerberus.WebApi.Tests.RecordPermanentDeleteHttpTests.Failure(HttpResponseMessage r, Int32 status, String error) in /tmp/cerberus-uc22-worktree/tests/Presentation/ArturRios.Cerberus.WebApi.Tests/RecordPermanentDeleteHttpTests.cs:line 191
   at ArturRios.Cerberus.WebApi.Tests.RecordPermanentDeleteHttpTests.GivenActualNativeVisibleForeignScope_WhenPermanentlyDeletingStaleCorruptTarget_ThenReadOnlyAndReadWriteBoth403(CollectionGrantAccess access, Boolean selected, Boolean inherited) in /tmp/cerberus-uc22-worktree/tests/Presentation/ArturRios.Cerberus.WebApi.Tests/RecordPermanentDeleteHttpTests.cs:line 102
--- End of stack trace from previous location ---
  Failed ArturRios.Cerberus.WebApi.Tests.RecordPermanentDeleteHttpTests.GivenActualNativeVisibleForeignScope_WhenPermanentlyDeletingStaleCorruptTarget_ThenReadOnlyAndReadWriteBoth403(access: ReadOnly, selected: True, inherited: False) [235 ms]
  Error Message:
   Assert.Equal() Failure: Values differ
Expected: Forbidden
Actual:   NotFound
  Stack Trace:
     at ArturRios.Cerberus.WebApi.Tests.RecordPermanentDeleteHttpTests.Failure(HttpResponseMessage r, Int32 status, String error) in /tmp/cerberus-uc22-worktree/tests/Presentation/ArturRios.Cerberus.WebApi.Tests/RecordPermanentDeleteHttpTests.cs:line 191
   at ArturRios.Cerberus.WebApi.Tests.RecordPermanentDeleteHttpTests.GivenActualNativeVisibleForeignScope_WhenPermanentlyDeletingStaleCorruptTarget_ThenReadOnlyAndReadWriteBoth403(CollectionGrantAccess access, Boolean selected, Boolean inherited) in /tmp/cerberus-uc22-worktree/tests/Presentation/ArturRios.Cerberus.WebApi.Tests/RecordPermanentDeleteHttpTests.cs:line 102
--- End of stack trace from previous location ---
  Failed ArturRios.Cerberus.WebApi.Tests.RecordPermanentDeleteHttpTests.GivenActualNativeVisibleForeignScope_WhenPermanentlyDeletingStaleCorruptTarget_ThenReadOnlyAndReadWriteBoth403(access: ReadOnly, selected: False, inherited: False) [129 ms]
  Error Message:
   Assert.Equal() Failure: Values differ
Expected: Forbidden
Actual:   NotFound
  Stack Trace:
     at ArturRios.Cerberus.WebApi.Tests.RecordPermanentDeleteHttpTests.Failure(HttpResponseMessage r, Int32 status, String error) in /tmp/cerberus-uc22-worktree/tests/Presentation/ArturRios.Cerberus.WebApi.Tests/RecordPermanentDeleteHttpTests.cs:line 191
   at ArturRios.Cerberus.WebApi.Tests.RecordPermanentDeleteHttpTests.GivenActualNativeVisibleForeignScope_WhenPermanentlyDeletingStaleCorruptTarget_ThenReadOnlyAndReadWriteBoth403(CollectionGrantAccess access, Boolean selected, Boolean inherited) in /tmp/cerberus-uc22-worktree/tests/Presentation/ArturRios.Cerberus.WebApi.Tests/RecordPermanentDeleteHttpTests.cs:line 102
--- End of stack trace from previous location ---
  Failed ArturRios.Cerberus.WebApi.Tests.RecordPermanentDeleteHttpTests.GivenActualNativeVisibleForeignScope_WhenPermanentlyDeletingStaleCorruptTarget_ThenReadOnlyAndReadWriteBoth403(access: ReadOnly, selected: False, inherited: True) [117 ms]
  Error Message:
   Assert.Equal() Failure: Values differ
Expected: Forbidden
Actual:   NotFound
  Stack Trace:
     at ArturRios.Cerberus.WebApi.Tests.RecordPermanentDeleteHttpTests.Failure(HttpResponseMessage r, Int32 status, String error) in /tmp/cerberus-uc22-worktree/tests/Presentation/ArturRios.Cerberus.WebApi.Tests/RecordPermanentDeleteHttpTests.cs:line 191
   at ArturRios.Cerberus.WebApi.Tests.RecordPermanentDeleteHttpTests.GivenActualNativeVisibleForeignScope_WhenPermanentlyDeletingStaleCorruptTarget_ThenReadOnlyAndReadWriteBoth403(CollectionGrantAccess access, Boolean selected, Boolean inherited) in /tmp/cerberus-uc22-worktree/tests/Presentation/ArturRios.Cerberus.WebApi.Tests/RecordPermanentDeleteHttpTests.cs:line 102
--- End of stack trace from previous location ---
  Failed ArturRios.Cerberus.WebApi.Tests.RecordPermanentDeleteHttpTests.GivenActualNativeVisibleForeignScope_WhenPermanentlyDeletingStaleCorruptTarget_ThenReadOnlyAndReadWriteBoth403(access: ReadOnly, selected: True, inherited: True) [164 ms]
  Error Message:
   Assert.Equal() Failure: Values differ
Expected: Forbidden
Actual:   NotFound
  Stack Trace:
     at ArturRios.Cerberus.WebApi.Tests.RecordPermanentDeleteHttpTests.Failure(HttpResponseMessage r, Int32 status, String error) in /tmp/cerberus-uc22-worktree/tests/Presentation/ArturRios.Cerberus.WebApi.Tests/RecordPermanentDeleteHttpTests.cs:line 191
   at ArturRios.Cerberus.WebApi.Tests.RecordPermanentDeleteHttpTests.GivenActualNativeVisibleForeignScope_WhenPermanentlyDeletingStaleCorruptTarget_ThenReadOnlyAndReadWriteBoth403(CollectionGrantAccess access, Boolean selected, Boolean inherited) in /tmp/cerberus-uc22-worktree/tests/Presentation/ArturRios.Cerberus.WebApi.Tests/RecordPermanentDeleteHttpTests.cs:line 102
--- End of stack trace from previous location ---
  Failed ArturRios.Cerberus.WebApi.Tests.RecordPermanentDeleteHttpTests.GivenActualNativeVisibleForeignScope_WhenPermanentlyDeletingStaleCorruptTarget_ThenReadOnlyAndReadWriteBoth403(access: ReadWrite, selected: False, inherited: False) [209 ms]
  Error Message:
   Assert.Equal() Failure: Values differ
Expected: Forbidden
Actual:   NotFound
  Stack Trace:
     at ArturRios.Cerberus.WebApi.Tests.RecordPermanentDeleteHttpTests.Failure(HttpResponseMessage r, Int32 status, String error) in /tmp/cerberus-uc22-worktree/tests/Presentation/ArturRios.Cerberus.WebApi.Tests/RecordPermanentDeleteHttpTests.cs:line 191
   at ArturRios.Cerberus.WebApi.Tests.RecordPermanentDeleteHttpTests.GivenActualNativeVisibleForeignScope_WhenPermanentlyDeletingStaleCorruptTarget_ThenReadOnlyAndReadWriteBoth403(CollectionGrantAccess access, Boolean selected, Boolean inherited) in /tmp/cerberus-uc22-worktree/tests/Presentation/ArturRios.Cerberus.WebApi.Tests/RecordPermanentDeleteHttpTests.cs:line 102
--- End of stack trace from previous location ---
  Failed ArturRios.Cerberus.WebApi.Tests.RecordPermanentDeleteHttpTests.GivenHiddenTargetWithBadCipherAndStaleRevision_WhenPermanentlyDeleting_ThenNonrevealing404WithoutMutation(kind: "ancestorTerminal") [110 ms]
  Error Message:
   System.Text.Json.JsonReaderException : The input does not contain any JSON tokens. Expected the input to start with a valid JSON token, when isFinalBlock is true. LineNumber: 0 | BytePositionInLine: 0.
  Stack Trace:
     at System.Text.Json.ThrowHelper.ThrowJsonReaderException(Utf8JsonReader& json, ExceptionResource resource, Byte nextByte, ReadOnlySpan`1 bytes)
   at System.Text.Json.Utf8JsonReader.Read()
   at System.Text.Json.JsonDocument.Parse(ReadOnlySpan`1 utf8JsonSpan, JsonReaderOptions readerOptions, MetadataDb& database, StackRowStack& stack)
   at System.Text.Json.JsonDocument.Parse(ReadOnlyMemory`1 utf8Json, JsonReaderOptions readerOptions, Byte[] extraRentedArrayPoolBytes, PooledByteBufferWriter extraPooledByteBufferWriter, Boolean allowDuplicateProperties)
   at System.Text.Json.JsonDocument.Parse(ReadOnlyMemory`1 json, JsonDocumentOptions options)
   at ArturRios.Cerberus.WebApi.Tests.RecordPermanentDeleteHttpTests.Failure(HttpResponseMessage r, Int32 status, String error) in /tmp/cerberus-uc22-worktree/tests/Presentation/ArturRios.Cerberus.WebApi.Tests/RecordPermanentDeleteHttpTests.cs:line 191
   at ArturRios.Cerberus.WebApi.Tests.RecordPermanentDeleteHttpTests.GivenHiddenTargetWithBadCipherAndStaleRevision_WhenPermanentlyDeleting_ThenNonrevealing404WithoutMutation(String kind) in /tmp/cerberus-uc22-worktree/tests/Presentation/ArturRios.Cerberus.WebApi.Tests/RecordPermanentDeleteHttpTests.cs:line 125
--- End of stack trace from previous location ---
  Failed ArturRios.Cerberus.WebApi.Tests.RecordPermanentDeleteHttpTests.GivenHiddenTargetWithBadCipherAndStaleRevision_WhenPermanentlyDeleting_ThenNonrevealing404WithoutMutation(kind: "recordTerminal") [97 ms]
  Error Message:
   System.Text.Json.JsonReaderException : The input does not contain any JSON tokens. Expected the input to start with a valid JSON token, when isFinalBlock is true. LineNumber: 0 | BytePositionInLine: 0.
  Stack Trace:
     at System.Text.Json.ThrowHelper.ThrowJsonReaderException(Utf8JsonReader& json, ExceptionResource resource, Byte nextByte, ReadOnlySpan`1 bytes)
   at System.Text.Json.Utf8JsonReader.Read()
   at System.Text.Json.JsonDocument.Parse(ReadOnlySpan`1 utf8JsonSpan, JsonReaderOptions readerOptions, MetadataDb& database, StackRowStack& stack)
   at System.Text.Json.JsonDocument.Parse(ReadOnlyMemory`1 utf8Json, JsonReaderOptions readerOptions, Byte[] extraRentedArrayPoolBytes, PooledByteBufferWriter extraPooledByteBufferWriter, Boolean allowDuplicateProperties)
   at System.Text.Json.JsonDocument.Parse(ReadOnlyMemory`1 json, JsonDocumentOptions options)
   at ArturRios.Cerberus.WebApi.Tests.RecordPermanentDeleteHttpTests.Failure(HttpResponseMessage r, Int32 status, String error) in /tmp/cerberus-uc22-worktree/tests/Presentation/ArturRios.Cerberus.WebApi.Tests/RecordPermanentDeleteHttpTests.cs:line 191
   at ArturRios.Cerberus.WebApi.Tests.RecordPermanentDeleteHttpTests.GivenHiddenTargetWithBadCipherAndStaleRevision_WhenPermanentlyDeleting_ThenNonrevealing404WithoutMutation(String kind) in /tmp/cerberus-uc22-worktree/tests/Presentation/ArturRios.Cerberus.WebApi.Tests/RecordPermanentDeleteHttpTests.cs:line 125
--- End of stack trace from previous location ---
  Failed ArturRios.Cerberus.WebApi.Tests.RecordPermanentDeleteHttpTests.GivenHiddenTargetWithBadCipherAndStaleRevision_WhenPermanentlyDeleting_ThenNonrevealing404WithoutMutation(kind: "unselected") [203 ms]
  Error Message:
   System.Text.Json.JsonReaderException : The input does not contain any JSON tokens. Expected the input to start with a valid JSON token, when isFinalBlock is true. LineNumber: 0 | BytePositionInLine: 0.
  Stack Trace:
     at System.Text.Json.ThrowHelper.ThrowJsonReaderException(Utf8JsonReader& json, ExceptionResource resource, Byte nextByte, ReadOnlySpan`1 bytes)
   at System.Text.Json.Utf8JsonReader.Read()
   at System.Text.Json.JsonDocument.Parse(ReadOnlySpan`1 utf8JsonSpan, JsonReaderOptions readerOptions, MetadataDb& database, StackRowStack& stack)
   at System.Text.Json.JsonDocument.Parse(ReadOnlyMemory`1 utf8Json, JsonReaderOptions readerOptions, Byte[] extraRentedArrayPoolBytes, PooledByteBufferWriter extraPooledByteBufferWriter, Boolean allowDuplicateProperties)
   at System.Text.Json.JsonDocument.Parse(ReadOnlyMemory`1 json, JsonDocumentOptions options)
   at ArturRios.Cerberus.WebApi.Tests.RecordPermanentDeleteHttpTests.Failure(HttpResponseMessage r, Int32 status, String error) in /tmp/cerberus-uc22-worktree/tests/Presentation/ArturRios.Cerberus.WebApi.Tests/RecordPermanentDeleteHttpTests.cs:line 191
   at ArturRios.Cerberus.WebApi.Tests.RecordPermanentDeleteHttpTests.GivenHiddenTargetWithBadCipherAndStaleRevision_WhenPermanentlyDeleting_ThenNonrevealing404WithoutMutation(String kind) in /tmp/cerberus-uc22-worktree/tests/Presentation/ArturRios.Cerberus.WebApi.Tests/RecordPermanentDeleteHttpTests.cs:line 125
--- End of stack trace from previous location ---
{"Timestamp":"2026-10-09T04:48:34.2067073+00:00","Level":"Information","MessageTemplate":"Request completed. Code={Code}; Status={Status}","TraceId":"8dd785c20b5816d2e41c3062086c4fdb","SpanId":"2882e44954b47243","Properties":{"Code":"request_completed","Status":201,"SourceContext":"ArturRios.Cerberus.WebApi.Middleware.SafeFailureMiddleware","RequestId":"0HNP5O27J1MH7","RequestPath":"/api/records","CorrelationId":"6384ceaceacf4825a8a93bac1bc52166"}}
{"Timestamp":"2026-10-09T04:48:34.2374328+00:00","Level":"Information","MessageTemplate":"Request completed. Code={Code}; Status={Status}","TraceId":"607fef32975fc9939833b32bb0d63e7c","SpanId":"6a072217e8e719cf","Properties":{"Code":"request_completed","Status":404,"SourceContext":"ArturRios.Cerberus.WebApi.Middleware.SafeFailureMiddleware","RequestId":"0HNP5O27J1MH8","RequestPath":"/api/records/b85c954e-3411-4046-ae28-57c1ad1fc4cb/permanent","CorrelationId":"ba1fd659a5e042e68517ff55802d2c79"}}
[xUnit.net 00:00:15.41]     ArturRios.Cerberus.WebApi.Tests.RecordPermanentDeleteHttpTests.GivenHiddenTargetWithBadCipherAndStaleRevision_WhenPermanentlyDeleting_ThenNonrevealing404WithoutMutation(kind: "ownerTerminal") [FAIL]
[xUnit.net 00:00:15.41]       System.Text.Json.JsonReaderException : The input does not contain any JSON tokens. Expected the input to start with a valid JSON token, when isFinalBlock is true. LineNumber: 0 | BytePositionInLine: 0.
[xUnit.net 00:00:15.41]       Stack Trace:
[xUnit.net 00:00:15.41]            at System.Text.Json.ThrowHelper.ThrowJsonReaderException(Utf8JsonReader& json, ExceptionResource resource, Byte nextByte, ReadOnlySpan`1 bytes)
[xUnit.net 00:00:15.41]            at System.Text.Json.Utf8JsonReader.Read()
[xUnit.net 00:00:15.41]            at System.Text.Json.JsonDocument.Parse(ReadOnlySpan`1 utf8JsonSpan, JsonReaderOptions readerOptions, MetadataDb& database, StackRowStack& stack)
[xUnit.net 00:00:15.41]            at System.Text.Json.JsonDocument.Parse(ReadOnlyMemory`1 utf8Json, JsonReaderOptions readerOptions, Byte[] extraRentedArrayPoolBytes, PooledByteBufferWriter extraPooledByteBufferWriter, Boolean allowDuplicateProperties)
[xUnit.net 00:00:15.41]            at System.Text.Json.JsonDocument.Parse(ReadOnlyMemory`1 json, JsonDocumentOptions options)
[xUnit.net 00:00:15.41]         /tmp/cerberus-uc22-worktree/tests/Presentation/ArturRios.Cerberus.WebApi.Tests/RecordPermanentDeleteHttpTests.cs(191,0): at ArturRios.Cerberus.WebApi.Tests.RecordPermanentDeleteHttpTests.Failure(HttpResponseMessage r, Int32 status, String error)
[xUnit.net 00:00:15.41]         /tmp/cerberus-uc22-worktree/tests/Presentation/ArturRios.Cerberus.WebApi.Tests/RecordPermanentDeleteHttpTests.cs(125,0): at ArturRios.Cerberus.WebApi.Tests.RecordPermanentDeleteHttpTests.GivenHiddenTargetWithBadCipherAndStaleRevision_WhenPermanentlyDeleting_ThenNonrevealing404WithoutMutation(String kind)
[xUnit.net 00:00:15.41]         --- End of stack trace from previous location ---
{"Timestamp":"2026-10-09T04:48:34.3422345+00:00","Level":"Information","MessageTemplate":"Request completed. Code={Code}; Status={Status}","TraceId":"e418ab4564e0714b6a2b5571355e13a1","SpanId":"f58a39cad0874e6b","Properties":{"Code":"request_completed","Status":201,"SourceContext":"ArturRios.Cerberus.WebApi.Middleware.SafeFailureMiddleware","RequestId":"0HNP5O27J1MH9","RequestPath":"/api/records","CorrelationId":"a6d001d17731410bb245340f8012c9d9"}}
{"Timestamp":"2026-10-09T04:48:34.3726526+00:00","Level":"Information","MessageTemplate":"Request completed. Code={Code}; Status={Status}","TraceId":"ba88330425a700ef8986a210d9573d4b","SpanId":"a6c722b360e6b77b","Properties":{"Code":"request_completed","Status":404,"SourceContext":"ArturRios.Cerberus.WebApi.Middleware.SafeFailureMiddleware","RequestId":"0HNP5O27J1MHA","RequestPath":"/api/records/9b6aea96-38eb-4996-87ca-368111129288/permanent","CorrelationId":"f2f1a6f096d14bf1923b451cf41edab6"}}
[xUnit.net 00:00:15.54]     ArturRios.Cerberus.WebApi.Tests.RecordPermanentDeleteHttpTests.GivenHiddenTargetWithBadCipherAndStaleRevision_WhenPermanentlyDeleting_ThenNonrevealing404WithoutMutation(kind: "ownerClosing") [FAIL]
[xUnit.net 00:00:15.54]       System.Text.Json.JsonReaderException : The input does not contain any JSON tokens. Expected the input to start with a valid JSON token, when isFinalBlock is true. LineNumber: 0 | BytePositionInLine: 0.
[xUnit.net 00:00:15.54]       Stack Trace:
[xUnit.net 00:00:15.54]            at System.Text.Json.ThrowHelper.ThrowJsonReaderException(Utf8JsonReader& json, ExceptionResource resource, Byte nextByte, ReadOnlySpan`1 bytes)
[xUnit.net 00:00:15.54]            at System.Text.Json.Utf8JsonReader.Read()
[xUnit.net 00:00:15.54]            at System.Text.Json.JsonDocument.Parse(ReadOnlySpan`1 utf8JsonSpan, JsonReaderOptions readerOptions, MetadataDb& database, StackRowStack& stack)
[xUnit.net 00:00:15.54]            at System.Text.Json.JsonDocument.Parse(ReadOnlyMemory`1 utf8Json, JsonReaderOptions readerOptions, Byte[] extraRentedArrayPoolBytes, PooledByteBufferWriter extraPooledByteBufferWriter, Boolean allowDuplicateProperties)
[xUnit.net 00:00:15.54]            at System.Text.Json.JsonDocument.Parse(ReadOnlyMemory`1 json, JsonDocumentOptions options)
[xUnit.net 00:00:15.54]         /tmp/cerberus-uc22-worktree/tests/Presentation/ArturRios.Cerberus.WebApi.Tests/RecordPermanentDeleteHttpTests.cs(191,0): at ArturRios.Cerberus.WebApi.Tests.RecordPermanentDeleteHttpTests.Failure(HttpResponseMessage r, Int32 status, String error)
[xUnit.net 00:00:15.54]         /tmp/cerberus-uc22-worktree/tests/Presentation/ArturRios.Cerberus.WebApi.Tests/RecordPermanentDeleteHttpTests.cs(125,0): at ArturRios.Cerberus.WebApi.Tests.RecordPermanentDeleteHttpTests.GivenHiddenTargetWithBadCipherAndStaleRevision_WhenPermanentlyDeleting_ThenNonrevealing404WithoutMutation(String kind)
[xUnit.net 00:00:15.54]         --- End of stack trace from previous location ---
{"Timestamp":"2026-10-09T04:48:34.4497303+00:00","Level":"Information","MessageTemplate":"Request completed. Code={Code}; Status={Status}","TraceId":"093ac39eda3ddd0d1d37e0e33bae759a","SpanId":"0f9be839544aeade","Properties":{"Code":"request_completed","Status":201,"SourceContext":"ArturRios.Cerberus.WebApi.Middleware.SafeFailureMiddleware","RequestId":"0HNP5O27J1MHB","RequestPath":"/api/records","CorrelationId":"6e3ba7346d1242e8bf1520efe6a95662"}}
{"Timestamp":"2026-10-09T04:48:34.4733959+00:00","Level":"Information","MessageTemplate":"Request completed. Code={Code}; Status={Status}","TraceId":"25675d59a4a1a3663dab3787a85a1321","SpanId":"8a4ca74cd56e0cbe","Properties":{"Code":"request_completed","Status":404,"SourceContext":"ArturRios.Cerberus.WebApi.Middleware.SafeFailureMiddleware","RequestId":"0HNP5O27J1MHC","RequestPath":"/api/records/b5e1023a-8f53-4b96-bab5-dc9119f07e04/permanent","CorrelationId":"c1c114b409f24560899b1637b68b87f0"}}
[xUnit.net 00:00:15.64]     ArturRios.Cerberus.WebApi.Tests.RecordPermanentDeleteHttpTests.GivenHiddenTargetWithBadCipherAndStaleRevision_WhenPermanentlyDeleting_ThenNonrevealing404WithoutMutation(kind: "foreign") [FAIL]
[xUnit.net 00:00:15.64]       System.Text.Json.JsonReaderException : The input does not contain any JSON tokens. Expected the input to start with a valid JSON token, when isFinalBlock is true. LineNumber: 0 | BytePositionInLine: 0.
[xUnit.net 00:00:15.64]       Stack Trace:
[xUnit.net 00:00:15.64]            at System.Text.Json.ThrowHelper.ThrowJsonReaderException(Utf8JsonReader& json, ExceptionResource resource, Byte nextByte, ReadOnlySpan`1 bytes)
[xUnit.net 00:00:15.64]            at System.Text.Json.Utf8JsonReader.Read()
[xUnit.net 00:00:15.64]            at System.Text.Json.JsonDocument.Parse(ReadOnlySpan`1 utf8JsonSpan, JsonReaderOptions readerOptions, MetadataDb& database, StackRowStack& stack)
[xUnit.net 00:00:15.64]            at System.Text.Json.JsonDocument.Parse(ReadOnlyMemory`1 utf8Json, JsonReaderOptions readerOptions, Byte[] extraRentedArrayPoolBytes, PooledByteBufferWriter extraPooledByteBufferWriter, Boolean allowDuplicateProperties)
[xUnit.net 00:00:15.64]            at System.Text.Json.JsonDocument.Parse(ReadOnlyMemory`1 json, JsonDocumentOptions options)
[xUnit.net 00:00:15.64]         /tmp/cerberus-uc22-worktree/tests/Presentation/ArturRios.Cerberus.WebApi.Tests/RecordPermanentDeleteHttpTests.cs(191,0): at ArturRios.Cerberus.WebApi.Tests.RecordPermanentDeleteHttpTests.Failure(HttpResponseMessage r, Int32 status, String error)
[xUnit.net 00:00:15.64]         /tmp/cerberus-uc22-worktree/tests/Presentation/ArturRios.Cerberus.WebApi.Tests/RecordPermanentDeleteHttpTests.cs(125,0): at ArturRios.Cerberus.WebApi.Tests.RecordPermanentDeleteHttpTests.GivenHiddenTargetWithBadCipherAndStaleRevision_WhenPermanentlyDeleting_ThenNonrevealing404WithoutMutation(String kind)
[xUnit.net 00:00:15.64]         --- End of stack trace from previous location ---
{"Timestamp":"2026-10-09T04:48:34.5468918+00:00","Level":"Information","MessageTemplate":"Request completed. Code={Code}; Status={Status}","TraceId":"22b5a1b6e34f7b3e5157ab9e413db460","SpanId":"b5f9b627b51294e9","Properties":{"Code":"request_completed","Status":201,"SourceContext":"ArturRios.Cerberus.WebApi.Middleware.SafeFailureMiddleware","RequestId":"0HNP5O27J1MHD","RequestPath":"/api/records","CorrelationId":"c3c78bcc056b449c9cb7b5470f18d44f"}}
{"Timestamp":"2026-10-09T04:48:34.5781676+00:00","Level":"Information","MessageTemplate":"Request completed. Code={Code}; Status={Status}","TraceId":"51bbaac6110767195d317aee74c3c87e","SpanId":"0f1ef45cb9cfc189","Properties":{"Code":"request_completed","Status":404,"SourceContext":"ArturRios.Cerberus.WebApi.Middleware.SafeFailureMiddleware","RequestId":"0HNP5O27J1MHE","RequestPath":"/api/records/f4909f5b-c5b6-4d79-a166-869526104887/permanent","CorrelationId":"96fbe770b57d44d7a2bfd4fe9a8104e9"}}
[xUnit.net 00:00:15.75]     ArturRios.Cerberus.WebApi.Tests.RecordPermanentDeleteHttpTests.GivenHiddenTargetWithBadCipherAndStaleRevision_WhenPermanentlyDeleting_ThenNonrevealing404WithoutMutation(kind: "recordTrash") [FAIL]
[xUnit.net 00:00:15.75]       System.Text.Json.JsonReaderException : The input does not contain any JSON tokens. Expected the input to start with a valid JSON token, when isFinalBlock is true. LineNumber: 0 | BytePositionInLine: 0.
[xUnit.net 00:00:15.75]       Stack Trace:
[xUnit.net 00:00:15.75]            at System.Text.Json.ThrowHelper.ThrowJsonReaderException(Utf8JsonReader& json, ExceptionResource resource, Byte nextByte, ReadOnlySpan`1 bytes)
[xUnit.net 00:00:15.75]            at System.Text.Json.Utf8JsonReader.Read()
[xUnit.net 00:00:15.75]            at System.Text.Json.JsonDocument.Parse(ReadOnlySpan`1 utf8JsonSpan, JsonReaderOptions readerOptions, MetadataDb& database, StackRowStack& stack)
[xUnit.net 00:00:15.75]            at System.Text.Json.JsonDocument.Parse(ReadOnlyMemory`1 utf8Json, JsonReaderOptions readerOptions, Byte[] extraRentedArrayPoolBytes, PooledByteBufferWriter extraPooledByteBufferWriter, Boolean allowDuplicateProperties)
[xUnit.net 00:00:15.75]            at System.Text.Json.JsonDocument.Parse(ReadOnlyMemory`1 json, JsonDocumentOptions options)
[xUnit.net 00:00:15.75]         /tmp/cerberus-uc22-worktree/tests/Presentation/ArturRios.Cerberus.WebApi.Tests/RecordPermanentDeleteHttpTests.cs(191,0): at ArturRios.Cerberus.WebApi.Tests.RecordPermanentDeleteHttpTests.Failure(HttpResponseMessage r, Int32 status, String error)
[xUnit.net 00:00:15.75]         /tmp/cerberus-uc22-worktree/tests/Presentation/ArturRios.Cerberus.WebApi.Tests/RecordPermanentDeleteHttpTests.cs(125,0): at ArturRios.Cerberus.WebApi.Tests.RecordPermanentDeleteHttpTests.GivenHiddenTargetWithBadCipherAndStaleRevision_WhenPermanentlyDeleting_ThenNonrevealing404WithoutMutation(String kind)
[xUnit.net 00:00:15.75]         --- End of stack trace from previous location ---
{"Timestamp":"2026-10-09T04:48:34.6498405+00:00","Level":"Information","MessageTemplate":"Request completed. Code={Code}; Status={Status}","TraceId":"8bada19218d8235df182f54ca46ea2eb","SpanId":"40c23b490bb2f591","Properties":{"Code":"request_completed","Status":201,"SourceContext":"ArturRios.Cerberus.WebApi.Middleware.SafeFailureMiddleware","RequestId":"0HNP5O27J1MHF","RequestPath":"/api/records","CorrelationId":"579b90dd249b494aa453fe1dd09e5f60"}}
{"Timestamp":"2026-10-09T04:48:34.6740819+00:00","Level":"Information","MessageTemplate":"Request completed. Code={Code}; Status={Status}","TraceId":"05a9978cb91cb83e042e4d913a58b7c7","SpanId":"191ce8a2ec484ebe","Properties":{"Code":"request_completed","Status":404,"SourceContext":"ArturRios.Cerberus.WebApi.Middleware.SafeFailureMiddleware","RequestId":"0HNP5O27J1MHG","RequestPath":"/api/records/d569eee0-3eed-4cac-bae2-05fc733015d8/permanent","CorrelationId":"473b3b452707402b909171cde94ba428"}}
[xUnit.net 00:00:15.84]     ArturRios.Cerberus.WebApi.Tests.RecordPermanentDeleteHttpTests.GivenHiddenTargetWithBadCipherAndStaleRevision_WhenPermanentlyDeleting_ThenNonrevealing404WithoutMutation(kind: "ancestorTrash") [FAIL]
[xUnit.net 00:00:15.84]       System.Text.Json.JsonReaderException : The input does not contain any JSON tokens. Expected the input to start with a valid JSON token, when isFinalBlock is true. LineNumber: 0 | BytePositionInLine: 0.
[xUnit.net 00:00:15.84]       Stack Trace:
[xUnit.net 00:00:15.84]            at System.Text.Json.ThrowHelper.ThrowJsonReaderException(Utf8JsonReader& json, ExceptionResource resource, Byte nextByte, ReadOnlySpan`1 bytes)
[xUnit.net 00:00:15.84]            at System.Text.Json.Utf8JsonReader.Read()
[xUnit.net 00:00:15.84]            at System.Text.Json.JsonDocument.Parse(ReadOnlySpan`1 utf8JsonSpan, JsonReaderOptions readerOptions, MetadataDb& database, StackRowStack& stack)
[xUnit.net 00:00:15.84]            at System.Text.Json.JsonDocument.Parse(ReadOnlyMemory`1 utf8Json, JsonReaderOptions readerOptions, Byte[] extraRentedArrayPoolBytes, PooledByteBufferWriter extraPooledByteBufferWriter, Boolean allowDuplicateProperties)
[xUnit.net 00:00:15.84]            at System.Text.Json.JsonDocument.Parse(ReadOnlyMemory`1 json, JsonDocumentOptions options)
[xUnit.net 00:00:15.84]         /tmp/cerberus-uc22-worktree/tests/Presentation/ArturRios.Cerberus.WebApi.Tests/RecordPermanentDeleteHttpTests.cs(191,0): at ArturRios.Cerberus.WebApi.Tests.RecordPermanentDeleteHttpTests.Failure(HttpResponseMessage r, Int32 status, String error)
[xUnit.net 00:00:15.84]         /tmp/cerberus-uc22-worktree/tests/Presentation/ArturRios.Cerberus.WebApi.Tests/RecordPermanentDeleteHttpTests.cs(125,0): at ArturRios.Cerberus.WebApi.Tests.RecordPermanentDeleteHttpTests.GivenHiddenTargetWithBadCipherAndStaleRevision_WhenPermanentlyDeleting_ThenNonrevealing404WithoutMutation(String kind)
[xUnit.net 00:00:15.84]         --- End of stack trace from previous location ---
{"Timestamp":"2026-10-09T04:48:34.7432920+00:00","Level":"Information","MessageTemplate":"Request completed. Code={Code}; Status={Status}","TraceId":"f6e95969a3fd8aae4df913b6d0704482","SpanId":"0c1af01416439cfd","Properties":{"Code":"request_completed","Status":201,"SourceContext":"ArturRios.Cerberus.WebApi.Middleware.SafeFailureMiddleware","RequestId":"0HNP5O27J1MHH","RequestPath":"/api/records","CorrelationId":"1c0fcdb4ba404e5ba4a6ad2b8e0dc4fa"}}
{"Timestamp":"2026-10-09T04:48:34.7733881+00:00","Level":"Information","MessageTemplate":"Request completed. Code={Code}; Status={Status}","TraceId":"d6f7a2cd2b8878a42d37ddbf05812e22","SpanId":"e23f453bc75b5f60","Properties":{"Code":"request_completed","Status":404,"SourceContext":"ArturRios.Cerberus.WebApi.Middleware.SafeFailureMiddleware","RequestId":"0HNP5O27J1MHI","RequestPath":"/api/records/d2c39387-097d-4b4b-8361-3a2a3a9267eb/permanent","CorrelationId":"6be3dfb7e1c54c97ab7a833dcab12ae2"}}
[xUnit.net 00:00:15.94]     ArturRios.Cerberus.WebApi.Tests.RecordPermanentDeleteHttpTests.GivenHiddenTargetWithBadCipherAndStaleRevision_WhenPermanentlyDeleting_ThenNonrevealing404WithoutMutation(kind: "revoked") [FAIL]
[xUnit.net 00:00:15.94]       System.Text.Json.JsonReaderException : The input does not contain any JSON tokens. Expected the input to start with a valid JSON token, when isFinalBlock is true. LineNumber: 0 | BytePositionInLine: 0.
[xUnit.net 00:00:15.94]       Stack Trace:
[xUnit.net 00:00:15.94]            at System.Text.Json.ThrowHelper.ThrowJsonReaderException(Utf8JsonReader& json, ExceptionResource resource, Byte nextByte, ReadOnlySpan`1 bytes)
[xUnit.net 00:00:15.94]            at System.Text.Json.Utf8JsonReader.Read()
[xUnit.net 00:00:15.94]            at System.Text.Json.JsonDocument.Parse(ReadOnlySpan`1 utf8JsonSpan, JsonReaderOptions readerOptions, MetadataDb& database, StackRowStack& stack)
[xUnit.net 00:00:15.94]            at System.Text.Json.JsonDocument.Parse(ReadOnlyMemory`1 utf8Json, JsonReaderOptions readerOptions, Byte[] extraRentedArrayPoolBytes, PooledByteBufferWriter extraPooledByteBufferWriter, Boolean allowDuplicateProperties)
[xUnit.net 00:00:15.94]            at System.Text.Json.JsonDocument.Parse(ReadOnlyMemory`1 json, JsonDocumentOptions options)
[xUnit.net 00:00:15.94]         /tmp/cerberus-uc22-worktree/tests/Presentation/ArturRios.Cerberus.WebApi.Tests/RecordPermanentDeleteHttpTests.cs(191,0): at ArturRios.Cerberus.WebApi.Tests.RecordPermanentDeleteHttpTests.Failure(HttpResponseMessage r, Int32 status, String error)
[xUnit.net 00:00:15.94]         /tmp/cerberus-uc22-worktree/tests/Presentation/ArturRios.Cerberus.WebApi.Tests/RecordPermanentDeleteHttpTests.cs(125,0): at ArturRios.Cerberus.WebApi.Tests.RecordPermanentDeleteHttpTests.GivenHiddenTargetWithBadCipherAndStaleRevision_WhenPermanentlyDeleting_ThenNonrevealing404WithoutMutation(String kind)
[xUnit.net 00:00:15.94]         --- End of stack trace from previous location ---
{"Timestamp":"2026-10-09T04:48:34.8584760+00:00","Level":"Information","MessageTemplate":"Request completed. Code={Code}; Status={Status}","TraceId":"d93734b7480036be3df8a8267dc0a302","SpanId":"33b2f5a6df3d629a","Properties":{"Code":"request_completed","Status":201,"SourceContext":"ArturRios.Cerberus.WebApi.Middleware.SafeFailureMiddleware","RequestId":"0HNP5O27J1MHJ","RequestPath":"/api/records","CorrelationId":"8fd40c2af0054a0a9de68c0800c1950f"}}
{"Timestamp":"2026-10-09T04:48:34.9186455+00:00","Level":"Information","MessageTemplate":"Request completed. Code={Code}; Status={Status}","TraceId":"daa4a69abd68d8408e2eadf0a6e3f52e","SpanId":"6c9d65e4fa622542","Properties":{"Code":"request_completed","Status":404,"SourceContext":"ArturRios.Cerberus.WebApi.Middleware.SafeFailureMiddleware","RequestId":"0HNP5O27J1MHK","RequestPath":"/api/records/1c4aadfc-794e-424b-bbce-50725457a640/permanent","CorrelationId":"ac136b0c931b43248b2eccab062286a3"}}
[xUnit.net 00:00:16.08]     ArturRios.Cerberus.WebApi.Tests.RecordPermanentDeleteHttpTests.GivenHiddenTargetWithBadCipherAndStaleRevision_WhenPermanentlyDeleting_ThenNonrevealing404WithoutMutation(kind: "collectionTrash") [FAIL]
[xUnit.net 00:00:16.08]       System.Text.Json.JsonReaderException : The input does not contain any JSON tokens. Expected the input to start with a valid JSON token, when isFinalBlock is true. LineNumber: 0 | BytePositionInLine: 0.
[xUnit.net 00:00:16.08]       Stack Trace:
[xUnit.net 00:00:16.08]            at System.Text.Json.ThrowHelper.ThrowJsonReaderException(Utf8JsonReader& json, ExceptionResource resource, Byte nextByte, ReadOnlySpan`1 bytes)
[xUnit.net 00:00:16.08]            at System.Text.Json.Utf8JsonReader.Read()
[xUnit.net 00:00:16.08]            at System.Text.Json.JsonDocument.Parse(ReadOnlySpan`1 utf8JsonSpan, JsonReaderOptions readerOptions, MetadataDb& database, StackRowStack& stack)
[xUnit.net 00:00:16.08]            at System.Text.Json.JsonDocument.Parse(ReadOnlyMemory`1 utf8Json, JsonReaderOptions readerOptions, Byte[] extraRentedArrayPoolBytes, PooledByteBufferWriter extraPooledByteBufferWriter, Boolean allowDuplicateProperties)
[xUnit.net 00:00:16.08]            at System.Text.Json.JsonDocument.Parse(ReadOnlyMemory`1 json, JsonDocumentOptions options)
[xUnit.net 00:00:16.08]         /tmp/cerberus-uc22-worktree/tests/Presentation/ArturRios.Cerberus.WebApi.Tests/RecordPermanentDeleteHttpTests.cs(191,0): at ArturRios.Cerberus.WebApi.Tests.RecordPermanentDeleteHttpTests.Failure(HttpResponseMessage r, Int32 status, String error)
[xUnit.net 00:00:16.08]         /tmp/cerberus-uc22-worktree/tests/Presentation/ArturRios.Cerberus.WebApi.Tests/RecordPermanentDeleteHttpTests.cs(125,0): at ArturRios.Cerberus.WebApi.Tests.RecordPermanentDeleteHttpTests.GivenHiddenTargetWithBadCipherAndStaleRevision_WhenPermanentlyDeleting_ThenNonrevealing404WithoutMutation(String kind)
[xUnit.net 00:00:16.08]         --- End of stack trace from previous location ---
{"Timestamp":"2026-10-09T04:48:34.9819441+00:00","Level":"Information","MessageTemplate":"Request completed. Code={Code}; Status={Status}","TraceId":"6679de6019b20d8387e2345b2a575693","SpanId":"cf0a489a755a1720","Properties":{"Code":"request_completed","Status":201,"SourceContext":"ArturRios.Cerberus.WebApi.Middleware.SafeFailureMiddleware","RequestId":"0HNP5O27J1MHL","RequestPath":"/api/records","CorrelationId":"4bc74b8f53884320a43f0310a89cc1d0"}}
{"Timestamp":"2026-10-09T04:48:35.0113467+00:00","Level":"Information","MessageTemplate":"Request completed. Code={Code}; Status={Status}","TraceId":"3b6f3750ddcefbba33d4f6c9e00fe408","SpanId":"e05508da1543a4b4","Properties":{"Code":"request_completed","Status":404,"SourceContext":"ArturRios.Cerberus.WebApi.Middleware.SafeFailureMiddleware","RequestId":"0HNP5O27J1MHM","RequestPath":"/api/records/3beed993-50ea-43bc-96b0-63fbc4a27035/permanent","CorrelationId":"7a65f384d071476291c54182a4d8fed2"}}
[xUnit.net 00:00:16.18]     ArturRios.Cerberus.WebApi.Tests.RecordPermanentDeleteHttpTests.GivenHiddenTargetWithBadCipherAndStaleRevision_WhenPermanentlyDeleting_ThenNonrevealing404WithoutMutation(kind: "missing") [FAIL]
[xUnit.net 00:00:16.18]       System.Text.Json.JsonReaderException : The input does not contain any JSON tokens. Expected the input to start with a valid JSON token, when isFinalBlock is true. LineNumber: 0 | BytePositionInLine: 0.
[xUnit.net 00:00:16.18]       Stack Trace:
[xUnit.net 00:00:16.18]            at System.Text.Json.ThrowHelper.ThrowJsonReaderException(Utf8JsonReader& json, ExceptionResource resource, Byte nextByte, ReadOnlySpan`1 bytes)
[xUnit.net 00:00:16.18]            at System.Text.Json.Utf8JsonReader.Read()
[xUnit.net 00:00:16.18]            at System.Text.Json.JsonDocument.Parse(ReadOnlySpan`1 utf8JsonSpan, JsonReaderOptions readerOptions, MetadataDb& database, StackRowStack& stack)
[xUnit.net 00:00:16.18]            at System.Text.Json.JsonDocument.Parse(ReadOnlyMemory`1 utf8Json, JsonReaderOptions readerOptions, Byte[] extraRentedArrayPoolBytes, PooledByteBufferWriter extraPooledByteBufferWriter, Boolean allowDuplicateProperties)
[xUnit.net 00:00:16.18]            at System.Text.Json.JsonDocument.Parse(ReadOnlyMemory`1 json, JsonDocumentOptions options)
[xUnit.net 00:00:16.18]         /tmp/cerberus-uc22-worktree/tests/Presentation/ArturRios.Cerberus.WebApi.Tests/RecordPermanentDeleteHttpTests.cs(191,0): at ArturRios.Cerberus.WebApi.Tests.RecordPermanentDeleteHttpTests.Failure(HttpResponseMessage r, Int32 status, String error)
[xUnit.net 00:00:16.18]         /tmp/cerberus-uc22-worktree/tests/Presentation/ArturRios.Cerberus.WebApi.Tests/RecordPermanentDeleteHttpTests.cs(125,0): at ArturRios.Cerberus.WebApi.Tests.RecordPermanentDeleteHttpTests.GivenHiddenTargetWithBadCipherAndStaleRevision_WhenPermanentlyDeleting_ThenNonrevealing404WithoutMutation(String kind)
[xUnit.net 00:00:16.18]         --- End of stack trace from previous location ---
{"Timestamp":"2026-10-09T04:48:35.1216914+00:00","Level":"Information","MessageTemplate":"Request completed. Code={Code}; Status={Status}","TraceId":"5d6da21b740cf36e4658ca6c54e75bd3","SpanId":"4c957ae1118eba97","Properties":{"Code":"request_completed","Status":201,"SourceContext":"ArturRios.Cerberus.WebApi.Middleware.SafeFailureMiddleware","RequestId":"0HNP5O27J1MHN","RequestPath":"/api/profiles","CorrelationId":"56ab8cbd0b5e4107aba8f27b1508b8c6"}}
{"Timestamp":"2026-10-09T04:48:35.1473011+00:00","Level":"Information","MessageTemplate":"Request completed. Code={Code}; Status={Status}","TraceId":"798d09e47fa08576f934ec3eb625eece","SpanId":"0f059393a5f56edf","Properties":{"Code":"request_completed","Status":201,"SourceContext":"ArturRios.Cerberus.WebApi.Middleware.SafeFailureMiddleware","RequestId":"0HNP5O27J1MHO","RequestPath":"/api/records","CorrelationId":"eff61e33ccee4190b3854837cbfb0ec6"}}
{"Timestamp":"2026-10-09T04:48:35.1760591+00:00","Level":"Information","MessageTemplate":"Request completed. Code={Code}; Status={Status}","TraceId":"a77e5795af84ecd583feb976c6414b67","SpanId":"be60ee0bfc116080","Properties":{"Code":"request_completed","Status":201,"SourceContext":"ArturRios.Cerberus.WebApi.Middleware.SafeFailureMiddleware","RequestId":"0HNP5O27J1MHP","RequestPath":"/api/profiles/33f7eb5e-ea6c-4fb0-b75e-b494ca8acfda/access/challenges","CorrelationId":"f5292a53d0124144b2067598fdff15d9"}}
{"Timestamp":"2026-10-09T04:48:35.2455969+00:00","Level":"Information","MessageTemplate":"Request completed. Code={Code}; Status={Status}","TraceId":"47b94f5c0b10264c75aacfd0dadc3989","SpanId":"32768b578a954352","Properties":{"Code":"request_completed","Status":200,"SourceContext":"ArturRios.Cerberus.WebApi.Middleware.SafeFailureMiddleware","RequestId":"0HNP5O27J1MHQ","RequestPath":"/api/profiles/33f7eb5e-ea6c-4fb0-b75e-b494ca8acfda/access","CorrelationId":"adf36b6a28d24de48cccb98a32811f19"}}
{"Timestamp":"2026-10-09T04:48:35.2549135+00:00","Level":"Information","MessageTemplate":"Request completed. Code={Code}; Status={Status}","TraceId":"5272d175a501db79e990d7e26cdd7596","SpanId":"292e4bc7d9a679f0","Properties":{"Code":"request_completed","Status":404,"SourceContext":"ArturRios.Cerberus.WebApi.Middleware.SafeFailureMiddleware","RequestId":"0HNP5O27J1MHR","RequestPath":"/api/records/516c8dea-e138-4662-a721-0836d267500f/permanent","CorrelationId":"680973c185674902863f18f0b9054dfd"}}
[xUnit.net 00:00:16.43]     ArturRios.Cerberus.WebApi.Tests.RecordPermanentDeleteHttpTests.GivenActualNativeOwnedActiveOrTrashedProfileScope_WhenPermanentlyDeleting_ThenDurableErasureAndExactlyTwoMetadataFields(mode: "PerProfile", folderRoute: True, trashed: False) [FAIL]
[xUnit.net 00:00:16.43]       Assert.Contains() Failure: Sub-string not found
[xUnit.net 00:00:16.43]       String:    ""
[xUnit.net 00:00:16.43]       Not found: "record_permanently_deleted"
[xUnit.net 00:00:16.43]       Stack Trace:
[xUnit.net 00:00:16.43]         /tmp/cerberus-uc22-worktree/tests/Presentation/ArturRios.Cerberus.WebApi.Tests/RecordPermanentDeleteHttpTests.cs(46,0): at ArturRios.Cerberus.WebApi.Tests.RecordPermanentDeleteHttpTests.GivenActualNativeOwnedActiveOrTrashedProfileScope_WhenPermanentlyDeleting_ThenDurableErasureAndExactlyTwoMetadataFields(String mode, Boolean folderRoute, Boolean trashed)
[xUnit.net 00:00:16.43]         --- End of stack trace from previous location ---
  Failed ArturRios.Cerberus.WebApi.Tests.RecordPermanentDeleteHttpTests.GivenHiddenTargetWithBadCipherAndStaleRevision_WhenPermanentlyDeleting_ThenNonrevealing404WithoutMutation(kind: "ownerTerminal") [105 ms]
  Error Message:
   System.Text.Json.JsonReaderException : The input does not contain any JSON tokens. Expected the input to start with a valid JSON token, when isFinalBlock is true. LineNumber: 0 | BytePositionInLine: 0.
  Stack Trace:
     at System.Text.Json.ThrowHelper.ThrowJsonReaderException(Utf8JsonReader& json, ExceptionResource resource, Byte nextByte, ReadOnlySpan`1 bytes)
   at System.Text.Json.Utf8JsonReader.Read()
   at System.Text.Json.JsonDocument.Parse(ReadOnlySpan`1 utf8JsonSpan, JsonReaderOptions readerOptions, MetadataDb& database, StackRowStack& stack)
   at System.Text.Json.JsonDocument.Parse(ReadOnlyMemory`1 utf8Json, JsonReaderOptions readerOptions, Byte[] extraRentedArrayPoolBytes, PooledByteBufferWriter extraPooledByteBufferWriter, Boolean allowDuplicateProperties)
   at System.Text.Json.JsonDocument.Parse(ReadOnlyMemory`1 json, JsonDocumentOptions options)
   at ArturRios.Cerberus.WebApi.Tests.RecordPermanentDeleteHttpTests.Failure(HttpResponseMessage r, Int32 status, String error) in /tmp/cerberus-uc22-worktree/tests/Presentation/ArturRios.Cerberus.WebApi.Tests/RecordPermanentDeleteHttpTests.cs:line 191
   at ArturRios.Cerberus.WebApi.Tests.RecordPermanentDeleteHttpTests.GivenHiddenTargetWithBadCipherAndStaleRevision_WhenPermanentlyDeleting_ThenNonrevealing404WithoutMutation(String kind) in /tmp/cerberus-uc22-worktree/tests/Presentation/ArturRios.Cerberus.WebApi.Tests/RecordPermanentDeleteHttpTests.cs:line 125
--- End of stack trace from previous location ---
  Failed ArturRios.Cerberus.WebApi.Tests.RecordPermanentDeleteHttpTests.GivenHiddenTargetWithBadCipherAndStaleRevision_WhenPermanentlyDeleting_ThenNonrevealing404WithoutMutation(kind: "ownerClosing") [132 ms]
  Error Message:
   System.Text.Json.JsonReaderException : The input does not contain any JSON tokens. Expected the input to start with a valid JSON token, when isFinalBlock is true. LineNumber: 0 | BytePositionInLine: 0.
  Stack Trace:
     at System.Text.Json.ThrowHelper.ThrowJsonReaderException(Utf8JsonReader& json, ExceptionResource resource, Byte nextByte, ReadOnlySpan`1 bytes)
   at System.Text.Json.Utf8JsonReader.Read()
   at System.Text.Json.JsonDocument.Parse(ReadOnlySpan`1 utf8JsonSpan, JsonReaderOptions readerOptions, MetadataDb& database, StackRowStack& stack)
   at System.Text.Json.JsonDocument.Parse(ReadOnlyMemory`1 utf8Json, JsonReaderOptions readerOptions, Byte[] extraRentedArrayPoolBytes, PooledByteBufferWriter extraPooledByteBufferWriter, Boolean allowDuplicateProperties)
   at System.Text.Json.JsonDocument.Parse(ReadOnlyMemory`1 json, JsonDocumentOptions options)
   at ArturRios.Cerberus.WebApi.Tests.RecordPermanentDeleteHttpTests.Failure(HttpResponseMessage r, Int32 status, String error) in /tmp/cerberus-uc22-worktree/tests/Presentation/ArturRios.Cerberus.WebApi.Tests/RecordPermanentDeleteHttpTests.cs:line 191
   at ArturRios.Cerberus.WebApi.Tests.RecordPermanentDeleteHttpTests.GivenHiddenTargetWithBadCipherAndStaleRevision_WhenPermanentlyDeleting_ThenNonrevealing404WithoutMutation(String kind) in /tmp/cerberus-uc22-worktree/tests/Presentation/ArturRios.Cerberus.WebApi.Tests/RecordPermanentDeleteHttpTests.cs:line 125
--- End of stack trace from previous location ---
  Failed ArturRios.Cerberus.WebApi.Tests.RecordPermanentDeleteHttpTests.GivenHiddenTargetWithBadCipherAndStaleRevision_WhenPermanentlyDeleting_ThenNonrevealing404WithoutMutation(kind: "foreign") [98 ms]
  Error Message:
   System.Text.Json.JsonReaderException : The input does not contain any JSON tokens. Expected the input to start with a valid JSON token, when isFinalBlock is true. LineNumber: 0 | BytePositionInLine: 0.
  Stack Trace:
     at System.Text.Json.ThrowHelper.ThrowJsonReaderException(Utf8JsonReader& json, ExceptionResource resource, Byte nextByte, ReadOnlySpan`1 bytes)
   at System.Text.Json.Utf8JsonReader.Read()
   at System.Text.Json.JsonDocument.Parse(ReadOnlySpan`1 utf8JsonSpan, JsonReaderOptions readerOptions, MetadataDb& database, StackRowStack& stack)
   at System.Text.Json.JsonDocument.Parse(ReadOnlyMemory`1 utf8Json, JsonReaderOptions readerOptions, Byte[] extraRentedArrayPoolBytes, PooledByteBufferWriter extraPooledByteBufferWriter, Boolean allowDuplicateProperties)
   at System.Text.Json.JsonDocument.Parse(ReadOnlyMemory`1 json, JsonDocumentOptions options)
   at ArturRios.Cerberus.WebApi.Tests.RecordPermanentDeleteHttpTests.Failure(HttpResponseMessage r, Int32 status, String error) in /tmp/cerberus-uc22-worktree/tests/Presentation/ArturRios.Cerberus.WebApi.Tests/RecordPermanentDeleteHttpTests.cs:line 191
   at ArturRios.Cerberus.WebApi.Tests.RecordPermanentDeleteHttpTests.GivenHiddenTargetWithBadCipherAndStaleRevision_WhenPermanentlyDeleting_ThenNonrevealing404WithoutMutation(String kind) in /tmp/cerberus-uc22-worktree/tests/Presentation/ArturRios.Cerberus.WebApi.Tests/RecordPermanentDeleteHttpTests.cs:line 125
--- End of stack trace from previous location ---
  Failed ArturRios.Cerberus.WebApi.Tests.RecordPermanentDeleteHttpTests.GivenHiddenTargetWithBadCipherAndStaleRevision_WhenPermanentlyDeleting_ThenNonrevealing404WithoutMutation(kind: "recordTrash") [103 ms]
  Error Message:
   System.Text.Json.JsonReaderException : The input does not contain any JSON tokens. Expected the input to start with a valid JSON token, when isFinalBlock is true. LineNumber: 0 | BytePositionInLine: 0.
  Stack Trace:
     at System.Text.Json.ThrowHelper.ThrowJsonReaderException(Utf8JsonReader& json, ExceptionResource resource, Byte nextByte, ReadOnlySpan`1 bytes)
   at System.Text.Json.Utf8JsonReader.Read()
   at System.Text.Json.JsonDocument.Parse(ReadOnlySpan`1 utf8JsonSpan, JsonReaderOptions readerOptions, MetadataDb& database, StackRowStack& stack)
   at System.Text.Json.JsonDocument.Parse(ReadOnlyMemory`1 utf8Json, JsonReaderOptions readerOptions, Byte[] extraRentedArrayPoolBytes, PooledByteBufferWriter extraPooledByteBufferWriter, Boolean allowDuplicateProperties)
   at System.Text.Json.JsonDocument.Parse(ReadOnlyMemory`1 json, JsonDocumentOptions options)
   at ArturRios.Cerberus.WebApi.Tests.RecordPermanentDeleteHttpTests.Failure(HttpResponseMessage r, Int32 status, String error) in /tmp/cerberus-uc22-worktree/tests/Presentation/ArturRios.Cerberus.WebApi.Tests/RecordPermanentDeleteHttpTests.cs:line 191
   at ArturRios.Cerberus.WebApi.Tests.RecordPermanentDeleteHttpTests.GivenHiddenTargetWithBadCipherAndStaleRevision_WhenPermanentlyDeleting_ThenNonrevealing404WithoutMutation(String kind) in /tmp/cerberus-uc22-worktree/tests/Presentation/ArturRios.Cerberus.WebApi.Tests/RecordPermanentDeleteHttpTests.cs:line 125
--- End of stack trace from previous location ---
  Failed ArturRios.Cerberus.WebApi.Tests.RecordPermanentDeleteHttpTests.GivenHiddenTargetWithBadCipherAndStaleRevision_WhenPermanentlyDeleting_ThenNonrevealing404WithoutMutation(kind: "ancestorTrash") [94 ms]
  Error Message:
   System.Text.Json.JsonReaderException : The input does not contain any JSON tokens. Expected the input to start with a valid JSON token, when isFinalBlock is true. LineNumber: 0 | BytePositionInLine: 0.
  Stack Trace:
     at System.Text.Json.ThrowHelper.ThrowJsonReaderException(Utf8JsonReader& json, ExceptionResource resource, Byte nextByte, ReadOnlySpan`1 bytes)
   at System.Text.Json.Utf8JsonReader.Read()
   at System.Text.Json.JsonDocument.Parse(ReadOnlySpan`1 utf8JsonSpan, JsonReaderOptions readerOptions, MetadataDb& database, StackRowStack& stack)
   at System.Text.Json.JsonDocument.Parse(ReadOnlyMemory`1 utf8Json, JsonReaderOptions readerOptions, Byte[] extraRentedArrayPoolBytes, PooledByteBufferWriter extraPooledByteBufferWriter, Boolean allowDuplicateProperties)
   at System.Text.Json.JsonDocument.Parse(ReadOnlyMemory`1 json, JsonDocumentOptions options)
   at ArturRios.Cerberus.WebApi.Tests.RecordPermanentDeleteHttpTests.Failure(HttpResponseMessage r, Int32 status, String error) in /tmp/cerberus-uc22-worktree/tests/Presentation/ArturRios.Cerberus.WebApi.Tests/RecordPermanentDeleteHttpTests.cs:line 191
   at ArturRios.Cerberus.WebApi.Tests.RecordPermanentDeleteHttpTests.GivenHiddenTargetWithBadCipherAndStaleRevision_WhenPermanentlyDeleting_ThenNonrevealing404WithoutMutation(String kind) in /tmp/cerberus-uc22-worktree/tests/Presentation/ArturRios.Cerberus.WebApi.Tests/RecordPermanentDeleteHttpTests.cs:line 125
--- End of stack trace from previous location ---
  Failed ArturRios.Cerberus.WebApi.Tests.RecordPermanentDeleteHttpTests.GivenHiddenTargetWithBadCipherAndStaleRevision_WhenPermanentlyDeleting_ThenNonrevealing404WithoutMutation(kind: "revoked") [98 ms]
  Error Message:
   System.Text.Json.JsonReaderException : The input does not contain any JSON tokens. Expected the input to start with a valid JSON token, when isFinalBlock is true. LineNumber: 0 | BytePositionInLine: 0.
  Stack Trace:
     at System.Text.Json.ThrowHelper.ThrowJsonReaderException(Utf8JsonReader& json, ExceptionResource resource, Byte nextByte, ReadOnlySpan`1 bytes)
   at System.Text.Json.Utf8JsonReader.Read()
   at System.Text.Json.JsonDocument.Parse(ReadOnlySpan`1 utf8JsonSpan, JsonReaderOptions readerOptions, MetadataDb& database, StackRowStack& stack)
   at System.Text.Json.JsonDocument.Parse(ReadOnlyMemory`1 utf8Json, JsonReaderOptions readerOptions, Byte[] extraRentedArrayPoolBytes, PooledByteBufferWriter extraPooledByteBufferWriter, Boolean allowDuplicateProperties)
   at System.Text.Json.JsonDocument.Parse(ReadOnlyMemory`1 json, JsonDocumentOptions options)
   at ArturRios.Cerberus.WebApi.Tests.RecordPermanentDeleteHttpTests.Failure(HttpResponseMessage r, Int32 status, String error) in /tmp/cerberus-uc22-worktree/tests/Presentation/ArturRios.Cerberus.WebApi.Tests/RecordPermanentDeleteHttpTests.cs:line 191
   at ArturRios.Cerberus.WebApi.Tests.RecordPermanentDeleteHttpTests.GivenHiddenTargetWithBadCipherAndStaleRevision_WhenPermanentlyDeleting_ThenNonrevealing404WithoutMutation(String kind) in /tmp/cerberus-uc22-worktree/tests/Presentation/ArturRios.Cerberus.WebApi.Tests/RecordPermanentDeleteHttpTests.cs:line 125
--- End of stack trace from previous location ---
  Failed ArturRios.Cerberus.WebApi.Tests.RecordPermanentDeleteHttpTests.GivenHiddenTargetWithBadCipherAndStaleRevision_WhenPermanentlyDeleting_ThenNonrevealing404WithoutMutation(kind: "collectionTrash") [142 ms]
  Error Message:
   System.Text.Json.JsonReaderException : The input does not contain any JSON tokens. Expected the input to start with a valid JSON token, when isFinalBlock is true. LineNumber: 0 | BytePositionInLine: 0.
  Stack Trace:
     at System.Text.Json.ThrowHelper.ThrowJsonReaderException(Utf8JsonReader& json, ExceptionResource resource, Byte nextByte, ReadOnlySpan`1 bytes)
   at System.Text.Json.Utf8JsonReader.Read()
   at System.Text.Json.JsonDocument.Parse(ReadOnlySpan`1 utf8JsonSpan, JsonReaderOptions readerOptions, MetadataDb& database, StackRowStack& stack)
   at System.Text.Json.JsonDocument.Parse(ReadOnlyMemory`1 utf8Json, JsonReaderOptions readerOptions, Byte[] extraRentedArrayPoolBytes, PooledByteBufferWriter extraPooledByteBufferWriter, Boolean allowDuplicateProperties)
   at System.Text.Json.JsonDocument.Parse(ReadOnlyMemory`1 json, JsonDocumentOptions options)
   at ArturRios.Cerberus.WebApi.Tests.RecordPermanentDeleteHttpTests.Failure(HttpResponseMessage r, Int32 status, String error) in /tmp/cerberus-uc22-worktree/tests/Presentation/ArturRios.Cerberus.WebApi.Tests/RecordPermanentDeleteHttpTests.cs:line 191
   at ArturRios.Cerberus.WebApi.Tests.RecordPermanentDeleteHttpTests.GivenHiddenTargetWithBadCipherAndStaleRevision_WhenPermanentlyDeleting_ThenNonrevealing404WithoutMutation(String kind) in /tmp/cerberus-uc22-worktree/tests/Presentation/ArturRios.Cerberus.WebApi.Tests/RecordPermanentDeleteHttpTests.cs:line 125
--- End of stack trace from previous location ---
  Failed ArturRios.Cerberus.WebApi.Tests.RecordPermanentDeleteHttpTests.GivenHiddenTargetWithBadCipherAndStaleRevision_WhenPermanentlyDeleting_ThenNonrevealing404WithoutMutation(kind: "missing") [93 ms]
  Error Message:
   System.Text.Json.JsonReaderException : The input does not contain any JSON tokens. Expected the input to start with a valid JSON token, when isFinalBlock is true. LineNumber: 0 | BytePositionInLine: 0.
  Stack Trace:
     at System.Text.Json.ThrowHelper.ThrowJsonReaderException(Utf8JsonReader& json, ExceptionResource resource, Byte nextByte, ReadOnlySpan`1 bytes)
   at System.Text.Json.Utf8JsonReader.Read()
   at System.Text.Json.JsonDocument.Parse(ReadOnlySpan`1 utf8JsonSpan, JsonReaderOptions readerOptions, MetadataDb& database, StackRowStack& stack)
   at System.Text.Json.JsonDocument.Parse(ReadOnlyMemory`1 utf8Json, JsonReaderOptions readerOptions, Byte[] extraRentedArrayPoolBytes, PooledByteBufferWriter extraPooledByteBufferWriter, Boolean allowDuplicateProperties)
   at System.Text.Json.JsonDocument.Parse(ReadOnlyMemory`1 json, JsonDocumentOptions options)
   at ArturRios.Cerberus.WebApi.Tests.RecordPermanentDeleteHttpTests.Failure(HttpResponseMessage r, Int32 status, String error) in /tmp/cerberus-uc22-worktree/tests/Presentation/ArturRios.Cerberus.WebApi.Tests/RecordPermanentDeleteHttpTests.cs:line 191
   at ArturRios.Cerberus.WebApi.Tests.RecordPermanentDeleteHttpTests.GivenHiddenTargetWithBadCipherAndStaleRevision_WhenPermanentlyDeleting_ThenNonrevealing404WithoutMutation(String kind) in /tmp/cerberus-uc22-worktree/tests/Presentation/ArturRios.Cerberus.WebApi.Tests/RecordPermanentDeleteHttpTests.cs:line 125
--- End of stack trace from previous location ---
  Failed ArturRios.Cerberus.WebApi.Tests.RecordPermanentDeleteHttpTests.GivenActualNativeOwnedActiveOrTrashedProfileScope_WhenPermanentlyDeleting_ThenDurableErasureAndExactlyTwoMetadataFields(mode: "PerProfile", folderRoute: True, trashed: False) [250 ms]
  Error Message:
   Assert.Contains() Failure: Sub-string not found
String:    ""
Not found: "record_permanently_deleted"
  Stack Trace:
     at ArturRios.Cerberus.WebApi.Tests.RecordPermanentDeleteHttpTests.GivenActualNativeOwnedActiveOrTrashedProfileScope_WhenPermanentlyDeleting_ThenDurableErasureAndExactlyTwoMetadataFields(String mode, Boolean folderRoute, Boolean trashed) in /tmp/cerberus-uc22-worktree/tests/Presentation/ArturRios.Cerberus.WebApi.Tests/RecordPermanentDeleteHttpTests.cs:line 46
--- End of stack trace from previous location ---
{"Timestamp":"2026-10-09T04:48:35.3527006+00:00","Level":"Information","MessageTemplate":"Request completed. Code={Code}; Status={Status}","TraceId":"01be743eb30f018f9b4a78ff3a3ec906","SpanId":"17c7523652840e29","Properties":{"Code":"request_completed","Status":201,"SourceContext":"ArturRios.Cerberus.WebApi.Middleware.SafeFailureMiddleware","RequestId":"0HNP5O27J1MHS","RequestPath":"/api/profiles","CorrelationId":"582fd295b929491e9982a6eef28490b0"}}
{"Timestamp":"2026-10-09T04:48:35.3846252+00:00","Level":"Information","MessageTemplate":"Request completed. Code={Code}; Status={Status}","TraceId":"92c695a1b41260cafeadfc67ba4bcc6b","SpanId":"35aa18760e7aa9ec","Properties":{"Code":"request_completed","Status":201,"SourceContext":"ArturRios.Cerberus.WebApi.Middleware.SafeFailureMiddleware","RequestId":"0HNP5O27J1MHT","RequestPath":"/api/records","CorrelationId":"139c0c9db81e41328f0db1086bb61d2c"}}
{"Timestamp":"2026-10-09T04:48:35.8131864+00:00","Level":"Information","MessageTemplate":"Request completed. Code={Code}; Status={Status}","TraceId":"8717e0a095c503098a7dea46f4df0453","SpanId":"b9cfd10d789fe510","Properties":{"Code":"request_completed","Status":200,"SourceContext":"ArturRios.Cerberus.WebApi.Middleware.SafeFailureMiddleware","RequestId":"0HNP5O27J1MHU","RequestPath":"/api/records/6fb6ce9b-d8e0-42d4-9db0-bd1f48430b28","CorrelationId":"4f77684fcd5d48559a41dd893364564f"}}
{"Timestamp":"2026-10-09T04:48:35.8350501+00:00","Level":"Information","MessageTemplate":"Request completed. Code={Code}; Status={Status}","TraceId":"ed1a54c0a31f97cb00f90a6d0516dc12","SpanId":"a73d074901de6d1f","Properties":{"Code":"request_completed","Status":201,"SourceContext":"ArturRios.Cerberus.WebApi.Middleware.SafeFailureMiddleware","RequestId":"0HNP5O27J1MHV","RequestPath":"/api/profiles/2635f096-99d8-4a16-b267-685ff713ed96/access/challenges","CorrelationId":"1ba7d570a6084cb095588c4ab6185d36"}}
{"Timestamp":"2026-10-09T04:48:35.9175440+00:00","Level":"Information","MessageTemplate":"Request completed. Code={Code}; Status={Status}","TraceId":"7af55368f52c4abac636d22f097cbc71","SpanId":"8e826f74686feab6","Properties":{"Code":"request_completed","Status":200,"SourceContext":"ArturRios.Cerberus.WebApi.Middleware.SafeFailureMiddleware","RequestId":"0HNP5O27J1MI0","RequestPath":"/api/profiles/2635f096-99d8-4a16-b267-685ff713ed96/access","CorrelationId":"790ea832a8b345cf9c2c993ed18d3b9f"}}
{"Timestamp":"2026-10-09T04:48:35.9214862+00:00","Level":"Information","MessageTemplate":"Request completed. Code={Code}; Status={Status}","TraceId":"768b389a996276c781382bc89441171e","SpanId":"b35ee142d4f031dd","Properties":{"Code":"request_completed","Status":404,"SourceContext":"ArturRios.Cerberus.WebApi.Middleware.SafeFailureMiddleware","RequestId":"0HNP5O27J1MI1","RequestPath":"/api/records/6fb6ce9b-d8e0-42d4-9db0-bd1f48430b28/permanent","CorrelationId":"0d71d80090ad415195aea21ec2fa52ae"}}
[xUnit.net 00:00:17.09]     ArturRios.Cerberus.WebApi.Tests.RecordPermanentDeleteHttpTests.GivenActualNativeOwnedActiveOrTrashedProfileScope_WhenPermanentlyDeleting_ThenDurableErasureAndExactlyTwoMetadataFields(mode: "PerProfile", folderRoute: True, trashed: True) [FAIL]
[xUnit.net 00:00:17.09]       Assert.Contains() Failure: Sub-string not found
[xUnit.net 00:00:17.09]       String:    ""
[xUnit.net 00:00:17.09]       Not found: "record_permanently_deleted"
[xUnit.net 00:00:17.09]       Stack Trace:
[xUnit.net 00:00:17.09]         /tmp/cerberus-uc22-worktree/tests/Presentation/ArturRios.Cerberus.WebApi.Tests/RecordPermanentDeleteHttpTests.cs(46,0): at ArturRios.Cerberus.WebApi.Tests.RecordPermanentDeleteHttpTests.GivenActualNativeOwnedActiveOrTrashedProfileScope_WhenPermanentlyDeleting_ThenDurableErasureAndExactlyTwoMetadataFields(String mode, Boolean folderRoute, Boolean trashed)
[xUnit.net 00:00:17.09]         --- End of stack trace from previous location ---
{"Timestamp":"2026-10-09T04:48:36.0859814+00:00","Level":"Information","MessageTemplate":"Request completed. Code={Code}; Status={Status}","TraceId":"347b031f7598868a2e6699189b6c89f6","SpanId":"86761f80f00d0098","Properties":{"Code":"request_completed","Status":201,"SourceContext":"ArturRios.Cerberus.WebApi.Middleware.SafeFailureMiddleware","RequestId":"0HNP5O27J1MI2","RequestPath":"/api/profiles","CorrelationId":"87cee8ca95a3451da243da1d9e1617f1"}}
{"Timestamp":"2026-10-09T04:48:36.1154277+00:00","Level":"Information","MessageTemplate":"Request completed. Code={Code}; Status={Status}","TraceId":"c430536286622ec9266682f702e998a0","SpanId":"5da4ffad09005ba4","Properties":{"Code":"request_completed","Status":201,"SourceContext":"ArturRios.Cerberus.WebApi.Middleware.SafeFailureMiddleware","RequestId":"0HNP5O27J1MI3","RequestPath":"/api/records","CorrelationId":"f6294f0c4fb34d66a7d9700f5b33876b"}}
{"Timestamp":"2026-10-09T04:48:36.1392268+00:00","Level":"Information","MessageTemplate":"Request completed. Code={Code}; Status={Status}","TraceId":"67faf21117033496002b8afaaae90509","SpanId":"0efdacdbec8ce4d9","Properties":{"Code":"request_completed","Status":201,"SourceContext":"ArturRios.Cerberus.WebApi.Middleware.SafeFailureMiddleware","RequestId":"0HNP5O27J1MI4","RequestPath":"/api/profiles/a63d5725-90cd-49a9-8d40-d091b7edae13/access/challenges","CorrelationId":"39f386ced04940d9aa218c8079ba52d5"}}
{"Timestamp":"2026-10-09T04:48:36.1718939+00:00","Level":"Information","MessageTemplate":"Request completed. Code={Code}; Status={Status}","TraceId":"abacd5e84e6c9188303687933bb71afe","SpanId":"273ffef002b7ef91","Properties":{"Code":"request_completed","Status":200,"SourceContext":"ArturRios.Cerberus.WebApi.Middleware.SafeFailureMiddleware","RequestId":"0HNP5O27J1MI5","RequestPath":"/api/profiles/a63d5725-90cd-49a9-8d40-d091b7edae13/access","CorrelationId":"1f083b2d218540a49c07dd2989da725c"}}
{"Timestamp":"2026-10-09T04:48:36.1782187+00:00","Level":"Information","MessageTemplate":"Request completed. Code={Code}; Status={Status}","TraceId":"391fd497dd82194e65e111ae94bf06fe","SpanId":"e2af8dce91d51faf","Properties":{"Code":"request_completed","Status":404,"SourceContext":"ArturRios.Cerberus.WebApi.Middleware.SafeFailureMiddleware","RequestId":"0HNP5O27J1MI6","RequestPath":"/api/records/b5de1a19-abb8-44cc-805f-9abbe605279b/permanent","CorrelationId":"6b289a0f6c804f20b8c132c3adab2584"}}
[xUnit.net 00:00:17.34]     ArturRios.Cerberus.WebApi.Tests.RecordPermanentDeleteHttpTests.GivenActualNativeOwnedActiveOrTrashedProfileScope_WhenPermanentlyDeleting_ThenDurableErasureAndExactlyTwoMetadataFields(mode: "Master", folderRoute: True, trashed: False) [FAIL]
[xUnit.net 00:00:17.35]       Assert.Contains() Failure: Sub-string not found
[xUnit.net 00:00:17.35]       String:    ""
[xUnit.net 00:00:17.35]       Not found: "record_permanently_deleted"
[xUnit.net 00:00:17.35]       Stack Trace:
[xUnit.net 00:00:17.35]         /tmp/cerberus-uc22-worktree/tests/Presentation/ArturRios.Cerberus.WebApi.Tests/RecordPermanentDeleteHttpTests.cs(46,0): at ArturRios.Cerberus.WebApi.Tests.RecordPermanentDeleteHttpTests.GivenActualNativeOwnedActiveOrTrashedProfileScope_WhenPermanentlyDeleting_ThenDurableErasureAndExactlyTwoMetadataFields(String mode, Boolean folderRoute, Boolean trashed)
[xUnit.net 00:00:17.35]         --- End of stack trace from previous location ---
{"Timestamp":"2026-10-09T04:48:36.2806765+00:00","Level":"Information","MessageTemplate":"Request completed. Code={Code}; Status={Status}","TraceId":"cd7658d724c8faa49260a0f564746ba7","SpanId":"fe31c69e50f62d6d","Properties":{"Code":"request_completed","Status":201,"SourceContext":"ArturRios.Cerberus.WebApi.Middleware.SafeFailureMiddleware","RequestId":"0HNP5O27J1MI7","RequestPath":"/api/profiles","CorrelationId":"ffc21a876a814d1abf1e47a985d00aaa"}}
{"Timestamp":"2026-10-09T04:48:36.3406733+00:00","Level":"Information","MessageTemplate":"Request completed. Code={Code}; Status={Status}","TraceId":"3b27ad9dc4862f3db8a6cdc42120d9e8","SpanId":"fee00cfe57f9cf7c","Properties":{"Code":"request_completed","Status":201,"SourceContext":"ArturRios.Cerberus.WebApi.Middleware.SafeFailureMiddleware","RequestId":"0HNP5O27J1MI8","RequestPath":"/api/records","CorrelationId":"564469d7e4c24e38a7fb989543f16694"}}
{"Timestamp":"2026-10-09T04:48:36.3497356+00:00","Level":"Information","MessageTemplate":"Request completed. Code={Code}; Status={Status}","TraceId":"28c31d2d06efc5b3f2ffbae19def1dae","SpanId":"198974482c63bff8","Properties":{"Code":"request_completed","Status":404,"SourceContext":"ArturRios.Cerberus.WebApi.Middleware.SafeFailureMiddleware","RequestId":"0HNP5O27J1MI9","RequestPath":"/api/records/c403ef78-8a9a-467d-bc8e-18f210ff7b17/permanent","CorrelationId":"89388430799d4cb2a4a43ae69118bd9b"}}
[xUnit.net 00:00:17.52]     ArturRios.Cerberus.WebApi.Tests.RecordPermanentDeleteHttpTests.GivenActualNativeOwnedActiveOrTrashedProfileScope_WhenPermanentlyDeleting_ThenDurableErasureAndExactlyTwoMetadataFields(mode: "wide", folderRoute: False, trashed: False) [FAIL]
[xUnit.net 00:00:17.52]       Assert.Contains() Failure: Sub-string not found
[xUnit.net 00:00:17.52]       String:    ""
[xUnit.net 00:00:17.52]       Not found: "record_permanently_deleted"
[xUnit.net 00:00:17.52]       Stack Trace:
[xUnit.net 00:00:17.52]         /tmp/cerberus-uc22-worktree/tests/Presentation/ArturRios.Cerberus.WebApi.Tests/RecordPermanentDeleteHttpTests.cs(46,0): at ArturRios.Cerberus.WebApi.Tests.RecordPermanentDeleteHttpTests.GivenActualNativeOwnedActiveOrTrashedProfileScope_WhenPermanentlyDeleting_ThenDurableErasureAndExactlyTwoMetadataFields(String mode, Boolean folderRoute, Boolean trashed)
[xUnit.net 00:00:17.52]         --- End of stack trace from previous location ---
{"Timestamp":"2026-10-09T04:48:36.5382539+00:00","Level":"Information","MessageTemplate":"Request completed. Code={Code}; Status={Status}","TraceId":"6b3bd93f23dac773bcfaca9896d19eef","SpanId":"dbbd720cddb41080","Properties":{"Code":"request_completed","Status":201,"SourceContext":"ArturRios.Cerberus.WebApi.Middleware.SafeFailureMiddleware","RequestId":"0HNP5O27J1MIA","RequestPath":"/api/profiles","CorrelationId":"4abbbf4c8d2647f59544a1ab685ffffb"}}
{"Timestamp":"2026-10-09T04:48:36.5767911+00:00","Level":"Information","MessageTemplate":"Request completed. Code={Code}; Status={Status}","TraceId":"2ab9a9d06255d51853589cd5f7def905","SpanId":"da6fe18505534bdd","Properties":{"Code":"request_completed","Status":201,"SourceContext":"ArturRios.Cerberus.WebApi.Middleware.SafeFailureMiddleware","RequestId":"0HNP5O27J1MIB","RequestPath":"/api/records","CorrelationId":"2a23e29238d543aa82562958f5188746"}}
  Failed ArturRios.Cerberus.WebApi.Tests.RecordPermanentDeleteHttpTests.GivenActualNativeOwnedActiveOrTrashedProfileScope_WhenPermanentlyDeleting_ThenDurableErasureAndExactlyTwoMetadataFields(mode: "PerProfile", folderRoute: True, trashed: True) [656 ms]
  Error Message:
   Assert.Contains() Failure: Sub-string not found
String:    ""
Not found: "record_permanently_deleted"
  Stack Trace:
     at ArturRios.Cerberus.WebApi.Tests.RecordPermanentDeleteHttpTests.GivenActualNativeOwnedActiveOrTrashedProfileScope_WhenPermanentlyDeleting_ThenDurableErasureAndExactlyTwoMetadataFields(String mode, Boolean folderRoute, Boolean trashed) in /tmp/cerberus-uc22-worktree/tests/Presentation/ArturRios.Cerberus.WebApi.Tests/RecordPermanentDeleteHttpTests.cs:line 46
--- End of stack trace from previous location ---
  Failed ArturRios.Cerberus.WebApi.Tests.RecordPermanentDeleteHttpTests.GivenActualNativeOwnedActiveOrTrashedProfileScope_WhenPermanentlyDeleting_ThenDurableErasureAndExactlyTwoMetadataFields(mode: "Master", folderRoute: True, trashed: False) [255 ms]
  Error Message:
   Assert.Contains() Failure: Sub-string not found
String:    ""
Not found: "record_permanently_deleted"
  Stack Trace:
     at ArturRios.Cerberus.WebApi.Tests.RecordPermanentDeleteHttpTests.GivenActualNativeOwnedActiveOrTrashedProfileScope_WhenPermanentlyDeleting_ThenDurableErasureAndExactlyTwoMetadataFields(String mode, Boolean folderRoute, Boolean trashed) in /tmp/cerberus-uc22-worktree/tests/Presentation/ArturRios.Cerberus.WebApi.Tests/RecordPermanentDeleteHttpTests.cs:line 46
--- End of stack trace from previous location ---
  Failed ArturRios.Cerberus.WebApi.Tests.RecordPermanentDeleteHttpTests.GivenActualNativeOwnedActiveOrTrashedProfileScope_WhenPermanentlyDeleting_ThenDurableErasureAndExactlyTwoMetadataFields(mode: "wide", folderRoute: False, trashed: False) [173 ms]
  Error Message:
   Assert.Contains() Failure: Sub-string not found
String:    ""
Not found: "record_permanently_deleted"
  Stack Trace:
     at ArturRios.Cerberus.WebApi.Tests.RecordPermanentDeleteHttpTests.GivenActualNativeOwnedActiveOrTrashedProfileScope_WhenPermanentlyDeleting_ThenDurableErasureAndExactlyTwoMetadataFields(String mode, Boolean folderRoute, Boolean trashed) in /tmp/cerberus-uc22-worktree/tests/Presentation/ArturRios.Cerberus.WebApi.Tests/RecordPermanentDeleteHttpTests.cs:line 46
--- End of stack trace from previous location ---
{"Timestamp":"2026-10-09T04:48:36.8711425+00:00","Level":"Information","MessageTemplate":"Request completed. Code={Code}; Status={Status}","TraceId":"2fb997f3996348b32210805d9ecad375","SpanId":"e467ceeb1142d7ee","Properties":{"Code":"request_completed","Status":200,"SourceContext":"ArturRios.Cerberus.WebApi.Middleware.SafeFailureMiddleware","RequestId":"0HNP5O27J1MIC","RequestPath":"/api/records/b59eddab-ca02-41ad-84c9-4078a043db6a","CorrelationId":"c2c53e934eb7442f92eded786c5fc148"}}
{"Timestamp":"2026-10-09T04:48:36.8771627+00:00","Level":"Information","MessageTemplate":"Request completed. Code={Code}; Status={Status}","TraceId":"4aea543d6c9ff9c7702e5a558cae0a6c","SpanId":"52b02b7c27f686b8","Properties":{"Code":"request_completed","Status":404,"SourceContext":"ArturRios.Cerberus.WebApi.Middleware.SafeFailureMiddleware","RequestId":"0HNP5O27J1MID","RequestPath":"/api/records/b59eddab-ca02-41ad-84c9-4078a043db6a/permanent","CorrelationId":"39f39a9aaa5342e78f1113b02a17eba8"}}
[xUnit.net 00:00:18.05]     ArturRios.Cerberus.WebApi.Tests.RecordPermanentDeleteHttpTests.GivenActualNativeOwnedActiveOrTrashedProfileScope_WhenPermanentlyDeleting_ThenDurableErasureAndExactlyTwoMetadataFields(mode: "wide", folderRoute: False, trashed: True) [FAIL]
[xUnit.net 00:00:18.05]       Assert.Contains() Failure: Sub-string not found
[xUnit.net 00:00:18.05]       String:    ""
[xUnit.net 00:00:18.05]       Not found: "record_permanently_deleted"
[xUnit.net 00:00:18.05]       Stack Trace:
[xUnit.net 00:00:18.05]         /tmp/cerberus-uc22-worktree/tests/Presentation/ArturRios.Cerberus.WebApi.Tests/RecordPermanentDeleteHttpTests.cs(46,0): at ArturRios.Cerberus.WebApi.Tests.RecordPermanentDeleteHttpTests.GivenActualNativeOwnedActiveOrTrashedProfileScope_WhenPermanentlyDeleting_ThenDurableErasureAndExactlyTwoMetadataFields(String mode, Boolean folderRoute, Boolean trashed)
[xUnit.net 00:00:18.05]         --- End of stack trace from previous location ---
{"Timestamp":"2026-10-09T04:48:36.9662511+00:00","Level":"Information","MessageTemplate":"Request completed. Code={Code}; Status={Status}","TraceId":"1377a8b86adb6d571e2bd7fbaa3c904b","SpanId":"d76a5c87aa08e329","Properties":{"Code":"request_completed","Status":201,"SourceContext":"ArturRios.Cerberus.WebApi.Middleware.SafeFailureMiddleware","RequestId":"0HNP5O27J1MIE","RequestPath":"/api/profiles","CorrelationId":"b0944c57468c41b89f080b0667e25131"}}
{"Timestamp":"2026-10-09T04:48:36.9955901+00:00","Level":"Information","MessageTemplate":"Request completed. Code={Code}; Status={Status}","TraceId":"5c9cd6a939c0058fb841a96162f66e02","SpanId":"dec0ffec23043269","Properties":{"Code":"request_completed","Status":201,"SourceContext":"ArturRios.Cerberus.WebApi.Middleware.SafeFailureMiddleware","RequestId":"0HNP5O27J1MIF","RequestPath":"/api/records","CorrelationId":"8cc56cf2ca5943268591ef29f9bef2bd"}}
{"Timestamp":"2026-10-09T04:48:37.0221816+00:00","Level":"Information","MessageTemplate":"Request completed. Code={Code}; Status={Status}","TraceId":"e193b9ff1c7e81b404cdd3f635cfdf5a","SpanId":"15c44902beca117a","Properties":{"Code":"request_completed","Status":201,"SourceContext":"ArturRios.Cerberus.WebApi.Middleware.SafeFailureMiddleware","RequestId":"0HNP5O27J1MIG","RequestPath":"/api/profiles/5ef618f9-359b-4e9b-a08a-cf866d02c295/access/challenges","CorrelationId":"b2e3b42493ce4c0dade7687dbda4a79f"}}
{"Timestamp":"2026-10-09T04:48:37.0518080+00:00","Level":"Information","MessageTemplate":"Request completed. Code={Code}; Status={Status}","TraceId":"b1ac48efdffe8941f907c2b153b1e038","SpanId":"9534145be36ab140","Properties":{"Code":"request_completed","Status":200,"SourceContext":"ArturRios.Cerberus.WebApi.Middleware.SafeFailureMiddleware","RequestId":"0HNP5O27J1MIH","RequestPath":"/api/profiles/5ef618f9-359b-4e9b-a08a-cf866d02c295/access","CorrelationId":"4d73f0405d0642b09941809276d9a417"}}
{"Timestamp":"2026-10-09T04:48:37.0559578+00:00","Level":"Information","MessageTemplate":"Request completed. Code={Code}; Status={Status}","TraceId":"bdb9b2cd1d9e269501ed7b3473f08232","SpanId":"5cc2619e190d711b","Properties":{"Code":"request_completed","Status":404,"SourceContext":"ArturRios.Cerberus.WebApi.Middleware.SafeFailureMiddleware","RequestId":"0HNP5O27J1MII","RequestPath":"/api/records/9e36523d-b765-49aa-a8ce-7a52656ea790/permanent","CorrelationId":"008fb81f679a4c509af17a4bbb12b18a"}}
[xUnit.net 00:00:18.22]     ArturRios.Cerberus.WebApi.Tests.RecordPermanentDeleteHttpTests.GivenActualNativeOwnedActiveOrTrashedProfileScope_WhenPermanentlyDeleting_ThenDurableErasureAndExactlyTwoMetadataFields(mode: "Master", folderRoute: False, trashed: False) [FAIL]
[xUnit.net 00:00:18.22]       Assert.Contains() Failure: Sub-string not found
[xUnit.net 00:00:18.22]       String:    ""
[xUnit.net 00:00:18.22]       Not found: "record_permanently_deleted"
[xUnit.net 00:00:18.22]       Stack Trace:
[xUnit.net 00:00:18.22]         /tmp/cerberus-uc22-worktree/tests/Presentation/ArturRios.Cerberus.WebApi.Tests/RecordPermanentDeleteHttpTests.cs(46,0): at ArturRios.Cerberus.WebApi.Tests.RecordPermanentDeleteHttpTests.GivenActualNativeOwnedActiveOrTrashedProfileScope_WhenPermanentlyDeleting_ThenDurableErasureAndExactlyTwoMetadataFields(String mode, Boolean folderRoute, Boolean trashed)
[xUnit.net 00:00:18.22]         --- End of stack trace from previous location ---
{"Timestamp":"2026-10-09T04:48:37.1382364+00:00","Level":"Information","MessageTemplate":"Request completed. Code={Code}; Status={Status}","TraceId":"8244bd7183ae229054e3b1a095c5237b","SpanId":"f07a31044da62ff9","Properties":{"Code":"request_completed","Status":201,"SourceContext":"ArturRios.Cerberus.WebApi.Middleware.SafeFailureMiddleware","RequestId":"0HNP5O27J1MIJ","RequestPath":"/api/profiles","CorrelationId":"933f305824544906ad5d3e3127e6ebde"}}
{"Timestamp":"2026-10-09T04:48:37.1673946+00:00","Level":"Information","MessageTemplate":"Request completed. Code={Code}; Status={Status}","TraceId":"569ccf602416157bf8bace2c04593ef2","SpanId":"840eec729fb4f2f3","Properties":{"Code":"request_completed","Status":201,"SourceContext":"ArturRios.Cerberus.WebApi.Middleware.SafeFailureMiddleware","RequestId":"0HNP5O27J1MIK","RequestPath":"/api/records","CorrelationId":"2e010aa5a2ff4a8292d7cb323f912b0c"}}
{"Timestamp":"2026-10-09T04:48:37.3843494+00:00","Level":"Information","MessageTemplate":"Request completed. Code={Code}; Status={Status}","TraceId":"bfbe9a15f9bfced6bac96271f87f9197","SpanId":"26be0205b4f31567","Properties":{"Code":"request_completed","Status":200,"SourceContext":"ArturRios.Cerberus.WebApi.Middleware.SafeFailureMiddleware","RequestId":"0HNP5O27J1MIL","RequestPath":"/api/records/344d1863-8306-4b11-8409-0b5fdfc28246","CorrelationId":"c64d0588e29346a5b04d9454214d515b"}}
{"Timestamp":"2026-10-09T04:48:37.4106320+00:00","Level":"Information","MessageTemplate":"Request completed. Code={Code}; Status={Status}","TraceId":"0485f162b27abb4062629612aff7339e","SpanId":"3785ff09f3d5631d","Properties":{"Code":"request_completed","Status":201,"SourceContext":"ArturRios.Cerberus.WebApi.Middleware.SafeFailureMiddleware","RequestId":"0HNP5O27J1MIM","RequestPath":"/api/profiles/7647848c-c4c4-41c6-97bb-8a948b83060e/access/challenges","CorrelationId":"6189cbc6db4a4354a86c9fa8c32edb38"}}
{"Timestamp":"2026-10-09T04:48:37.4640408+00:00","Level":"Information","MessageTemplate":"Request completed. Code={Code}; Status={Status}","TraceId":"eee6fc7223e7b33e860261810365ea41","SpanId":"0b7c27eb53aac6a0","Properties":{"Code":"request_completed","Status":200,"SourceContext":"ArturRios.Cerberus.WebApi.Middleware.SafeFailureMiddleware","RequestId":"0HNP5O27J1MIN","RequestPath":"/api/profiles/7647848c-c4c4-41c6-97bb-8a948b83060e/access","CorrelationId":"5f0a417d0d8a4f128436b7c891813ee2"}}
{"Timestamp":"2026-10-09T04:48:37.4699056+00:00","Level":"Information","MessageTemplate":"Request completed. Code={Code}; Status={Status}","TraceId":"bc9a67a972272e8ccb9e595557d873cb","SpanId":"fb547db70cc5b451","Properties":{"Code":"request_completed","Status":404,"SourceContext":"ArturRios.Cerberus.WebApi.Middleware.SafeFailureMiddleware","RequestId":"0HNP5O27J1MIO","RequestPath":"/api/records/344d1863-8306-4b11-8409-0b5fdfc28246/permanent","CorrelationId":"62d5e2684780427eb5fde86540b2c656"}}
[xUnit.net 00:00:18.64]     ArturRios.Cerberus.WebApi.Tests.RecordPermanentDeleteHttpTests.GivenActualNativeOwnedActiveOrTrashedProfileScope_WhenPermanentlyDeleting_ThenDurableErasureAndExactlyTwoMetadataFields(mode: "Master", folderRoute: False, trashed: True) [FAIL]
[xUnit.net 00:00:18.64]       Assert.Contains() Failure: Sub-string not found
[xUnit.net 00:00:18.64]       String:    ""
[xUnit.net 00:00:18.64]       Not found: "record_permanently_deleted"
[xUnit.net 00:00:18.64]       Stack Trace:
[xUnit.net 00:00:18.64]         /tmp/cerberus-uc22-worktree/tests/Presentation/ArturRios.Cerberus.WebApi.Tests/RecordPermanentDeleteHttpTests.cs(46,0): at ArturRios.Cerberus.WebApi.Tests.RecordPermanentDeleteHttpTests.GivenActualNativeOwnedActiveOrTrashedProfileScope_WhenPermanentlyDeleting_ThenDurableErasureAndExactlyTwoMetadataFields(String mode, Boolean folderRoute, Boolean trashed)
[xUnit.net 00:00:18.64]         --- End of stack trace from previous location ---
{"Timestamp":"2026-10-09T04:48:37.5544804+00:00","Level":"Information","MessageTemplate":"Request completed. Code={Code}; Status={Status}","TraceId":"24d34d3aed73e5aae32d3a51b6c53c50","SpanId":"1fabb3436714e124","Properties":{"Code":"request_completed","Status":201,"SourceContext":"ArturRios.Cerberus.WebApi.Middleware.SafeFailureMiddleware","RequestId":"0HNP5O27J1MIP","RequestPath":"/api/profiles","CorrelationId":"1d395c3d689143b5b0c1762509c72c51"}}
{"Timestamp":"2026-10-09T04:48:37.5877054+00:00","Level":"Information","MessageTemplate":"Request completed. Code={Code}; Status={Status}","TraceId":"898d8ba42f271e3ed9f324953c5fae2d","SpanId":"670d662336ce5e31","Properties":{"Code":"request_completed","Status":201,"SourceContext":"ArturRios.Cerberus.WebApi.Middleware.SafeFailureMiddleware","RequestId":"0HNP5O27J1MIQ","RequestPath":"/api/records","CorrelationId":"e96fbdcfa71448c8a0963b6ff805515b"}}
{"Timestamp":"2026-10-09T04:48:37.6596602+00:00","Level":"Information","MessageTemplate":"Request completed. Code={Code}; Status={Status}","TraceId":"6aee81f18dbb567cddeea94b49420dbb","SpanId":"dddbea27da171e9f","Properties":{"Code":"request_completed","Status":200,"SourceContext":"ArturRios.Cerberus.WebApi.Middleware.SafeFailureMiddleware","RequestId":"0HNP5O27J1MIR","RequestPath":"/api/records/aeed2d02-9302-428d-9ae2-bd924773efcf","CorrelationId":"3c1622682e2142139d01d1d62b57a36a"}}
{"Timestamp":"2026-10-09T04:48:37.6883952+00:00","Level":"Information","MessageTemplate":"Request completed. Code={Code}; Status={Status}","TraceId":"28ad161ce6f1851d8568e974ba80c01b","SpanId":"99cab52b82beb76a","Properties":{"Code":"request_completed","Status":201,"SourceContext":"ArturRios.Cerberus.WebApi.Middleware.SafeFailureMiddleware","RequestId":"0HNP5O27J1MIS","RequestPath":"/api/profiles/471264ca-2dfb-4f63-9ab2-11bc1c4b5728/access/challenges","CorrelationId":"c30167d6b1a34922b90dcd6aa15d96d8"}}
{"Timestamp":"2026-10-09T04:48:37.7199373+00:00","Level":"Information","MessageTemplate":"Request completed. Code={Code}; Status={Status}","TraceId":"995bc8ce809c8014585bcc49e4285126","SpanId":"e09268e263f32409","Properties":{"Code":"request_completed","Status":200,"SourceContext":"ArturRios.Cerberus.WebApi.Middleware.SafeFailureMiddleware","RequestId":"0HNP5O27J1MIT","RequestPath":"/api/profiles/471264ca-2dfb-4f63-9ab2-11bc1c4b5728/access","CorrelationId":"faee28cbf96c4d09ba2b3d1ac8fbb1e9"}}
{"Timestamp":"2026-10-09T04:48:37.7244328+00:00","Level":"Information","MessageTemplate":"Request completed. Code={Code}; Status={Status}","TraceId":"118aac129d0bfe571a20faaec80f79d9","SpanId":"bd8a1f6b75cca7a9","Properties":{"Code":"request_completed","Status":404,"SourceContext":"ArturRios.Cerberus.WebApi.Middleware.SafeFailureMiddleware","RequestId":"0HNP5O27J1MIU","RequestPath":"/api/records/aeed2d02-9302-428d-9ae2-bd924773efcf/permanent","CorrelationId":"36b27d5a6ff445f6a68ba464a2caf76f"}}
[xUnit.net 00:00:18.89]     ArturRios.Cerberus.WebApi.Tests.RecordPermanentDeleteHttpTests.GivenActualNativeOwnedActiveOrTrashedProfileScope_WhenPermanentlyDeleting_ThenDurableErasureAndExactlyTwoMetadataFields(mode: "Master", folderRoute: True, trashed: True) [FAIL]
[xUnit.net 00:00:18.89]       Assert.Contains() Failure: Sub-string not found
[xUnit.net 00:00:18.89]       String:    ""
[xUnit.net 00:00:18.89]       Not found: "record_permanently_deleted"
[xUnit.net 00:00:18.89]       Stack Trace:
[xUnit.net 00:00:18.89]         /tmp/cerberus-uc22-worktree/tests/Presentation/ArturRios.Cerberus.WebApi.Tests/RecordPermanentDeleteHttpTests.cs(46,0): at ArturRios.Cerberus.WebApi.Tests.RecordPermanentDeleteHttpTests.GivenActualNativeOwnedActiveOrTrashedProfileScope_WhenPermanentlyDeleting_ThenDurableErasureAndExactlyTwoMetadataFields(String mode, Boolean folderRoute, Boolean trashed)
[xUnit.net 00:00:18.89]         --- End of stack trace from previous location ---
{"Timestamp":"2026-10-09T04:48:37.7966067+00:00","Level":"Information","MessageTemplate":"Request completed. Code={Code}; Status={Status}","TraceId":"1968572634064eeb7bdf15f706515a44","SpanId":"0a12e34107030612","Properties":{"Code":"request_completed","Status":201,"SourceContext":"ArturRios.Cerberus.WebApi.Middleware.SafeFailureMiddleware","RequestId":"0HNP5O27J1MIV","RequestPath":"/api/profiles","CorrelationId":"21497048b1344158bba763b73d76334c"}}
{"Timestamp":"2026-10-09T04:48:37.8681657+00:00","Level":"Information","MessageTemplate":"Request completed. Code={Code}; Status={Status}","TraceId":"8688bc966ae5fa1feb4aaa2cbbc2e6a1","SpanId":"c79c54d2fbfc4a72","Properties":{"Code":"request_completed","Status":201,"SourceContext":"ArturRios.Cerberus.WebApi.Middleware.SafeFailureMiddleware","RequestId":"0HNP5O27J1MJ0","RequestPath":"/api/records","CorrelationId":"f57f367e45994b6586bf0884a4c47529"}}
{"Timestamp":"2026-10-09T04:48:38.0754024+00:00","Level":"Information","MessageTemplate":"Request completed. Code={Code}; Status={Status}","TraceId":"f24c4f47113c05c1648e58a21b9b1aa5","SpanId":"0dcbd32ceff3748f","Properties":{"Code":"request_completed","Status":200,"SourceContext":"ArturRios.Cerberus.WebApi.Middleware.SafeFailureMiddleware","RequestId":"0HNP5O27J1MJ1","RequestPath":"/api/records/82bc9d09-0cb4-4c79-8773-6280fdd61920","CorrelationId":"65a6753db4f442e591805a525a754b70"}}
{"Timestamp":"2026-10-09T04:48:38.1117011+00:00","Level":"Information","MessageTemplate":"Request completed. Code={Code}; Status={Status}","TraceId":"a09c2e8984843a731fa71b7283a869c4","SpanId":"e8f5cc06f479efe1","Properties":{"Code":"request_completed","Status":201,"SourceContext":"ArturRios.Cerberus.WebApi.Middleware.SafeFailureMiddleware","RequestId":"0HNP5O27J1MJ2","RequestPath":"/api/profiles/f60aa1d2-c923-491b-a967-59bbd97cea5b/access/challenges","CorrelationId":"628cd4c4376c4cb188dcc1e468e9e35c"}}
{"Timestamp":"2026-10-09T04:48:38.1456432+00:00","Level":"Information","MessageTemplate":"Request completed. Code={Code}; Status={Status}","TraceId":"f3a39cc9b399098328abc30616efc081","SpanId":"81d52dba83ab9e18","Properties":{"Code":"request_completed","Status":200,"SourceContext":"ArturRios.Cerberus.WebApi.Middleware.SafeFailureMiddleware","RequestId":"0HNP5O27J1MJ3","RequestPath":"/api/profiles/f60aa1d2-c923-491b-a967-59bbd97cea5b/access","CorrelationId":"38c2e05b85a24afea0b40393d780ce24"}}
{"Timestamp":"2026-10-09T04:48:38.1517833+00:00","Level":"Information","MessageTemplate":"Request completed. Code={Code}; Status={Status}","TraceId":"ede81857110a4f6d0fcc4939775d58a0","SpanId":"1140c9e7f8a0a797","Properties":{"Code":"request_completed","Status":404,"SourceContext":"ArturRios.Cerberus.WebApi.Middleware.SafeFailureMiddleware","RequestId":"0HNP5O27J1MJ4","RequestPath":"/api/records/82bc9d09-0cb4-4c79-8773-6280fdd61920/permanent","CorrelationId":"5894a2bfd2294c37b0a82bd0ace12e3a"}}
[xUnit.net 00:00:19.32]     ArturRios.Cerberus.WebApi.Tests.RecordPermanentDeleteHttpTests.GivenActualNativeOwnedActiveOrTrashedProfileScope_WhenPermanentlyDeleting_ThenDurableErasureAndExactlyTwoMetadataFields(mode: "PerProfile", folderRoute: False, trashed: True) [FAIL]
[xUnit.net 00:00:19.32]       Assert.Contains() Failure: Sub-string not found
[xUnit.net 00:00:19.32]       String:    ""
[xUnit.net 00:00:19.32]       Not found: "record_permanently_deleted"
[xUnit.net 00:00:19.32]       Stack Trace:
[xUnit.net 00:00:19.32]         /tmp/cerberus-uc22-worktree/tests/Presentation/ArturRios.Cerberus.WebApi.Tests/RecordPermanentDeleteHttpTests.cs(46,0): at ArturRios.Cerberus.WebApi.Tests.RecordPermanentDeleteHttpTests.GivenActualNativeOwnedActiveOrTrashedProfileScope_WhenPermanentlyDeleting_ThenDurableErasureAndExactlyTwoMetadataFields(String mode, Boolean folderRoute, Boolean trashed)
[xUnit.net 00:00:19.32]         --- End of stack trace from previous location ---
{"Timestamp":"2026-10-09T04:48:38.2706495+00:00","Level":"Information","MessageTemplate":"Request completed. Code={Code}; Status={Status}","TraceId":"defe9be987dbe56637b23fb7dbbf4aa0","SpanId":"239551a9e6060ca7","Properties":{"Code":"request_completed","Status":201,"SourceContext":"ArturRios.Cerberus.WebApi.Middleware.SafeFailureMiddleware","RequestId":"0HNP5O27J1MJ5","RequestPath":"/api/profiles","CorrelationId":"c62c96697c764255af7493c1e7da078c"}}
  Failed ArturRios.Cerberus.WebApi.Tests.RecordPermanentDeleteHttpTests.GivenActualNativeOwnedActiveOrTrashedProfileScope_WhenPermanentlyDeleting_ThenDurableErasureAndExactlyTwoMetadataFields(mode: "wide", folderRoute: False, trashed: True) [524 ms]
  Error Message:
   Assert.Contains() Failure: Sub-string not found
String:    ""
Not found: "record_permanently_deleted"
  Stack Trace:
     at ArturRios.Cerberus.WebApi.Tests.RecordPermanentDeleteHttpTests.GivenActualNativeOwnedActiveOrTrashedProfileScope_WhenPermanentlyDeleting_ThenDurableErasureAndExactlyTwoMetadataFields(String mode, Boolean folderRoute, Boolean trashed) in /tmp/cerberus-uc22-worktree/tests/Presentation/ArturRios.Cerberus.WebApi.Tests/RecordPermanentDeleteHttpTests.cs:line 46
--- End of stack trace from previous location ---
  Failed ArturRios.Cerberus.WebApi.Tests.RecordPermanentDeleteHttpTests.GivenActualNativeOwnedActiveOrTrashedProfileScope_WhenPermanentlyDeleting_ThenDurableErasureAndExactlyTwoMetadataFields(mode: "Master", folderRoute: False, trashed: False) [174 ms]
  Error Message:
   Assert.Contains() Failure: Sub-string not found
String:    ""
Not found: "record_permanently_deleted"
  Stack Trace:
     at ArturRios.Cerberus.WebApi.Tests.RecordPermanentDeleteHttpTests.GivenActualNativeOwnedActiveOrTrashedProfileScope_WhenPermanentlyDeleting_ThenDurableErasureAndExactlyTwoMetadataFields(String mode, Boolean folderRoute, Boolean trashed) in /tmp/cerberus-uc22-worktree/tests/Presentation/ArturRios.Cerberus.WebApi.Tests/RecordPermanentDeleteHttpTests.cs:line 46
--- End of stack trace from previous location ---
  Failed ArturRios.Cerberus.WebApi.Tests.RecordPermanentDeleteHttpTests.GivenActualNativeOwnedActiveOrTrashedProfileScope_WhenPermanentlyDeleting_ThenDurableErasureAndExactlyTwoMetadataFields(mode: "Master", folderRoute: False, trashed: True) [417 ms]
  Error Message:
   Assert.Contains() Failure: Sub-string not found
String:    ""
Not found: "record_permanently_deleted"
  Stack Trace:
     at ArturRios.Cerberus.WebApi.Tests.RecordPermanentDeleteHttpTests.GivenActualNativeOwnedActiveOrTrashedProfileScope_WhenPermanentlyDeleting_ThenDurableErasureAndExactlyTwoMetadataFields(String mode, Boolean folderRoute, Boolean trashed) in /tmp/cerberus-uc22-worktree/tests/Presentation/ArturRios.Cerberus.WebApi.Tests/RecordPermanentDeleteHttpTests.cs:line 46
--- End of stack trace from previous location ---
  Failed ArturRios.Cerberus.WebApi.Tests.RecordPermanentDeleteHttpTests.GivenActualNativeOwnedActiveOrTrashedProfileScope_WhenPermanentlyDeleting_ThenDurableErasureAndExactlyTwoMetadataFields(mode: "Master", folderRoute: True, trashed: True) [249 ms]
  Error Message:
   Assert.Contains() Failure: Sub-string not found
String:    ""
Not found: "record_permanently_deleted"
  Stack Trace:
     at ArturRios.Cerberus.WebApi.Tests.RecordPermanentDeleteHttpTests.GivenActualNativeOwnedActiveOrTrashedProfileScope_WhenPermanentlyDeleting_ThenDurableErasureAndExactlyTwoMetadataFields(String mode, Boolean folderRoute, Boolean trashed) in /tmp/cerberus-uc22-worktree/tests/Presentation/ArturRios.Cerberus.WebApi.Tests/RecordPermanentDeleteHttpTests.cs:line 46
--- End of stack trace from previous location ---
  Failed ArturRios.Cerberus.WebApi.Tests.RecordPermanentDeleteHttpTests.GivenActualNativeOwnedActiveOrTrashedProfileScope_WhenPermanentlyDeleting_ThenDurableErasureAndExactlyTwoMetadataFields(mode: "PerProfile", folderRoute: False, trashed: True) [426 ms]
  Error Message:
   Assert.Contains() Failure: Sub-string not found
String:    ""
Not found: "record_permanently_deleted"
  Stack Trace:
     at ArturRios.Cerberus.WebApi.Tests.RecordPermanentDeleteHttpTests.GivenActualNativeOwnedActiveOrTrashedProfileScope_WhenPermanentlyDeleting_ThenDurableErasureAndExactlyTwoMetadataFields(String mode, Boolean folderRoute, Boolean trashed) in /tmp/cerberus-uc22-worktree/tests/Presentation/ArturRios.Cerberus.WebApi.Tests/RecordPermanentDeleteHttpTests.cs:line 46
--- End of stack trace from previous location ---
{"Timestamp":"2026-10-09T04:48:38.3256282+00:00","Level":"Information","MessageTemplate":"Request completed. Code={Code}; Status={Status}","TraceId":"a29d8a55f14a58f4dbeb317b8780e4d5","SpanId":"20b7b87a345b14e5","Properties":{"Code":"request_completed","Status":201,"SourceContext":"ArturRios.Cerberus.WebApi.Middleware.SafeFailureMiddleware","RequestId":"0HNP5O27J1MJ6","RequestPath":"/api/records","CorrelationId":"5c69481b52fd41218f417e64104c19df"}}
{"Timestamp":"2026-10-09T04:48:38.3543823+00:00","Level":"Information","MessageTemplate":"Request completed. Code={Code}; Status={Status}","TraceId":"7ab95bf120bd6aee7483443ef270be43","SpanId":"a6f1e5876b9720ae","Properties":{"Code":"request_completed","Status":201,"SourceContext":"ArturRios.Cerberus.WebApi.Middleware.SafeFailureMiddleware","RequestId":"0HNP5O27J1MJ7","RequestPath":"/api/profiles/7df08b9e-2112-4946-aacb-42e620526d37/access/challenges","CorrelationId":"c8ea05f1fd6841a1b89dbab32d8086ca"}}
{"Timestamp":"2026-10-09T04:48:38.3903327+00:00","Level":"Information","MessageTemplate":"Request completed. Code={Code}; Status={Status}","TraceId":"8b82f8da8404102903d1195ec432aeb8","SpanId":"a520f154e895ee21","Properties":{"Code":"request_completed","Status":200,"SourceContext":"ArturRios.Cerberus.WebApi.Middleware.SafeFailureMiddleware","RequestId":"0HNP5O27J1MJ8","RequestPath":"/api/profiles/7df08b9e-2112-4946-aacb-42e620526d37/access","CorrelationId":"bc3e0e8a392e402cb62fb8d6ef97b223"}}
{"Timestamp":"2026-10-09T04:48:38.3972025+00:00","Level":"Information","MessageTemplate":"Request completed. Code={Code}; Status={Status}","TraceId":"208adf8cf54a48dcae66af34b94db34d","SpanId":"ab714d2a443a25e9","Properties":{"Code":"request_completed","Status":404,"SourceContext":"ArturRios.Cerberus.WebApi.Middleware.SafeFailureMiddleware","RequestId":"0HNP5O27J1MJ9","RequestPath":"/api/records/edd15f87-bc7f-4ff3-b11e-b30bd5bef16e/permanent","CorrelationId":"beb7b3015aff491b87a5fc665b19b154"}}
[xUnit.net 00:00:19.56]     ArturRios.Cerberus.WebApi.Tests.RecordPermanentDeleteHttpTests.GivenActualNativeOwnedActiveOrTrashedProfileScope_WhenPermanentlyDeleting_ThenDurableErasureAndExactlyTwoMetadataFields(mode: "PerProfile", folderRoute: False, trashed: False) [FAIL]
[xUnit.net 00:00:19.56]       Assert.Contains() Failure: Sub-string not found
[xUnit.net 00:00:19.56]       String:    ""
[xUnit.net 00:00:19.56]       Not found: "record_permanently_deleted"
[xUnit.net 00:00:19.56]       Stack Trace:
[xUnit.net 00:00:19.56]         /tmp/cerberus-uc22-worktree/tests/Presentation/ArturRios.Cerberus.WebApi.Tests/RecordPermanentDeleteHttpTests.cs(46,0): at ArturRios.Cerberus.WebApi.Tests.RecordPermanentDeleteHttpTests.GivenActualNativeOwnedActiveOrTrashedProfileScope_WhenPermanentlyDeleting_ThenDurableErasureAndExactlyTwoMetadataFields(String mode, Boolean folderRoute, Boolean trashed)
[xUnit.net 00:00:19.56]         --- End of stack trace from previous location ---
{"Timestamp":"2026-10-09T04:48:38.4726175+00:00","Level":"Information","MessageTemplate":"Request completed. Code={Code}; Status={Status}","TraceId":"2f0f4bec4258a43f0653ca4ea83c9021","SpanId":"fd94a632ec0cd7b5","Properties":{"Code":"request_completed","Status":201,"SourceContext":"ArturRios.Cerberus.WebApi.Middleware.SafeFailureMiddleware","RequestId":"0HNP5O27J1MJA","RequestPath":"/api/records","CorrelationId":"a9901d653f764362bb2967479a62cc9d"}}
{"Timestamp":"2026-10-09T04:48:38.5792003+00:00","Level":"Information","MessageTemplate":"Request completed. Code={Code}; Status={Status}","TraceId":"41e3db961f6a74753e706d07eb4cd2a2","SpanId":"65159511480066c3","Properties":{"Code":"request_completed","Status":200,"SourceContext":"ArturRios.Cerberus.WebApi.Middleware.SafeFailureMiddleware","RequestId":"0HNP5O27J1MJB","RequestPath":"/api/records/387fa7e3-a0c2-4ca6-bc71-e34973176653","CorrelationId":"449f9b31fb124e2a8155c30a0e315173"}}
{"Timestamp":"2026-10-09T04:48:38.6139008+00:00","Level":"Information","MessageTemplate":"Request completed. Code={Code}; Status={Status}","TraceId":"f0548723d3b6d69afdf640704fbd1446","SpanId":"9bb9fb2f178e415b","Properties":{"Code":"request_completed","Status":404,"SourceContext":"ArturRios.Cerberus.WebApi.Middleware.SafeFailureMiddleware","RequestId":"0HNP5O27J1MJC","RequestPath":"/api/records/387fa7e3-a0c2-4ca6-bc71-e34973176653/permanent","CorrelationId":"f9c2acec58834d63a3f0deee1d423f8f"}}
[xUnit.net 00:00:19.78]     ArturRios.Cerberus.WebApi.Tests.RecordPermanentDeleteHttpTests.GivenCommittedSharedRelationshipChange_WhenPermanentlyDeleting_ThenCurrentPermissionWins(kind: "downgrade", status: 403) [FAIL]
[xUnit.net 00:00:19.78]       Assert.Equal() Failure: Values differ
[xUnit.net 00:00:19.78]       Expected: Forbidden
[xUnit.net 00:00:19.78]       Actual:   NotFound
[xUnit.net 00:00:19.78]       Stack Trace:
[xUnit.net 00:00:19.78]         /tmp/cerberus-uc22-worktree/tests/Presentation/ArturRios.Cerberus.WebApi.Tests/RecordPermanentDeleteHttpTests.cs(191,0): at ArturRios.Cerberus.WebApi.Tests.RecordPermanentDeleteHttpTests.Failure(HttpResponseMessage r, Int32 status, String error)
[xUnit.net 00:00:19.78]         /tmp/cerberus-uc22-worktree/tests/Presentation/ArturRios.Cerberus.WebApi.Tests/RecordPermanentDeleteHttpTests.cs(146,0): at ArturRios.Cerberus.WebApi.Tests.RecordPermanentDeleteHttpTests.GivenCommittedSharedRelationshipChange_WhenPermanentlyDeleting_ThenCurrentPermissionWins(String kind, Int32 status)
[xUnit.net 00:00:19.78]         --- End of stack trace from previous location ---
{"Timestamp":"2026-10-09T04:48:38.7425662+00:00","Level":"Information","MessageTemplate":"Request completed. Code={Code}; Status={Status}","TraceId":"af48bf2120822f44ad846ae9b45467f4","SpanId":"8b06044781ed88b2","Properties":{"Code":"request_completed","Status":201,"SourceContext":"ArturRios.Cerberus.WebApi.Middleware.SafeFailureMiddleware","RequestId":"0HNP5O27J1MJD","RequestPath":"/api/records","CorrelationId":"b057d409989845e28caaadf78dd5bc77"}}
{"Timestamp":"2026-10-09T04:48:38.7775895+00:00","Level":"Information","MessageTemplate":"Request completed. Code={Code}; Status={Status}","TraceId":"2ca7b44b23e2fb2d5e352fc2a22c3d2e","SpanId":"3985567e4bdfb81f","Properties":{"Code":"request_completed","Status":200,"SourceContext":"ArturRios.Cerberus.WebApi.Middleware.SafeFailureMiddleware","RequestId":"0HNP5O27J1MJE","RequestPath":"/api/records/8eea3474-5d5a-4891-aef2-472735d2bf4e","CorrelationId":"269e0d28718d467cabffb5167bab38cd"}}
{"Timestamp":"2026-10-09T04:48:38.8036653+00:00","Level":"Information","MessageTemplate":"Request completed. Code={Code}; Status={Status}","TraceId":"07a9b54848dc990b6acd7934e3e998aa","SpanId":"c84e2b054c43efae","Properties":{"Code":"request_completed","Status":404,"SourceContext":"ArturRios.Cerberus.WebApi.Middleware.SafeFailureMiddleware","RequestId":"0HNP5O27J1MJF","RequestPath":"/api/records/8eea3474-5d5a-4891-aef2-472735d2bf4e/permanent","CorrelationId":"fefd59af379645b09487544bc0168629"}}
[xUnit.net 00:00:19.97]     ArturRios.Cerberus.WebApi.Tests.RecordPermanentDeleteHttpTests.GivenCommittedSharedRelationshipChange_WhenPermanentlyDeleting_ThenCurrentPermissionWins(kind: "move", status: 404) [FAIL]
[xUnit.net 00:00:19.97]       System.Text.Json.JsonReaderException : The input does not contain any JSON tokens. Expected the input to start with a valid JSON token, when isFinalBlock is true. LineNumber: 0 | BytePositionInLine: 0.
[xUnit.net 00:00:19.97]       Stack Trace:
[xUnit.net 00:00:19.97]            at System.Text.Json.ThrowHelper.ThrowJsonReaderException(Utf8JsonReader& json, ExceptionResource resource, Byte nextByte, ReadOnlySpan`1 bytes)
[xUnit.net 00:00:19.97]            at System.Text.Json.Utf8JsonReader.Read()
[xUnit.net 00:00:19.97]            at System.Text.Json.JsonDocument.Parse(ReadOnlySpan`1 utf8JsonSpan, JsonReaderOptions readerOptions, MetadataDb& database, StackRowStack& stack)
[xUnit.net 00:00:19.97]            at System.Text.Json.JsonDocument.Parse(ReadOnlyMemory`1 utf8Json, JsonReaderOptions readerOptions, Byte[] extraRentedArrayPoolBytes, PooledByteBufferWriter extraPooledByteBufferWriter, Boolean allowDuplicateProperties)
[xUnit.net 00:00:19.97]            at System.Text.Json.JsonDocument.Parse(ReadOnlyMemory`1 json, JsonDocumentOptions options)
[xUnit.net 00:00:19.97]         /tmp/cerberus-uc22-worktree/tests/Presentation/ArturRios.Cerberus.WebApi.Tests/RecordPermanentDeleteHttpTests.cs(191,0): at ArturRios.Cerberus.WebApi.Tests.RecordPermanentDeleteHttpTests.Failure(HttpResponseMessage r, Int32 status, String error)
[xUnit.net 00:00:19.97]         /tmp/cerberus-uc22-worktree/tests/Presentation/ArturRios.Cerberus.WebApi.Tests/RecordPermanentDeleteHttpTests.cs(146,0): at ArturRios.Cerberus.WebApi.Tests.RecordPermanentDeleteHttpTests.GivenCommittedSharedRelationshipChange_WhenPermanentlyDeleting_ThenCurrentPermissionWins(String kind, Int32 status)
[xUnit.net 00:00:19.97]         --- End of stack trace from previous location ---
{"Timestamp":"2026-10-09T04:48:38.8840535+00:00","Level":"Information","MessageTemplate":"Request completed. Code={Code}; Status={Status}","TraceId":"9ec3ce8937cdd258ff3c10a363f37e8a","SpanId":"b90561651bdbe027","Properties":{"Code":"request_completed","Status":201,"SourceContext":"ArturRios.Cerberus.WebApi.Middleware.SafeFailureMiddleware","RequestId":"0HNP5O27J1MJG","RequestPath":"/api/records","CorrelationId":"50efdf15aaa74190a0a2dcf40ab3486b"}}
{"Timestamp":"2026-10-09T04:48:38.9284256+00:00","Level":"Information","MessageTemplate":"Request completed. Code={Code}; Status={Status}","TraceId":"31393885d8df6704f8ea28207e7c4a96","SpanId":"51ef9e66b140bc1f","Properties":{"Code":"request_completed","Status":200,"SourceContext":"ArturRios.Cerberus.WebApi.Middleware.SafeFailureMiddleware","RequestId":"0HNP5O27J1MJH","RequestPath":"/api/records/40dfa54e-4552-463b-bb1f-c54b609f6f93","CorrelationId":"160b9b92a3ea46f1a02992df9093c6ff"}}
{"Timestamp":"2026-10-09T04:48:38.9628819+00:00","Level":"Information","MessageTemplate":"Request completed. Code={Code}; Status={Status}","TraceId":"ae3386294f1272f8b2692c188c4728ae","SpanId":"e72b4a3effea2f68","Properties":{"Code":"request_completed","Status":404,"SourceContext":"ArturRios.Cerberus.WebApi.Middleware.SafeFailureMiddleware","RequestId":"0HNP5O27J1MJI","RequestPath":"/api/records/40dfa54e-4552-463b-bb1f-c54b609f6f93/permanent","CorrelationId":"49e69e46ae5e46009537efc46c5cfb10"}}
[xUnit.net 00:00:20.13]     ArturRios.Cerberus.WebApi.Tests.RecordPermanentDeleteHttpTests.GivenCommittedSharedRelationshipChange_WhenPermanentlyDeleting_ThenCurrentPermissionWins(kind: "member", status: 404) [FAIL]
[xUnit.net 00:00:20.13]       System.Text.Json.JsonReaderException : The input does not contain any JSON tokens. Expected the input to start with a valid JSON token, when isFinalBlock is true. LineNumber: 0 | BytePositionInLine: 0.
[xUnit.net 00:00:20.13]       Stack Trace:
[xUnit.net 00:00:20.13]            at System.Text.Json.ThrowHelper.ThrowJsonReaderException(Utf8JsonReader& json, ExceptionResource resource, Byte nextByte, ReadOnlySpan`1 bytes)
[xUnit.net 00:00:20.13]            at System.Text.Json.Utf8JsonReader.Read()
[xUnit.net 00:00:20.13]            at System.Text.Json.JsonDocument.Parse(ReadOnlySpan`1 utf8JsonSpan, JsonReaderOptions readerOptions, MetadataDb& database, StackRowStack& stack)
[xUnit.net 00:00:20.13]            at System.Text.Json.JsonDocument.Parse(ReadOnlyMemory`1 utf8Json, JsonReaderOptions readerOptions, Byte[] extraRentedArrayPoolBytes, PooledByteBufferWriter extraPooledByteBufferWriter, Boolean allowDuplicateProperties)
[xUnit.net 00:00:20.13]            at System.Text.Json.JsonDocument.Parse(ReadOnlyMemory`1 json, JsonDocumentOptions options)
[xUnit.net 00:00:20.13]         /tmp/cerberus-uc22-worktree/tests/Presentation/ArturRios.Cerberus.WebApi.Tests/RecordPermanentDeleteHttpTests.cs(191,0): at ArturRios.Cerberus.WebApi.Tests.RecordPermanentDeleteHttpTests.Failure(HttpResponseMessage r, Int32 status, String error)
[xUnit.net 00:00:20.13]         /tmp/cerberus-uc22-worktree/tests/Presentation/ArturRios.Cerberus.WebApi.Tests/RecordPermanentDeleteHttpTests.cs(146,0): at ArturRios.Cerberus.WebApi.Tests.RecordPermanentDeleteHttpTests.GivenCommittedSharedRelationshipChange_WhenPermanentlyDeleting_ThenCurrentPermissionWins(String kind, Int32 status)
[xUnit.net 00:00:20.13]         --- End of stack trace from previous location ---
{"Timestamp":"2026-10-09T04:48:39.0406862+00:00","Level":"Information","MessageTemplate":"Request completed. Code={Code}; Status={Status}","TraceId":"3e881df56f70407d6d7c82b61976b723","SpanId":"8e05ed6f56a3d797","Properties":{"Code":"request_completed","Status":201,"SourceContext":"ArturRios.Cerberus.WebApi.Middleware.SafeFailureMiddleware","RequestId":"0HNP5O27J1MJJ","RequestPath":"/api/records","CorrelationId":"8ab53c53afb44cdba373876621594336"}}
{"Timestamp":"2026-10-09T04:48:39.0931191+00:00","Level":"Information","MessageTemplate":"Request completed. Code={Code}; Status={Status}","TraceId":"8f76192ea07c1fbe1749909d319d8932","SpanId":"1400046952c119b4","Properties":{"Code":"request_completed","Status":200,"SourceContext":"ArturRios.Cerberus.WebApi.Middleware.SafeFailureMiddleware","RequestId":"0HNP5O27J1MJK","RequestPath":"/api/records/117de11e-9d02-4623-91d5-6705ac632d96","CorrelationId":"47f9ade777fb4dd0b0ed6e3f41f00dd7"}}
{"Timestamp":"2026-10-09T04:48:39.1143979+00:00","Level":"Information","MessageTemplate":"Request completed. Code={Code}; Status={Status}","TraceId":"633034355d4e7d90490aab28d03badc6","SpanId":"d078e5529733dea3","Properties":{"Code":"request_completed","Status":404,"SourceContext":"ArturRios.Cerberus.WebApi.Middleware.SafeFailureMiddleware","RequestId":"0HNP5O27J1MJL","RequestPath":"/api/records/117de11e-9d02-4623-91d5-6705ac632d96/permanent","CorrelationId":"406ad7b1226a477288a97e4e67c4cb48"}}
[xUnit.net 00:00:20.28]     ArturRios.Cerberus.WebApi.Tests.RecordPermanentDeleteHttpTests.GivenCommittedSharedRelationshipChange_WhenPermanentlyDeleting_ThenCurrentPermissionWins(kind: "grant", status: 404) [FAIL]
[xUnit.net 00:00:20.28]       System.Text.Json.JsonReaderException : The input does not contain any JSON tokens. Expected the input to start with a valid JSON token, when isFinalBlock is true. LineNumber: 0 | BytePositionInLine: 0.
[xUnit.net 00:00:20.28]       Stack Trace:
[xUnit.net 00:00:20.28]            at System.Text.Json.ThrowHelper.ThrowJsonReaderException(Utf8JsonReader& json, ExceptionResource resource, Byte nextByte, ReadOnlySpan`1 bytes)
[xUnit.net 00:00:20.28]            at System.Text.Json.Utf8JsonReader.Read()
[xUnit.net 00:00:20.28]            at System.Text.Json.JsonDocument.Parse(ReadOnlySpan`1 utf8JsonSpan, JsonReaderOptions readerOptions, MetadataDb& database, StackRowStack& stack)
[xUnit.net 00:00:20.28]            at System.Text.Json.JsonDocument.Parse(ReadOnlyMemory`1 utf8Json, JsonReaderOptions readerOptions, Byte[] extraRentedArrayPoolBytes, PooledByteBufferWriter extraPooledByteBufferWriter, Boolean allowDuplicateProperties)
[xUnit.net 00:00:20.28]            at System.Text.Json.JsonDocument.Parse(ReadOnlyMemory`1 json, JsonDocumentOptions options)
[xUnit.net 00:00:20.28]         /tmp/cerberus-uc22-worktree/tests/Presentation/ArturRios.Cerberus.WebApi.Tests/RecordPermanentDeleteHttpTests.cs(191,0): at ArturRios.Cerberus.WebApi.Tests.RecordPermanentDeleteHttpTests.Failure(HttpResponseMessage r, Int32 status, String error)
[xUnit.net 00:00:20.28]         /tmp/cerberus-uc22-worktree/tests/Presentation/ArturRios.Cerberus.WebApi.Tests/RecordPermanentDeleteHttpTests.cs(146,0): at ArturRios.Cerberus.WebApi.Tests.RecordPermanentDeleteHttpTests.GivenCommittedSharedRelationshipChange_WhenPermanentlyDeleting_ThenCurrentPermissionWins(String kind, Int32 status)
[xUnit.net 00:00:20.28]         --- End of stack trace from previous location ---
{"Timestamp":"2026-10-09T04:48:39.1729629+00:00","Level":"Information","MessageTemplate":"Request completed. Code={Code}; Status={Status}","TraceId":"8ed8effe37a25a39d38c8157e6ccf5ce","SpanId":"6f2a37425bcff70d","Properties":{"Code":"request_completed","Status":404,"SourceContext":"ArturRios.Cerberus.WebApi.Middleware.SafeFailureMiddleware","RequestId":"0HNP5O27J1MJM","RequestPath":"/api/records/urn:uuid:abcdefab-1234-4321-abcd-123456789abc/permanent","CorrelationId":"237bae4c1fd842feb54d7d072071970b"}}
[xUnit.net 00:00:20.34]     ArturRios.Cerberus.WebApi.Tests.RecordPermanentDeleteHttpTests.GivenNoncanonicalRoute_WhenPermanentlyDeleting_Then400WithoutMutation(kind: "urn") [FAIL]
[xUnit.net 00:00:20.34]       Assert.Equal() Failure: Values differ
[xUnit.net 00:00:20.34]       Expected: BadRequest
[xUnit.net 00:00:20.34]       Actual:   NotFound
[xUnit.net 00:00:20.34]       Stack Trace:
[xUnit.net 00:00:20.34]         /tmp/cerberus-uc22-worktree/tests/Presentation/ArturRios.Cerberus.WebApi.Tests/RecordPermanentDeleteHttpTests.cs(191,0): at ArturRios.Cerberus.WebApi.Tests.RecordPermanentDeleteHttpTests.Failure(HttpResponseMessage r, Int32 status, String error)
[xUnit.net 00:00:20.34]         /tmp/cerberus-uc22-worktree/tests/Presentation/ArturRios.Cerberus.WebApi.Tests/RecordPermanentDeleteHttpTests.cs(129,0): at ArturRios.Cerberus.WebApi.Tests.RecordPermanentDeleteHttpTests.GivenNoncanonicalRoute_WhenPermanentlyDeleting_Then400WithoutMutation(String kind)
[xUnit.net 00:00:20.34]         --- End of stack trace from previous location ---
{"Timestamp":"2026-10-09T04:48:39.2232641+00:00","Level":"Information","MessageTemplate":"Request completed. Code={Code}; Status={Status}","TraceId":"98b0dc16f01675c0995f2f76191da744","SpanId":"ec0643c64d7f9f6e","Properties":{"Code":"request_completed","Status":404,"SourceContext":"ArturRios.Cerberus.WebApi.Middleware.SafeFailureMiddleware","RequestId":"0HNP5O27J1MJN","RequestPath":"/api/records/%7Babcdefab-1234-4321-abcd-123456789abc%7D/permanent","CorrelationId":"ffc2b44c5eb948e09ef7e38c80fb1f4f"}}
[xUnit.net 00:00:20.39]     ArturRios.Cerberus.WebApi.Tests.RecordPermanentDeleteHttpTests.GivenNoncanonicalRoute_WhenPermanentlyDeleting_Then400WithoutMutation(kind: "braced") [FAIL]
[xUnit.net 00:00:20.39]       Assert.Equal() Failure: Values differ
[xUnit.net 00:00:20.39]       Expected: BadRequest
[xUnit.net 00:00:20.39]       Actual:   NotFound
[xUnit.net 00:00:20.39]       Stack Trace:
[xUnit.net 00:00:20.39]         /tmp/cerberus-uc22-worktree/tests/Presentation/ArturRios.Cerberus.WebApi.Tests/RecordPermanentDeleteHttpTests.cs(191,0): at ArturRios.Cerberus.WebApi.Tests.RecordPermanentDeleteHttpTests.Failure(HttpResponseMessage r, Int32 status, String error)
[xUnit.net 00:00:20.39]         /tmp/cerberus-uc22-worktree/tests/Presentation/ArturRios.Cerberus.WebApi.Tests/RecordPermanentDeleteHttpTests.cs(129,0): at ArturRios.Cerberus.WebApi.Tests.RecordPermanentDeleteHttpTests.GivenNoncanonicalRoute_WhenPermanentlyDeleting_Then400WithoutMutation(String kind)
[xUnit.net 00:00:20.39]         --- End of stack trace from previous location ---
{"Timestamp":"2026-10-09T04:48:39.2919554+00:00","Level":"Information","MessageTemplate":"Request completed. Code={Code}; Status={Status}","TraceId":"6a96d89b4bbdf3967024c8062396a86c","SpanId":"6b38a4ab485ebe31","Properties":{"Code":"request_completed","Status":404,"SourceContext":"ArturRios.Cerberus.WebApi.Middleware.SafeFailureMiddleware","RequestId":"0HNP5O27J1MJO","RequestPath":"/api/records/ABCDEFAB-1234-4321-ABCD-123456789ABC/permanent","CorrelationId":"fa7c9dbe55e9422aaa4695e730391cf7"}}
[xUnit.net 00:00:20.46]     ArturRios.Cerberus.WebApi.Tests.RecordPermanentDeleteHttpTests.GivenNoncanonicalRoute_WhenPermanentlyDeleting_Then400WithoutMutation(kind: "uppercase") [FAIL]
[xUnit.net 00:00:20.46]       Assert.Equal() Failure: Values differ
[xUnit.net 00:00:20.46]       Expected: BadRequest
[xUnit.net 00:00:20.46]       Actual:   NotFound
[xUnit.net 00:00:20.46]       Stack Trace:
[xUnit.net 00:00:20.46]         /tmp/cerberus-uc22-worktree/tests/Presentation/ArturRios.Cerberus.WebApi.Tests/RecordPermanentDeleteHttpTests.cs(191,0): at ArturRios.Cerberus.WebApi.Tests.RecordPermanentDeleteHttpTests.Failure(HttpResponseMessage r, Int32 status, String error)
[xUnit.net 00:00:20.46]         /tmp/cerberus-uc22-worktree/tests/Presentation/ArturRios.Cerberus.WebApi.Tests/RecordPermanentDeleteHttpTests.cs(129,0): at ArturRios.Cerberus.WebApi.Tests.RecordPermanentDeleteHttpTests.GivenNoncanonicalRoute_WhenPermanentlyDeleting_Then400WithoutMutation(String kind)
[xUnit.net 00:00:20.46]         --- End of stack trace from previous location ---
{"Timestamp":"2026-10-09T04:48:39.3491556+00:00","Level":"Information","MessageTemplate":"Request completed. Code={Code}; Status={Status}","TraceId":"76bca3dc3c24bdb12cb0ca8c8019e815","SpanId":"a98396881fb31479","Properties":{"Code":"request_completed","Status":404,"SourceContext":"ArturRios.Cerberus.WebApi.Middleware.SafeFailureMiddleware","RequestId":"0HNP5O27J1MJP","RequestPath":"/api/records/abcdefab12344321abcd123456789abc/permanent","CorrelationId":"1faeb9de145d4b97bc7736fe65fb568b"}}
[xUnit.net 00:00:20.52]     ArturRios.Cerberus.WebApi.Tests.RecordPermanentDeleteHttpTests.GivenNoncanonicalRoute_WhenPermanentlyDeleting_Then400WithoutMutation(kind: "compact") [FAIL]
[xUnit.net 00:00:20.52]       Assert.Equal() Failure: Values differ
[xUnit.net 00:00:20.52]       Expected: BadRequest
[xUnit.net 00:00:20.52]       Actual:   NotFound
[xUnit.net 00:00:20.52]       Stack Trace:
[xUnit.net 00:00:20.52]         /tmp/cerberus-uc22-worktree/tests/Presentation/ArturRios.Cerberus.WebApi.Tests/RecordPermanentDeleteHttpTests.cs(191,0): at ArturRios.Cerberus.WebApi.Tests.RecordPermanentDeleteHttpTests.Failure(HttpResponseMessage r, Int32 status, String error)
[xUnit.net 00:00:20.52]         /tmp/cerberus-uc22-worktree/tests/Presentation/ArturRios.Cerberus.WebApi.Tests/RecordPermanentDeleteHttpTests.cs(129,0): at ArturRios.Cerberus.WebApi.Tests.RecordPermanentDeleteHttpTests.GivenNoncanonicalRoute_WhenPermanentlyDeleting_Then400WithoutMutation(String kind)
[xUnit.net 00:00:20.52]         --- End of stack trace from previous location ---
  Failed ArturRios.Cerberus.WebApi.Tests.RecordPermanentDeleteHttpTests.GivenActualNativeOwnedActiveOrTrashedProfileScope_WhenPermanentlyDeleting_ThenDurableErasureAndExactlyTwoMetadataFields(mode: "PerProfile", folderRoute: False, trashed: False) [243 ms]
  Error Message:
   Assert.Contains() Failure: Sub-string not found
String:    ""
Not found: "record_permanently_deleted"
  Stack Trace:
     at ArturRios.Cerberus.WebApi.Tests.RecordPermanentDeleteHttpTests.GivenActualNativeOwnedActiveOrTrashedProfileScope_WhenPermanentlyDeleting_ThenDurableErasureAndExactlyTwoMetadataFields(String mode, Boolean folderRoute, Boolean trashed) in /tmp/cerberus-uc22-worktree/tests/Presentation/ArturRios.Cerberus.WebApi.Tests/RecordPermanentDeleteHttpTests.cs:line 46
--- End of stack trace from previous location ---
  Failed ArturRios.Cerberus.WebApi.Tests.RecordPermanentDeleteHttpTests.GivenCommittedSharedRelationshipChange_WhenPermanentlyDeleting_ThenCurrentPermissionWins(kind: "downgrade", status: 403) [217 ms]
  Error Message:
   Assert.Equal() Failure: Values differ
Expected: Forbidden
Actual:   NotFound
  Stack Trace:
     at ArturRios.Cerberus.WebApi.Tests.RecordPermanentDeleteHttpTests.Failure(HttpResponseMessage r, Int32 status, String error) in /tmp/cerberus-uc22-worktree/tests/Presentation/ArturRios.Cerberus.WebApi.Tests/RecordPermanentDeleteHttpTests.cs:line 191
   at ArturRios.Cerberus.WebApi.Tests.RecordPermanentDeleteHttpTests.GivenCommittedSharedRelationshipChange_WhenPermanentlyDeleting_ThenCurrentPermissionWins(String kind, Int32 status) in /tmp/cerberus-uc22-worktree/tests/Presentation/ArturRios.Cerberus.WebApi.Tests/RecordPermanentDeleteHttpTests.cs:line 146
--- End of stack trace from previous location ---
  Failed ArturRios.Cerberus.WebApi.Tests.RecordPermanentDeleteHttpTests.GivenCommittedSharedRelationshipChange_WhenPermanentlyDeleting_ThenCurrentPermissionWins(kind: "move", status: 404) [186 ms]
  Error Message:
   System.Text.Json.JsonReaderException : The input does not contain any JSON tokens. Expected the input to start with a valid JSON token, when isFinalBlock is true. LineNumber: 0 | BytePositionInLine: 0.
  Stack Trace:
     at System.Text.Json.ThrowHelper.ThrowJsonReaderException(Utf8JsonReader& json, ExceptionResource resource, Byte nextByte, ReadOnlySpan`1 bytes)
   at System.Text.Json.Utf8JsonReader.Read()
   at System.Text.Json.JsonDocument.Parse(ReadOnlySpan`1 utf8JsonSpan, JsonReaderOptions readerOptions, MetadataDb& database, StackRowStack& stack)
   at System.Text.Json.JsonDocument.Parse(ReadOnlyMemory`1 utf8Json, JsonReaderOptions readerOptions, Byte[] extraRentedArrayPoolBytes, PooledByteBufferWriter extraPooledByteBufferWriter, Boolean allowDuplicateProperties)
   at System.Text.Json.JsonDocument.Parse(ReadOnlyMemory`1 json, JsonDocumentOptions options)
   at ArturRios.Cerberus.WebApi.Tests.RecordPermanentDeleteHttpTests.Failure(HttpResponseMessage r, Int32 status, String error) in /tmp/cerberus-uc22-worktree/tests/Presentation/ArturRios.Cerberus.WebApi.Tests/RecordPermanentDeleteHttpTests.cs:line 191
   at ArturRios.Cerberus.WebApi.Tests.RecordPermanentDeleteHttpTests.GivenCommittedSharedRelationshipChange_WhenPermanentlyDeleting_ThenCurrentPermissionWins(String kind, Int32 status) in /tmp/cerberus-uc22-worktree/tests/Presentation/ArturRios.Cerberus.WebApi.Tests/RecordPermanentDeleteHttpTests.cs:line 146
--- End of stack trace from previous location ---
  Failed ArturRios.Cerberus.WebApi.Tests.RecordPermanentDeleteHttpTests.GivenCommittedSharedRelationshipChange_WhenPermanentlyDeleting_ThenCurrentPermissionWins(kind: "member", status: 404) [158 ms]
  Error Message:
   System.Text.Json.JsonReaderException : The input does not contain any JSON tokens. Expected the input to start with a valid JSON token, when isFinalBlock is true. LineNumber: 0 | BytePositionInLine: 0.
  Stack Trace:
     at System.Text.Json.ThrowHelper.ThrowJsonReaderException(Utf8JsonReader& json, ExceptionResource resource, Byte nextByte, ReadOnlySpan`1 bytes)
   at System.Text.Json.Utf8JsonReader.Read()
   at System.Text.Json.JsonDocument.Parse(ReadOnlySpan`1 utf8JsonSpan, JsonReaderOptions readerOptions, MetadataDb& database, StackRowStack& stack)
   at System.Text.Json.JsonDocument.Parse(ReadOnlyMemory`1 utf8Json, JsonReaderOptions readerOptions, Byte[] extraRentedArrayPoolBytes, PooledByteBufferWriter extraPooledByteBufferWriter, Boolean allowDuplicateProperties)
   at System.Text.Json.JsonDocument.Parse(ReadOnlyMemory`1 json, JsonDocumentOptions options)
   at ArturRios.Cerberus.WebApi.Tests.RecordPermanentDeleteHttpTests.Failure(HttpResponseMessage r, Int32 status, String error) in /tmp/cerberus-uc22-worktree/tests/Presentation/ArturRios.Cerberus.WebApi.Tests/RecordPermanentDeleteHttpTests.cs:line 191
   at ArturRios.Cerberus.WebApi.Tests.RecordPermanentDeleteHttpTests.GivenCommittedSharedRelationshipChange_WhenPermanentlyDeleting_ThenCurrentPermissionWins(String kind, Int32 status) in /tmp/cerberus-uc22-worktree/tests/Presentation/ArturRios.Cerberus.WebApi.Tests/RecordPermanentDeleteHttpTests.cs:line 146
--- End of stack trace from previous location ---
  Failed ArturRios.Cerberus.WebApi.Tests.RecordPermanentDeleteHttpTests.GivenCommittedSharedRelationshipChange_WhenPermanentlyDeleting_ThenCurrentPermissionWins(kind: "grant", status: 404) [150 ms]
  Error Message:
   System.Text.Json.JsonReaderException : The input does not contain any JSON tokens. Expected the input to start with a valid JSON token, when isFinalBlock is true. LineNumber: 0 | BytePositionInLine: 0.
  Stack Trace:
     at System.Text.Json.ThrowHelper.ThrowJsonReaderException(Utf8JsonReader& json, ExceptionResource resource, Byte nextByte, ReadOnlySpan`1 bytes)
   at System.Text.Json.Utf8JsonReader.Read()
   at System.Text.Json.JsonDocument.Parse(ReadOnlySpan`1 utf8JsonSpan, JsonReaderOptions readerOptions, MetadataDb& database, StackRowStack& stack)
   at System.Text.Json.JsonDocument.Parse(ReadOnlyMemory`1 utf8Json, JsonReaderOptions readerOptions, Byte[] extraRentedArrayPoolBytes, PooledByteBufferWriter extraPooledByteBufferWriter, Boolean allowDuplicateProperties)
   at System.Text.Json.JsonDocument.Parse(ReadOnlyMemory`1 json, JsonDocumentOptions options)
   at ArturRios.Cerberus.WebApi.Tests.RecordPermanentDeleteHttpTests.Failure(HttpResponseMessage r, Int32 status, String error) in /tmp/cerberus-uc22-worktree/tests/Presentation/ArturRios.Cerberus.WebApi.Tests/RecordPermanentDeleteHttpTests.cs:line 191
   at ArturRios.Cerberus.WebApi.Tests.RecordPermanentDeleteHttpTests.GivenCommittedSharedRelationshipChange_WhenPermanentlyDeleting_ThenCurrentPermissionWins(String kind, Int32 status) in /tmp/cerberus-uc22-worktree/tests/Presentation/ArturRios.Cerberus.WebApi.Tests/RecordPermanentDeleteHttpTests.cs:line 146
--- End of stack trace from previous location ---
  Failed ArturRios.Cerberus.WebApi.Tests.RecordPermanentDeleteHttpTests.GivenNoncanonicalRoute_WhenPermanentlyDeleting_Then400WithoutMutation(kind: "urn") [58 ms]
  Error Message:
   Assert.Equal() Failure: Values differ
Expected: BadRequest
Actual:   NotFound
  Stack Trace:
     at ArturRios.Cerberus.WebApi.Tests.RecordPermanentDeleteHttpTests.Failure(HttpResponseMessage r, Int32 status, String error) in /tmp/cerberus-uc22-worktree/tests/Presentation/ArturRios.Cerberus.WebApi.Tests/RecordPermanentDeleteHttpTests.cs:line 191
   at ArturRios.Cerberus.WebApi.Tests.RecordPermanentDeleteHttpTests.GivenNoncanonicalRoute_WhenPermanentlyDeleting_Then400WithoutMutation(String kind) in /tmp/cerberus-uc22-worktree/tests/Presentation/ArturRios.Cerberus.WebApi.Tests/RecordPermanentDeleteHttpTests.cs:line 129
--- End of stack trace from previous location ---
  Failed ArturRios.Cerberus.WebApi.Tests.RecordPermanentDeleteHttpTests.GivenNoncanonicalRoute_WhenPermanentlyDeleting_Then400WithoutMutation(kind: "braced") [48 ms]
  Error Message:
   Assert.Equal() Failure: Values differ
Expected: BadRequest
Actual:   NotFound
  Stack Trace:
     at ArturRios.Cerberus.WebApi.Tests.RecordPermanentDeleteHttpTests.Failure(HttpResponseMessage r, Int32 status, String error) in /tmp/cerberus-uc22-worktree/tests/Presentation/ArturRios.Cerberus.WebApi.Tests/RecordPermanentDeleteHttpTests.cs:line 191
   at ArturRios.Cerberus.WebApi.Tests.RecordPermanentDeleteHttpTests.GivenNoncanonicalRoute_WhenPermanentlyDeleting_Then400WithoutMutation(String kind) in /tmp/cerberus-uc22-worktree/tests/Presentation/ArturRios.Cerberus.WebApi.Tests/RecordPermanentDeleteHttpTests.cs:line 129
--- End of stack trace from previous location ---
  Failed ArturRios.Cerberus.WebApi.Tests.RecordPermanentDeleteHttpTests.GivenNoncanonicalRoute_WhenPermanentlyDeleting_Then400WithoutMutation(kind: "uppercase") [69 ms]
  Error Message:
   Assert.Equal() Failure: Values differ
Expected: BadRequest
Actual:   NotFound
  Stack Trace:
     at ArturRios.Cerberus.WebApi.Tests.RecordPermanentDeleteHttpTests.Failure(HttpResponseMessage r, Int32 status, String error) in /tmp/cerberus-uc22-worktree/tests/Presentation/ArturRios.Cerberus.WebApi.Tests/RecordPermanentDeleteHttpTests.cs:line 191
   at ArturRios.Cerberus.WebApi.Tests.RecordPermanentDeleteHttpTests.GivenNoncanonicalRoute_WhenPermanentlyDeleting_Then400WithoutMutation(String kind) in /tmp/cerberus-uc22-worktree/tests/Presentation/ArturRios.Cerberus.WebApi.Tests/RecordPermanentDeleteHttpTests.cs:line 129
--- End of stack trace from previous location ---
  Failed ArturRios.Cerberus.WebApi.Tests.RecordPermanentDeleteHttpTests.GivenNoncanonicalRoute_WhenPermanentlyDeleting_Then400WithoutMutation(kind: "compact") [55 ms]
  Error Message:
   Assert.Equal() Failure: Values differ
Expected: BadRequest
Actual:   NotFound
  Stack Trace:
     at ArturRios.Cerberus.WebApi.Tests.RecordPermanentDeleteHttpTests.Failure(HttpResponseMessage r, Int32 status, String error) in /tmp/cerberus-uc22-worktree/tests/Presentation/ArturRios.Cerberus.WebApi.Tests/RecordPermanentDeleteHttpTests.cs:line 191
   at ArturRios.Cerberus.WebApi.Tests.RecordPermanentDeleteHttpTests.GivenNoncanonicalRoute_WhenPermanentlyDeleting_Then400WithoutMutation(String kind) in /tmp/cerberus-uc22-worktree/tests/Presentation/ArturRios.Cerberus.WebApi.Tests/RecordPermanentDeleteHttpTests.cs:line 129
--- End of stack trace from previous location ---
{"Timestamp":"2026-10-09T04:48:39.4190826+00:00","Level":"Information","MessageTemplate":"Request completed. Code={Code}; Status={Status}","TraceId":"a73e9d4385c393e5acb5404091bfd0cb","SpanId":"5ce1d5354da47eca","Properties":{"Code":"request_completed","Status":404,"SourceContext":"ArturRios.Cerberus.WebApi.Middleware.SafeFailureMiddleware","RequestId":"0HNP5O27J1MJQ","RequestPath":"/api/records/bad/permanent","CorrelationId":"a882329ae24b4d78a3d74dc5c0530c39"}}
[xUnit.net 00:00:20.59]     ArturRios.Cerberus.WebApi.Tests.RecordPermanentDeleteHttpTests.GivenNoncanonicalRoute_WhenPermanentlyDeleting_Then400WithoutMutation(kind: "bad") [FAIL]
[xUnit.net 00:00:20.59]       Assert.Equal() Failure: Values differ
[xUnit.net 00:00:20.59]       Expected: BadRequest
[xUnit.net 00:00:20.59]       Actual:   NotFound
[xUnit.net 00:00:20.59]       Stack Trace:
[xUnit.net 00:00:20.59]         /tmp/cerberus-uc22-worktree/tests/Presentation/ArturRios.Cerberus.WebApi.Tests/RecordPermanentDeleteHttpTests.cs(191,0): at ArturRios.Cerberus.WebApi.Tests.RecordPermanentDeleteHttpTests.Failure(HttpResponseMessage r, Int32 status, String error)
[xUnit.net 00:00:20.59]         /tmp/cerberus-uc22-worktree/tests/Presentation/ArturRios.Cerberus.WebApi.Tests/RecordPermanentDeleteHttpTests.cs(129,0): at ArturRios.Cerberus.WebApi.Tests.RecordPermanentDeleteHttpTests.GivenNoncanonicalRoute_WhenPermanentlyDeleting_Then400WithoutMutation(String kind)
[xUnit.net 00:00:20.59]         --- End of stack trace from previous location ---
{"Timestamp":"2026-10-09T04:48:39.4839310+00:00","Level":"Information","MessageTemplate":"Request completed. Code={Code}; Status={Status}","TraceId":"99088d0339508f387b84908285365b11","SpanId":"eb3622c6e93e0f4f","Properties":{"Code":"request_completed","Status":404,"SourceContext":"ArturRios.Cerberus.WebApi.Middleware.SafeFailureMiddleware","RequestId":"0HNP5O27J1MJR","RequestPath":"/api/records/00000000-0000-0000-0000-000000000000/permanent","CorrelationId":"22d80ba4f5c447bb812b53b189babdbf"}}
[xUnit.net 00:00:20.65]     ArturRios.Cerberus.WebApi.Tests.RecordPermanentDeleteHttpTests.GivenNoncanonicalRoute_WhenPermanentlyDeleting_Then400WithoutMutation(kind: "zero") [FAIL]
[xUnit.net 00:00:20.65]       Assert.Equal() Failure: Values differ
[xUnit.net 00:00:20.65]       Expected: BadRequest
[xUnit.net 00:00:20.65]       Actual:   NotFound
[xUnit.net 00:00:20.65]       Stack Trace:
[xUnit.net 00:00:20.65]         /tmp/cerberus-uc22-worktree/tests/Presentation/ArturRios.Cerberus.WebApi.Tests/RecordPermanentDeleteHttpTests.cs(191,0): at ArturRios.Cerberus.WebApi.Tests.RecordPermanentDeleteHttpTests.Failure(HttpResponseMessage r, Int32 status, String error)
[xUnit.net 00:00:20.65]         /tmp/cerberus-uc22-worktree/tests/Presentation/ArturRios.Cerberus.WebApi.Tests/RecordPermanentDeleteHttpTests.cs(129,0): at ArturRios.Cerberus.WebApi.Tests.RecordPermanentDeleteHttpTests.GivenNoncanonicalRoute_WhenPermanentlyDeleting_Then400WithoutMutation(String kind)
[xUnit.net 00:00:20.65]         --- End of stack trace from previous location ---
{"Timestamp":"2026-10-09T04:48:39.5460850+00:00","Level":"Information","MessageTemplate":"Request completed. Code={Code}; Status={Status}","TraceId":"c012a53639aef8389fe4cbc9ba25f5f7","SpanId":"5e6982fbc2950720","Properties":{"Code":"request_completed","Status":201,"SourceContext":"ArturRios.Cerberus.WebApi.Middleware.SafeFailureMiddleware","RequestId":"0HNP5O27J1MJS","RequestPath":"/api/records","CorrelationId":"4ddcb3842fc34e2aaf1d85e741302a48"}}
{"Timestamp":"2026-10-09T04:48:39.5535814+00:00","Level":"Information","MessageTemplate":"Request completed. Code={Code}; Status={Status}","TraceId":"c818c8b77fde892e23436e96377920bc","SpanId":"7e20b3f57833fb0a","Properties":{"Code":"request_completed","Status":404,"SourceContext":"ArturRios.Cerberus.WebApi.Middleware.SafeFailureMiddleware","RequestId":"0HNP5O27J1MJT","RequestPath":"/api/records/55609434-3c7b-4a7a-8748-9b70693b1419/permanent","CorrelationId":"250047ef6e7b4f409cd7f92aa29bee40"}}
[xUnit.net 00:00:20.73]     ArturRios.Cerberus.WebApi.Tests.RecordPermanentDeleteHttpTests.GivenDamagedOwnedCipherAndMaximumRevision_WhenPermanentlyDeleting_ThenNoContentParsingOrTargetRevisionAdvance(trashed: False) [FAIL]
[xUnit.net 00:00:20.73]       Assert.Equal() Failure: Values differ
[xUnit.net 00:00:20.73]       Expected: OK
[xUnit.net 00:00:20.73]       Actual:   NotFound
[xUnit.net 00:00:20.73]       Stack Trace:
[xUnit.net 00:00:20.73]         /tmp/cerberus-uc22-worktree/tests/Presentation/ArturRios.Cerberus.WebApi.Tests/RecordPermanentDeleteHttpTests.cs(189,0): at ArturRios.Cerberus.WebApi.Tests.RecordPermanentDeleteHttpTests.Success[T](HttpResponseMessage r, Int32 status)
[xUnit.net 00:00:20.73]         /tmp/cerberus-uc22-worktree/tests/Presentation/ArturRios.Cerberus.WebApi.Tests/RecordPermanentDeleteHttpTests.cs(66,0): at ArturRios.Cerberus.WebApi.Tests.RecordPermanentDeleteHttpTests.GivenDamagedOwnedCipherAndMaximumRevision_WhenPermanentlyDeleting_ThenNoContentParsingOrTargetRevisionAdvance(Boolean trashed)
[xUnit.net 00:00:20.73]         /tmp/cerberus-uc22-worktree/tests/Presentation/ArturRios.Cerberus.WebApi.Tests/RecordPermanentDeleteHttpTests.cs(66,0): at ArturRios.Cerberus.WebApi.Tests.RecordPermanentDeleteHttpTests.GivenDamagedOwnedCipherAndMaximumRevision_WhenPermanentlyDeleting_ThenNoContentParsingOrTargetRevisionAdvance(Boolean trashed)
[xUnit.net 00:00:20.73]         --- End of stack trace from previous location ---
{"Timestamp":"2026-10-09T04:48:39.6298058+00:00","Level":"Information","MessageTemplate":"Request completed. Code={Code}; Status={Status}","TraceId":"7c39f0f64c1eae8ce68f2db44dbc7f32","SpanId":"835aeaa58247ba81","Properties":{"Code":"request_completed","Status":201,"SourceContext":"ArturRios.Cerberus.WebApi.Middleware.SafeFailureMiddleware","RequestId":"0HNP5O27J1MJU","RequestPath":"/api/records","CorrelationId":"fc70a6d392a642e196b19c4308126cb2"}}
{"Timestamp":"2026-10-09T04:48:39.8925871+00:00","Level":"Information","MessageTemplate":"Request completed. Code={Code}; Status={Status}","TraceId":"6f1fceef064ef4c8738a18ae9e48afc5","SpanId":"2d5b6b830ba1d5bc","Properties":{"Code":"request_completed","Status":200,"SourceContext":"ArturRios.Cerberus.WebApi.Middleware.SafeFailureMiddleware","RequestId":"0HNP5O27J1MJV","RequestPath":"/api/records/e38c07fa-36e3-41d5-8b3b-75497dfbcf0b","CorrelationId":"fb276b54587a47c1a77db0bad51cd134"}}
{"Timestamp":"2026-10-09T04:48:39.8965958+00:00","Level":"Information","MessageTemplate":"Request completed. Code={Code}; Status={Status}","TraceId":"07bfda42f8ddf7e9c6157cb645f9a8b4","SpanId":"ce7096a508aedb31","Properties":{"Code":"request_completed","Status":404,"SourceContext":"ArturRios.Cerberus.WebApi.Middleware.SafeFailureMiddleware","RequestId":"0HNP5O27J1MK0","RequestPath":"/api/records/e38c07fa-36e3-41d5-8b3b-75497dfbcf0b/permanent","CorrelationId":"26fdd52105174bc1b00b88f4745e4672"}}
[xUnit.net 00:00:21.06]     ArturRios.Cerberus.WebApi.Tests.RecordPermanentDeleteHttpTests.GivenDamagedOwnedCipherAndMaximumRevision_WhenPermanentlyDeleting_ThenNoContentParsingOrTargetRevisionAdvance(trashed: True) [FAIL]
[xUnit.net 00:00:21.06]       Assert.Equal() Failure: Values differ
[xUnit.net 00:00:21.06]       Expected: OK
[xUnit.net 00:00:21.06]       Actual:   NotFound
[xUnit.net 00:00:21.06]       Stack Trace:
[xUnit.net 00:00:21.06]         /tmp/cerberus-uc22-worktree/tests/Presentation/ArturRios.Cerberus.WebApi.Tests/RecordPermanentDeleteHttpTests.cs(189,0): at ArturRios.Cerberus.WebApi.Tests.RecordPermanentDeleteHttpTests.Success[T](HttpResponseMessage r, Int32 status)
[xUnit.net 00:00:21.06]         /tmp/cerberus-uc22-worktree/tests/Presentation/ArturRios.Cerberus.WebApi.Tests/RecordPermanentDeleteHttpTests.cs(66,0): at ArturRios.Cerberus.WebApi.Tests.RecordPermanentDeleteHttpTests.GivenDamagedOwnedCipherAndMaximumRevision_WhenPermanentlyDeleting_ThenNoContentParsingOrTargetRevisionAdvance(Boolean trashed)
[xUnit.net 00:00:21.06]         /tmp/cerberus-uc22-worktree/tests/Presentation/ArturRios.Cerberus.WebApi.Tests/RecordPermanentDeleteHttpTests.cs(66,0): at ArturRios.Cerberus.WebApi.Tests.RecordPermanentDeleteHttpTests.GivenDamagedOwnedCipherAndMaximumRevision_WhenPermanentlyDeleting_ThenNoContentParsingOrTargetRevisionAdvance(Boolean trashed)
[xUnit.net 00:00:21.06]         --- End of stack trace from previous location ---
{"Timestamp":"2026-10-09T04:48:39.9430494+00:00","Level":"Information","MessageTemplate":"Request completed. Code={Code}; Status={Status}","TraceId":"515e0769aaa5f384e738b566521b7021","SpanId":"0651357667dfed85","Properties":{"Code":"request_completed","Status":201,"SourceContext":"ArturRios.Cerberus.WebApi.Middleware.SafeFailureMiddleware","RequestId":"0HNP5O27J1MK1","RequestPath":"/api/records","CorrelationId":"acb387f88b754ae0b520d8f0b61cb6e5"}}
{"Timestamp":"2026-10-09T04:48:40.0478387+00:00","Level":"Information","MessageTemplate":"Request completed. Code={Code}; Status={Status}","TraceId":"bf141973bc73072e4f68a144d9ef9246","SpanId":"e8bc343c850a362c","Properties":{"Code":"request_completed","Status":201,"SourceContext":"ArturRios.Cerberus.WebApi.Middleware.SafeFailureMiddleware","RequestId":"0HNP5O27J1MK3","RequestPath":"/api/records","CorrelationId":"417aa4be26ee4ff983f6ba9b6c9b4411"}}
{"Timestamp":"2026-10-09T04:48:40.0696210+00:00","Level":"Information","MessageTemplate":"Request completed. Code={Code}; Status={Status}","TraceId":"eff983f241cd4fa644b5fcd22a26ae98","SpanId":"7a28b8228e7d67c7","Properties":{"Code":"request_completed","Status":404,"SourceContext":"ArturRios.Cerberus.WebApi.Middleware.SafeFailureMiddleware","RequestId":"0HNP5O27J1MK4","RequestPath":"/api/records/9398ed24-07b3-46b6-83ac-0ce60a2502e1/permanent","CorrelationId":"1de931af65a148e5bc13ed2b48f94211"}}
[xUnit.net 00:00:21.24]     ArturRios.Cerberus.WebApi.Tests.RecordPermanentDeleteHttpTests.GivenInvalidTransportOrAccess_WhenPermanentlyDeleting_ThenRejectWithoutMutation(kind: "utf8", status: 400) [FAIL]
[xUnit.net 00:00:21.24]       Assert.Equal() Failure: Values differ
[xUnit.net 00:00:21.24]       Expected: BadRequest
[xUnit.net 00:00:21.24]       Actual:   NotFound
[xUnit.net 00:00:21.24]       Stack Trace:
[xUnit.net 00:00:21.24]         /tmp/cerberus-uc22-worktree/tests/Presentation/ArturRios.Cerberus.WebApi.Tests/RecordPermanentDeleteHttpTests.cs(191,0): at ArturRios.Cerberus.WebApi.Tests.RecordPermanentDeleteHttpTests.Failure(HttpResponseMessage r, Int32 status, String error)
[xUnit.net 00:00:21.24]         /tmp/cerberus-uc22-worktree/tests/Presentation/ArturRios.Cerberus.WebApi.Tests/RecordPermanentDeleteHttpTests.cs(133,0): at ArturRios.Cerberus.WebApi.Tests.RecordPermanentDeleteHttpTests.GivenInvalidTransportOrAccess_WhenPermanentlyDeleting_ThenRejectWithoutMutation(String kind, Int32 status)
[xUnit.net 00:00:21.24]         --- End of stack trace from previous location ---
{"Timestamp":"2026-10-09T04:48:40.1580536+00:00","Level":"Information","MessageTemplate":"Request completed. Code={Code}; Status={Status}","TraceId":"7751dae1b842fc084b35e05ed12fbb53","SpanId":"f3d550d606d4b644","Properties":{"Code":"request_completed","Status":201,"SourceContext":"ArturRios.Cerberus.WebApi.Middleware.SafeFailureMiddleware","RequestId":"0HNP5O27J1MK5","RequestPath":"/api/records","CorrelationId":"ed9f1060b6084785b52e15141fb505f5"}}
{"Timestamp":"2026-10-09T04:48:40.1910375+00:00","Level":"Information","MessageTemplate":"Request completed. Code={Code}; Status={Status}","TraceId":"13e6eacf80b515f6dad21d5367c2af04","SpanId":"05aa5e09636b9e2a","Properties":{"Code":"request_completed","Status":404,"SourceContext":"ArturRios.Cerberus.WebApi.Middleware.SafeFailureMiddleware","RequestId":"0HNP5O27J1MK6","RequestPath":"/api/records/f5898aa1-5088-42f9-a35d-f1bf9e7e9915/permanent","CorrelationId":"6fe01f5714664aa8b60504ecae54e244"}}
[xUnit.net 00:00:21.37]     ArturRios.Cerberus.WebApi.Tests.RecordPermanentDeleteHttpTests.GivenInvalidTransportOrAccess_WhenPermanentlyDeleting_ThenRejectWithoutMutation(kind: "bad", status: 400) [FAIL]
[xUnit.net 00:00:21.37]       Assert.Equal() Failure: Values differ
[xUnit.net 00:00:21.37]       Expected: BadRequest
[xUnit.net 00:00:21.37]       Actual:   NotFound
[xUnit.net 00:00:21.37]       Stack Trace:
[xUnit.net 00:00:21.37]         /tmp/cerberus-uc22-worktree/tests/Presentation/ArturRios.Cerberus.WebApi.Tests/RecordPermanentDeleteHttpTests.cs(191,0): at ArturRios.Cerberus.WebApi.Tests.RecordPermanentDeleteHttpTests.Failure(HttpResponseMessage r, Int32 status, String error)
[xUnit.net 00:00:21.37]         /tmp/cerberus-uc22-worktree/tests/Presentation/ArturRios.Cerberus.WebApi.Tests/RecordPermanentDeleteHttpTests.cs(133,0): at ArturRios.Cerberus.WebApi.Tests.RecordPermanentDeleteHttpTests.GivenInvalidTransportOrAccess_WhenPermanentlyDeleting_ThenRejectWithoutMutation(String kind, Int32 status)
[xUnit.net 00:00:21.37]         --- End of stack trace from previous location ---
{"Timestamp":"2026-10-09T04:48:40.3100253+00:00","Level":"Information","MessageTemplate":"Request completed. Code={Code}; Status={Status}","TraceId":"70abbe194cde70c5866322d72abd1e62","SpanId":"c2c8d760ff4e3ad2","Properties":{"Code":"request_completed","Status":201,"SourceContext":"ArturRios.Cerberus.WebApi.Middleware.SafeFailureMiddleware","RequestId":"0HNP5O27J1MK7","RequestPath":"/api/records","CorrelationId":"6d3274bfc83648feb74ebd0d54ca7bde"}}
{"Timestamp":"2026-10-09T04:48:40.3443056+00:00","Level":"Information","MessageTemplate":"Request completed. Code={Code}; Status={Status}","TraceId":"276ba64a9affc65bbd08d1fc3743da81","SpanId":"8852a5f6dff06964","Properties":{"Code":"request_completed","Status":404,"SourceContext":"ArturRios.Cerberus.WebApi.Middleware.SafeFailureMiddleware","RequestId":"0HNP5O27J1MK8","RequestPath":"/api/records/c50ec867-820b-4863-b49c-2b5a0951bf03/permanent","CorrelationId":"f76d4aa8d24941428bbc81b65c3a1619"}}
[xUnit.net 00:00:21.51]     ArturRios.Cerberus.WebApi.Tests.RecordPermanentDeleteHttpTests.GivenInvalidTransportOrAccess_WhenPermanentlyDeleting_ThenRejectWithoutMutation(kind: "charset", status: 400) [FAIL]
[xUnit.net 00:00:21.51]       Assert.Equal() Failure: Values differ
[xUnit.net 00:00:21.51]       Expected: BadRequest
[xUnit.net 00:00:21.51]       Actual:   NotFound
[xUnit.net 00:00:21.51]       Stack Trace:
[xUnit.net 00:00:21.51]         /tmp/cerberus-uc22-worktree/tests/Presentation/ArturRios.Cerberus.WebApi.Tests/RecordPermanentDeleteHttpTests.cs(191,0): at ArturRios.Cerberus.WebApi.Tests.RecordPermanentDeleteHttpTests.Failure(HttpResponseMessage r, Int32 status, String error)
[xUnit.net 00:00:21.51]         /tmp/cerberus-uc22-worktree/tests/Presentation/ArturRios.Cerberus.WebApi.Tests/RecordPermanentDeleteHttpTests.cs(133,0): at ArturRios.Cerberus.WebApi.Tests.RecordPermanentDeleteHttpTests.GivenInvalidTransportOrAccess_WhenPermanentlyDeleting_ThenRejectWithoutMutation(String kind, Int32 status)
[xUnit.net 00:00:21.51]         --- End of stack trace from previous location ---
{"Timestamp":"2026-10-09T04:48:40.4102956+00:00","Level":"Information","MessageTemplate":"Request completed. Code={Code}; Status={Status}","TraceId":"94b26097a39736950313e2fae5f06a28","SpanId":"201c86ba0e9c7848","Properties":{"Code":"request_completed","Status":201,"SourceContext":"ArturRios.Cerberus.WebApi.Middleware.SafeFailureMiddleware","RequestId":"0HNP5O27J1MK9","RequestPath":"/api/records","CorrelationId":"c6cade0bb111491ab03c50bfca25202e"}}
{"Timestamp":"2026-10-09T04:48:40.4396598+00:00","Level":"Information","MessageTemplate":"Request completed. Code={Code}; Status={Status}","TraceId":"3d58ebdd7c1c4a6eab9265a6a34e309a","SpanId":"42f1f3056a402975","Properties":{"Code":"request_completed","Status":413,"SourceContext":"ArturRios.Cerberus.WebApi.Middleware.SafeFailureMiddleware","RequestId":"0HNP5O27J1MKA","RequestPath":"/api/records/63da680a-0655-4b05-9fcb-428d809fd048/permanent","CorrelationId":"6a5ad7a53a5d4561a5f33704b6f2e2ed"}}
  Failed ArturRios.Cerberus.WebApi.Tests.RecordPermanentDeleteHttpTests.GivenNoncanonicalRoute_WhenPermanentlyDeleting_Then400WithoutMutation(kind: "bad") [70 ms]
  Error Message:
   Assert.Equal() Failure: Values differ
Expected: BadRequest
Actual:   NotFound
  Stack Trace:
     at ArturRios.Cerberus.WebApi.Tests.RecordPermanentDeleteHttpTests.Failure(HttpResponseMessage r, Int32 status, String error) in /tmp/cerberus-uc22-worktree/tests/Presentation/ArturRios.Cerberus.WebApi.Tests/RecordPermanentDeleteHttpTests.cs:line 191
   at ArturRios.Cerberus.WebApi.Tests.RecordPermanentDeleteHttpTests.GivenNoncanonicalRoute_WhenPermanentlyDeleting_Then400WithoutMutation(String kind) in /tmp/cerberus-uc22-worktree/tests/Presentation/ArturRios.Cerberus.WebApi.Tests/RecordPermanentDeleteHttpTests.cs:line 129
--- End of stack trace from previous location ---
  Failed ArturRios.Cerberus.WebApi.Tests.RecordPermanentDeleteHttpTests.GivenNoncanonicalRoute_WhenPermanentlyDeleting_Then400WithoutMutation(kind: "zero") [61 ms]
  Error Message:
   Assert.Equal() Failure: Values differ
Expected: BadRequest
Actual:   NotFound
  Stack Trace:
     at ArturRios.Cerberus.WebApi.Tests.RecordPermanentDeleteHttpTests.Failure(HttpResponseMessage r, Int32 status, String error) in /tmp/cerberus-uc22-worktree/tests/Presentation/ArturRios.Cerberus.WebApi.Tests/RecordPermanentDeleteHttpTests.cs:line 191
   at ArturRios.Cerberus.WebApi.Tests.RecordPermanentDeleteHttpTests.GivenNoncanonicalRoute_WhenPermanentlyDeleting_Then400WithoutMutation(String kind) in /tmp/cerberus-uc22-worktree/tests/Presentation/ArturRios.Cerberus.WebApi.Tests/RecordPermanentDeleteHttpTests.cs:line 129
--- End of stack trace from previous location ---
  Failed ArturRios.Cerberus.WebApi.Tests.RecordPermanentDeleteHttpTests.GivenDamagedOwnedCipherAndMaximumRevision_WhenPermanentlyDeleting_ThenNoContentParsingOrTargetRevisionAdvance(trashed: False) [72 ms]
  Error Message:
   Assert.Equal() Failure: Values differ
Expected: OK
Actual:   NotFound
  Stack Trace:
     at ArturRios.Cerberus.WebApi.Tests.RecordPermanentDeleteHttpTests.Success[T](HttpResponseMessage r, Int32 status) in /tmp/cerberus-uc22-worktree/tests/Presentation/ArturRios.Cerberus.WebApi.Tests/RecordPermanentDeleteHttpTests.cs:line 189
   at ArturRios.Cerberus.WebApi.Tests.RecordPermanentDeleteHttpTests.GivenDamagedOwnedCipherAndMaximumRevision_WhenPermanentlyDeleting_ThenNoContentParsingOrTargetRevisionAdvance(Boolean trashed) in /tmp/cerberus-uc22-worktree/tests/Presentation/ArturRios.Cerberus.WebApi.Tests/RecordPermanentDeleteHttpTests.cs:line 66
   at ArturRios.Cerberus.WebApi.Tests.RecordPermanentDeleteHttpTests.GivenDamagedOwnedCipherAndMaximumRevision_WhenPermanentlyDeleting_ThenNoContentParsingOrTargetRevisionAdvance(Boolean trashed) in /tmp/cerberus-uc22-worktree/tests/Presentation/ArturRios.Cerberus.WebApi.Tests/RecordPermanentDeleteHttpTests.cs:line 66
--- End of stack trace from previous location ---
  Failed ArturRios.Cerberus.WebApi.Tests.RecordPermanentDeleteHttpTests.GivenDamagedOwnedCipherAndMaximumRevision_WhenPermanentlyDeleting_ThenNoContentParsingOrTargetRevisionAdvance(trashed: True) [335 ms]
  Error Message:
   Assert.Equal() Failure: Values differ
Expected: OK
Actual:   NotFound
  Stack Trace:
     at ArturRios.Cerberus.WebApi.Tests.RecordPermanentDeleteHttpTests.Success[T](HttpResponseMessage r, Int32 status) in /tmp/cerberus-uc22-worktree/tests/Presentation/ArturRios.Cerberus.WebApi.Tests/RecordPermanentDeleteHttpTests.cs:line 189
   at ArturRios.Cerberus.WebApi.Tests.RecordPermanentDeleteHttpTests.GivenDamagedOwnedCipherAndMaximumRevision_WhenPermanentlyDeleting_ThenNoContentParsingOrTargetRevisionAdvance(Boolean trashed) in /tmp/cerberus-uc22-worktree/tests/Presentation/ArturRios.Cerberus.WebApi.Tests/RecordPermanentDeleteHttpTests.cs:line 66
   at ArturRios.Cerberus.WebApi.Tests.RecordPermanentDeleteHttpTests.GivenDamagedOwnedCipherAndMaximumRevision_WhenPermanentlyDeleting_ThenNoContentParsingOrTargetRevisionAdvance(Boolean trashed) in /tmp/cerberus-uc22-worktree/tests/Presentation/ArturRios.Cerberus.WebApi.Tests/RecordPermanentDeleteHttpTests.cs:line 66
--- End of stack trace from previous location ---
  Passed ArturRios.Cerberus.WebApi.Tests.RecordPermanentDeleteHttpTests.GivenCancelledHttpCaller_WhenPermanentlyDeleting_ThenPropagateAndPreserveRecord [97 ms]
  Failed ArturRios.Cerberus.WebApi.Tests.RecordPermanentDeleteHttpTests.GivenInvalidTransportOrAccess_WhenPermanentlyDeleting_ThenRejectWithoutMutation(kind: "utf8", status: 400) [73 ms]
  Error Message:
   Assert.Equal() Failure: Values differ
Expected: BadRequest
Actual:   NotFound
  Stack Trace:
     at ArturRios.Cerberus.WebApi.Tests.RecordPermanentDeleteHttpTests.Failure(HttpResponseMessage r, Int32 status, String error) in /tmp/cerberus-uc22-worktree/tests/Presentation/ArturRios.Cerberus.WebApi.Tests/RecordPermanentDeleteHttpTests.cs:line 191
   at ArturRios.Cerberus.WebApi.Tests.RecordPermanentDeleteHttpTests.GivenInvalidTransportOrAccess_WhenPermanentlyDeleting_ThenRejectWithoutMutation(String kind, Int32 status) in /tmp/cerberus-uc22-worktree/tests/Presentation/ArturRios.Cerberus.WebApi.Tests/RecordPermanentDeleteHttpTests.cs:line 133
--- End of stack trace from previous location ---
  Failed ArturRios.Cerberus.WebApi.Tests.RecordPermanentDeleteHttpTests.GivenInvalidTransportOrAccess_WhenPermanentlyDeleting_ThenRejectWithoutMutation(kind: "bad", status: 400) [126 ms]
  Error Message:
   Assert.Equal() Failure: Values differ
Expected: BadRequest
Actual:   NotFound
  Stack Trace:
     at ArturRios.Cerberus.WebApi.Tests.RecordPermanentDeleteHttpTests.Failure(HttpResponseMessage r, Int32 status, String error) in /tmp/cerberus-uc22-worktree/tests/Presentation/ArturRios.Cerberus.WebApi.Tests/RecordPermanentDeleteHttpTests.cs:line 191
   at ArturRios.Cerberus.WebApi.Tests.RecordPermanentDeleteHttpTests.GivenInvalidTransportOrAccess_WhenPermanentlyDeleting_ThenRejectWithoutMutation(String kind, Int32 status) in /tmp/cerberus-uc22-worktree/tests/Presentation/ArturRios.Cerberus.WebApi.Tests/RecordPermanentDeleteHttpTests.cs:line 133
--- End of stack trace from previous location ---
  Failed ArturRios.Cerberus.WebApi.Tests.RecordPermanentDeleteHttpTests.GivenInvalidTransportOrAccess_WhenPermanentlyDeleting_ThenRejectWithoutMutation(kind: "charset", status: 400) [140 ms]
  Error Message:
   Assert.Equal() Failure: Values differ
Expected: BadRequest
Actual:   NotFound
  Stack Trace:
     at ArturRios.Cerberus.WebApi.Tests.RecordPermanentDeleteHttpTests.Failure(HttpResponseMessage r, Int32 status, String error) in /tmp/cerberus-uc22-worktree/tests/Presentation/ArturRios.Cerberus.WebApi.Tests/RecordPermanentDeleteHttpTests.cs:line 191
   at ArturRios.Cerberus.WebApi.Tests.RecordPermanentDeleteHttpTests.GivenInvalidTransportOrAccess_WhenPermanentlyDeleting_ThenRejectWithoutMutation(String kind, Int32 status) in /tmp/cerberus-uc22-worktree/tests/Presentation/ArturRios.Cerberus.WebApi.Tests/RecordPermanentDeleteHttpTests.cs:line 133
--- End of stack trace from previous location ---
  Passed ArturRios.Cerberus.WebApi.Tests.RecordPermanentDeleteHttpTests.GivenInvalidTransportOrAccess_WhenPermanentlyDeleting_ThenRejectWithoutMutation(kind: "oversized", status: 413) [128 ms]
{"Timestamp":"2026-10-09T04:48:40.5635549+00:00","Level":"Information","MessageTemplate":"Request completed. Code={Code}; Status={Status}","TraceId":"80d55a6c8c78093ef05e95e99151354d","SpanId":"c697727e775d5ac8","Properties":{"Code":"request_completed","Status":201,"SourceContext":"ArturRios.Cerberus.WebApi.Middleware.SafeFailureMiddleware","RequestId":"0HNP5O27J1MKB","RequestPath":"/api/records","CorrelationId":"6373c1de197440fa88476202f22176ff"}}
{"Timestamp":"2026-10-09T04:48:40.6281411+00:00","Level":"Information","MessageTemplate":"Request completed. Code={Code}; Status={Status}","TraceId":"ab70ed8d9c85e5183ae141baa0e96b34","SpanId":"89d3b500e9e18d3c","Properties":{"Code":"request_completed","Status":404,"SourceContext":"ArturRios.Cerberus.WebApi.Middleware.SafeFailureMiddleware","RequestId":"0HNP5O27J1MKC","RequestPath":"/api/records/3411489e-ceb5-444b-b4e1-cfbfb2168619/permanent","CorrelationId":"5eb9751ebc464e7393c0ef8b7212745e"}}
[xUnit.net 00:00:21.80]     ArturRios.Cerberus.WebApi.Tests.RecordPermanentDeleteHttpTests.GivenInvalidTransportOrAccess_WhenPermanentlyDeleting_ThenRejectWithoutMutation(kind: "bom", status: 400) [FAIL]
[xUnit.net 00:00:21.80]       Assert.Equal() Failure: Values differ
[xUnit.net 00:00:21.80]       Expected: BadRequest
[xUnit.net 00:00:21.80]       Actual:   NotFound
[xUnit.net 00:00:21.80]       Stack Trace:
[xUnit.net 00:00:21.80]         /tmp/cerberus-uc22-worktree/tests/Presentation/ArturRios.Cerberus.WebApi.Tests/RecordPermanentDeleteHttpTests.cs(191,0): at ArturRios.Cerberus.WebApi.Tests.RecordPermanentDeleteHttpTests.Failure(HttpResponseMessage r, Int32 status, String error)
[xUnit.net 00:00:21.80]         /tmp/cerberus-uc22-worktree/tests/Presentation/ArturRios.Cerberus.WebApi.Tests/RecordPermanentDeleteHttpTests.cs(133,0): at ArturRios.Cerberus.WebApi.Tests.RecordPermanentDeleteHttpTests.GivenInvalidTransportOrAccess_WhenPermanentlyDeleting_ThenRejectWithoutMutation(String kind, Int32 status)
[xUnit.net 00:00:21.80]         --- End of stack trace from previous location ---
{"Timestamp":"2026-10-09T04:48:40.6782468+00:00","Level":"Information","MessageTemplate":"Request completed. Code={Code}; Status={Status}","TraceId":"3264a8530f20678c54c3006263b398a7","SpanId":"76ab26924824b791","Properties":{"Code":"request_completed","Status":201,"SourceContext":"ArturRios.Cerberus.WebApi.Middleware.SafeFailureMiddleware","RequestId":"0HNP5O27J1MKD","RequestPath":"/api/records","CorrelationId":"405da6b44a0c49a88f7a9b73f1eb1ce4"}}
{"Timestamp":"2026-10-09T04:48:40.7071631+00:00","Level":"Information","MessageTemplate":"Request completed. Code={Code}; Status={Status}","TraceId":"14ca591f48167479604dcd2753578eaf","SpanId":"827f55f384c8ad59","Properties":{"Code":"request_completed","Status":404,"SourceContext":"ArturRios.Cerberus.WebApi.Middleware.SafeFailureMiddleware","RequestId":"0HNP5O27J1MKE","RequestPath":"/api/records/4e5b992f-e37b-4945-8f19-2267f61ae164/permanent","CorrelationId":"0453810b6c8540dc824db5b70f80a78b"}}
[xUnit.net 00:00:21.88]     ArturRios.Cerberus.WebApi.Tests.RecordPermanentDeleteHttpTests.GivenInvalidTransportOrAccess_WhenPermanentlyDeleting_ThenRejectWithoutMutation(kind: "duplicate", status: 400) [FAIL]
[xUnit.net 00:00:21.88]       Assert.Equal() Failure: Values differ
[xUnit.net 00:00:21.88]       Expected: BadRequest
[xUnit.net 00:00:21.88]       Actual:   NotFound
[xUnit.net 00:00:21.88]       Stack Trace:
[xUnit.net 00:00:21.88]         /tmp/cerberus-uc22-worktree/tests/Presentation/ArturRios.Cerberus.WebApi.Tests/RecordPermanentDeleteHttpTests.cs(191,0): at ArturRios.Cerberus.WebApi.Tests.RecordPermanentDeleteHttpTests.Failure(HttpResponseMessage r, Int32 status, String error)
[xUnit.net 00:00:21.88]         /tmp/cerberus-uc22-worktree/tests/Presentation/ArturRios.Cerberus.WebApi.Tests/RecordPermanentDeleteHttpTests.cs(133,0): at ArturRios.Cerberus.WebApi.Tests.RecordPermanentDeleteHttpTests.GivenInvalidTransportOrAccess_WhenPermanentlyDeleting_ThenRejectWithoutMutation(String kind, Int32 status)
[xUnit.net 00:00:21.88]         --- End of stack trace from previous location ---
{"Timestamp":"2026-10-09T04:48:40.7676004+00:00","Level":"Information","MessageTemplate":"Request completed. Code={Code}; Status={Status}","TraceId":"5bc140762b5e494dedaa35f4ab28ab60","SpanId":"92fca81b27f19930","Properties":{"Code":"request_completed","Status":201,"SourceContext":"ArturRios.Cerberus.WebApi.Middleware.SafeFailureMiddleware","RequestId":"0HNP5O27J1MKF","RequestPath":"/api/records","CorrelationId":"75e04424868440e4b72a892a99e64379"}}
{"Timestamp":"2026-10-09T04:48:40.7944488+00:00","Level":"Information","MessageTemplate":"Request completed. Code={Code}; Status={Status}","TraceId":"c65191e7976bdc4536d0d8b1f418c27a","SpanId":"c1f412590a426b40","Properties":{"Code":"request_completed","Status":404,"SourceContext":"ArturRios.Cerberus.WebApi.Middleware.SafeFailureMiddleware","RequestId":"0HNP5O27J1MKG","RequestPath":"/api/records/46fa1f49-a126-4823-8a62-5afe7666be0b/permanent","CorrelationId":"48e7ac0fec774472b97ef5ad65ed6308"}}
[xUnit.net 00:00:21.96]     ArturRios.Cerberus.WebApi.Tests.RecordPermanentDeleteHttpTests.GivenInvalidTransportOrAccess_WhenPermanentlyDeleting_ThenRejectWithoutMutation(kind: "compression", status: 400) [FAIL]
[xUnit.net 00:00:21.96]       Assert.Equal() Failure: Values differ
[xUnit.net 00:00:21.96]       Expected: BadRequest
[xUnit.net 00:00:21.96]       Actual:   NotFound
[xUnit.net 00:00:21.96]       Stack Trace:
[xUnit.net 00:00:21.96]         /tmp/cerberus-uc22-worktree/tests/Presentation/ArturRios.Cerberus.WebApi.Tests/RecordPermanentDeleteHttpTests.cs(191,0): at ArturRios.Cerberus.WebApi.Tests.RecordPermanentDeleteHttpTests.Failure(HttpResponseMessage r, Int32 status, String error)
[xUnit.net 00:00:21.96]         /tmp/cerberus-uc22-worktree/tests/Presentation/ArturRios.Cerberus.WebApi.Tests/RecordPermanentDeleteHttpTests.cs(133,0): at ArturRios.Cerberus.WebApi.Tests.RecordPermanentDeleteHttpTests.GivenInvalidTransportOrAccess_WhenPermanentlyDeleting_ThenRejectWithoutMutation(String kind, Int32 status)
[xUnit.net 00:00:21.96]         --- End of stack trace from previous location ---
{"Timestamp":"2026-10-09T04:48:40.8675039+00:00","Level":"Information","MessageTemplate":"Request completed. Code={Code}; Status={Status}","TraceId":"aed11ae5502170d56028a9a7f91048cf","SpanId":"93163e850f433860","Properties":{"Code":"request_completed","Status":201,"SourceContext":"ArturRios.Cerberus.WebApi.Middleware.SafeFailureMiddleware","RequestId":"0HNP5O27J1MKH","RequestPath":"/api/records","CorrelationId":"201d83230c814e5782db1966f778bc0e"}}
{"Timestamp":"2026-10-09T04:48:40.8985374+00:00","Level":"Information","MessageTemplate":"Request completed. Code={Code}; Status={Status}","TraceId":"519ee85ec3b27c7386040c1334cc166f","SpanId":"f32dc915d4747e6e","Properties":{"Code":"request_completed","Status":404,"SourceContext":"ArturRios.Cerberus.WebApi.Middleware.SafeFailureMiddleware","RequestId":"0HNP5O27J1MKI","RequestPath":"/api/records/b82f8ee8-8650-4812-92b8-aae95d554103/permanent","CorrelationId":"362178ef2c3141af880939f73adf6081"}}
[xUnit.net 00:00:22.06]     ArturRios.Cerberus.WebApi.Tests.RecordPermanentDeleteHttpTests.GivenInvalidTransportOrAccess_WhenPermanentlyDeleting_ThenRejectWithoutMutation(kind: "missing", status: 401) [FAIL]
[xUnit.net 00:00:22.07]       Assert.Equal() Failure: Values differ
[xUnit.net 00:00:22.07]       Expected: Unauthorized
[xUnit.net 00:00:22.07]       Actual:   NotFound
[xUnit.net 00:00:22.07]       Stack Trace:
[xUnit.net 00:00:22.07]         /tmp/cerberus-uc22-worktree/tests/Presentation/ArturRios.Cerberus.WebApi.Tests/RecordPermanentDeleteHttpTests.cs(191,0): at ArturRios.Cerberus.WebApi.Tests.RecordPermanentDeleteHttpTests.Failure(HttpResponseMessage r, Int32 status, String error)
[xUnit.net 00:00:22.07]         /tmp/cerberus-uc22-worktree/tests/Presentation/ArturRios.Cerberus.WebApi.Tests/RecordPermanentDeleteHttpTests.cs(133,0): at ArturRios.Cerberus.WebApi.Tests.RecordPermanentDeleteHttpTests.GivenInvalidTransportOrAccess_WhenPermanentlyDeleting_ThenRejectWithoutMutation(String kind, Int32 status)
[xUnit.net 00:00:22.07]         --- End of stack trace from previous location ---
{"Timestamp":"2026-10-09T04:48:40.9732831+00:00","Level":"Information","MessageTemplate":"Request completed. Code={Code}; Status={Status}","TraceId":"e4042d2f16c9d54d5bc63caf23e0a06d","SpanId":"6ad74e5e62711452","Properties":{"Code":"request_completed","Status":201,"SourceContext":"ArturRios.Cerberus.WebApi.Middleware.SafeFailureMiddleware","RequestId":"0HNP5O27J1MKJ","RequestPath":"/api/records","CorrelationId":"f641743e85ce4fe7852cecde478a2c3a"}}
{"Timestamp":"2026-10-09T04:48:40.9903216+00:00","Level":"Information","MessageTemplate":"Request completed. Code={Code}; Status={Status}","TraceId":"eafd0b7b2a93ed51f9ba89e84bd7fc41","SpanId":"4612eb3cf2a130a6","Properties":{"Code":"request_completed","Status":404,"SourceContext":"ArturRios.Cerberus.WebApi.Middleware.SafeFailureMiddleware","RequestId":"0HNP5O27J1MKK","RequestPath":"/api/records/5797ff4f-cd0f-4135-b302-cc1dc5adce17/permanent","CorrelationId":"e6190f28b1df4e67b8000364911f29e4"}}
[xUnit.net 00:00:22.16]     ArturRios.Cerberus.WebApi.Tests.RecordPermanentDeleteHttpTests.GivenInvalidTransportOrAccess_WhenPermanentlyDeleting_ThenRejectWithoutMutation(kind: "query", status: 400) [FAIL]
[xUnit.net 00:00:22.16]       Assert.Equal() Failure: Values differ
[xUnit.net 00:00:22.16]       Expected: BadRequest
[xUnit.net 00:00:22.16]       Actual:   NotFound
[xUnit.net 00:00:22.16]       Stack Trace:
[xUnit.net 00:00:22.16]         /tmp/cerberus-uc22-worktree/tests/Presentation/ArturRios.Cerberus.WebApi.Tests/RecordPermanentDeleteHttpTests.cs(191,0): at ArturRios.Cerberus.WebApi.Tests.RecordPermanentDeleteHttpTests.Failure(HttpResponseMessage r, Int32 status, String error)
[xUnit.net 00:00:22.16]         /tmp/cerberus-uc22-worktree/tests/Presentation/ArturRios.Cerberus.WebApi.Tests/RecordPermanentDeleteHttpTests.cs(133,0): at ArturRios.Cerberus.WebApi.Tests.RecordPermanentDeleteHttpTests.GivenInvalidTransportOrAccess_WhenPermanentlyDeleting_ThenRejectWithoutMutation(String kind, Int32 status)
[xUnit.net 00:00:22.16]         --- End of stack trace from previous location ---
{"Timestamp":"2026-10-09T04:48:41.0679282+00:00","Level":"Information","MessageTemplate":"Request completed. Code={Code}; Status={Status}","TraceId":"e930c2a4a8d187e1aefbd1586b0fdde7","SpanId":"fabf89054dcb44c6","Properties":{"Code":"request_completed","Status":201,"SourceContext":"ArturRios.Cerberus.WebApi.Middleware.SafeFailureMiddleware","RequestId":"0HNP5O27J1MKL","RequestPath":"/api/records","CorrelationId":"acfb748880e04238b5803fefb66e4559"}}
{"Timestamp":"2026-10-09T04:48:41.1031765+00:00","Level":"Information","MessageTemplate":"Request completed. Code={Code}; Status={Status}","TraceId":"4a36de174b54e11843b9c7676da4d36c","SpanId":"5739a9e316b8b365","Properties":{"Code":"request_completed","Status":404,"SourceContext":"ArturRios.Cerberus.WebApi.Middleware.SafeFailureMiddleware","RequestId":"0HNP5O27J1MKM","RequestPath":"/api/records/25d4717d-25d4-4268-8699-d93cba0dc2bb/permanent","CorrelationId":"6f1fc14b13fd4dff818fa6d833692093"}}
[xUnit.net 00:00:22.27]     ArturRios.Cerberus.WebApi.Tests.RecordPermanentDeleteHttpTests.GivenRelevantMalformedNativeAuthority_WhenPermanentlyDeleting_Then503WithoutAnyContentChange(kind: "signature") [FAIL]
[xUnit.net 00:00:22.27]       Assert.Equal() Failure: Values differ
[xUnit.net 00:00:22.27]       Expected: ServiceUnavailable
[xUnit.net 00:00:22.27]       Actual:   NotFound
[xUnit.net 00:00:22.27]       Stack Trace:
[xUnit.net 00:00:22.27]         /tmp/cerberus-uc22-worktree/tests/Presentation/ArturRios.Cerberus.WebApi.Tests/RecordPermanentDeleteHttpTests.cs(191,0): at ArturRios.Cerberus.WebApi.Tests.RecordPermanentDeleteHttpTests.Failure(HttpResponseMessage r, Int32 status, String error)
[xUnit.net 00:00:22.27]         /tmp/cerberus-uc22-worktree/tests/Presentation/ArturRios.Cerberus.WebApi.Tests/RecordPermanentDeleteHttpTests.cs(149,0): at ArturRios.Cerberus.WebApi.Tests.RecordPermanentDeleteHttpTests.GivenRelevantMalformedNativeAuthority_WhenPermanentlyDeleting_Then503WithoutAnyContentChange(String kind)
[xUnit.net 00:00:22.27]         --- End of stack trace from previous location ---
{"Timestamp":"2026-10-09T04:48:41.1690668+00:00","Level":"Information","MessageTemplate":"Request completed. Code={Code}; Status={Status}","TraceId":"75dc27bb067a503aa7288d1ea7fcb123","SpanId":"2b58d96915c94d02","Properties":{"Code":"request_completed","Status":201,"SourceContext":"ArturRios.Cerberus.WebApi.Middleware.SafeFailureMiddleware","RequestId":"0HNP5O27J1MKN","RequestPath":"/api/records","CorrelationId":"a2c07654e27e44539575d590ca3d3554"}}
{"Timestamp":"2026-10-09T04:48:41.1957475+00:00","Level":"Information","MessageTemplate":"Request completed. Code={Code}; Status={Status}","TraceId":"4891c3b1e6d96507bf735c5f35718326","SpanId":"52ce5c0827381589","Properties":{"Code":"request_completed","Status":404,"SourceContext":"ArturRios.Cerberus.WebApi.Middleware.SafeFailureMiddleware","RequestId":"0HNP5O27J1MKO","RequestPath":"/api/records/2127786c-40f7-4e3d-83d1-9a155b7a4e2c/permanent","CorrelationId":"15315c66e0e34601a92954c7035ca4f1"}}
[xUnit.net 00:00:22.36]     ArturRios.Cerberus.WebApi.Tests.RecordPermanentDeleteHttpTests.GivenRelevantMalformedNativeAuthority_WhenPermanentlyDeleting_Then503WithoutAnyContentChange(kind: "numericString") [FAIL]
[xUnit.net 00:00:22.36]       Assert.Equal() Failure: Values differ
[xUnit.net 00:00:22.36]       Expected: ServiceUnavailable
[xUnit.net 00:00:22.36]       Actual:   NotFound
[xUnit.net 00:00:22.36]       Stack Trace:
[xUnit.net 00:00:22.36]         /tmp/cerberus-uc22-worktree/tests/Presentation/ArturRios.Cerberus.WebApi.Tests/RecordPermanentDeleteHttpTests.cs(191,0): at ArturRios.Cerberus.WebApi.Tests.RecordPermanentDeleteHttpTests.Failure(HttpResponseMessage r, Int32 status, String error)
[xUnit.net 00:00:22.36]         /tmp/cerberus-uc22-worktree/tests/Presentation/ArturRios.Cerberus.WebApi.Tests/RecordPermanentDeleteHttpTests.cs(149,0): at ArturRios.Cerberus.WebApi.Tests.RecordPermanentDeleteHttpTests.GivenRelevantMalformedNativeAuthority_WhenPermanentlyDeleting_Then503WithoutAnyContentChange(String kind)
[xUnit.net 00:00:22.36]         --- End of stack trace from previous location ---
{"Timestamp":"2026-10-09T04:48:41.2636955+00:00","Level":"Information","MessageTemplate":"Request completed. Code={Code}; Status={Status}","TraceId":"7d5f1554438e0cc39b17b8bb45c611ad","SpanId":"7e804b4e469c9b3b","Properties":{"Code":"request_completed","Status":201,"SourceContext":"ArturRios.Cerberus.WebApi.Middleware.SafeFailureMiddleware","RequestId":"0HNP5O27J1MKP","RequestPath":"/api/records","CorrelationId":"4dae5f7644534a6bb5fa0b8b0576c9bd"}}
{"Timestamp":"2026-10-09T04:48:41.3298566+00:00","Level":"Information","MessageTemplate":"Request completed. Code={Code}; Status={Status}","TraceId":"c72a0e00cf6f142a65bc608c6e37f1af","SpanId":"7ef823ad68d87083","Properties":{"Code":"request_completed","Status":404,"SourceContext":"ArturRios.Cerberus.WebApi.Middleware.SafeFailureMiddleware","RequestId":"0HNP5O27J1MKQ","RequestPath":"/api/records/55db7076-0887-4a6c-a0e9-8d83aff98a2d/permanent","CorrelationId":"616167423d5242cabb7328d1f2f8086e"}}
[xUnit.net 00:00:22.50]     ArturRios.Cerberus.WebApi.Tests.RecordPermanentDeleteHttpTests.GivenRelevantMalformedNativeAuthority_WhenPermanentlyDeleting_Then503WithoutAnyContentChange(kind: "pins") [FAIL]
[xUnit.net 00:00:22.50]       Assert.Equal() Failure: Values differ
[xUnit.net 00:00:22.50]       Expected: ServiceUnavailable
[xUnit.net 00:00:22.50]       Actual:   NotFound
[xUnit.net 00:00:22.50]       Stack Trace:
[xUnit.net 00:00:22.50]         /tmp/cerberus-uc22-worktree/tests/Presentation/ArturRios.Cerberus.WebApi.Tests/RecordPermanentDeleteHttpTests.cs(191,0): at ArturRios.Cerberus.WebApi.Tests.RecordPermanentDeleteHttpTests.Failure(HttpResponseMessage r, Int32 status, String error)
[xUnit.net 00:00:22.50]         /tmp/cerberus-uc22-worktree/tests/Presentation/ArturRios.Cerberus.WebApi.Tests/RecordPermanentDeleteHttpTests.cs(149,0): at ArturRios.Cerberus.WebApi.Tests.RecordPermanentDeleteHttpTests.GivenRelevantMalformedNativeAuthority_WhenPermanentlyDeleting_Then503WithoutAnyContentChange(String kind)
[xUnit.net 00:00:22.50]         --- End of stack trace from previous location ---
{"Timestamp":"2026-10-09T04:48:41.3971741+00:00","Level":"Information","MessageTemplate":"Request completed. Code={Code}; Status={Status}","TraceId":"7159e59f256f84508512d31a56214ead","SpanId":"78ed002acdd7dcfa","Properties":{"Code":"request_completed","Status":201,"SourceContext":"ArturRios.Cerberus.WebApi.Middleware.SafeFailureMiddleware","RequestId":"0HNP5O27J1MKR","RequestPath":"/api/records","CorrelationId":"66986a0680764ae1953c29168c9e4cad"}}
{"Timestamp":"2026-10-09T04:48:41.4119309+00:00","Level":"Information","MessageTemplate":"Request completed. Code={Code}; Status={Status}","TraceId":"6626017481d5249cc14e954130ac70f4","SpanId":"a476d58a2db0734d","Properties":{"Code":"request_completed","Status":404,"SourceContext":"ArturRios.Cerberus.WebApi.Middleware.SafeFailureMiddleware","RequestId":"0HNP5O27J1MKS","RequestPath":"/api/records/5d56c3e0-bf5a-4494-a3dc-bdd1c5d893e3/permanent","CorrelationId":"4a229eec096949d7bd2090345b55c1be"}}
[xUnit.net 00:00:22.58]     ArturRios.Cerberus.WebApi.Tests.RecordPermanentDeleteHttpTests.GivenLedgerOutageAfterCommittedIntent_WhenPermanentlyDeletingOverHttp_Then503KeepsTerminalIntentAndDeniesRetryAndReads [FAIL]
[xUnit.net 00:00:22.58]       Assert.Equal() Failure: Values differ
[xUnit.net 00:00:22.58]       Expected: ServiceUnavailable
[xUnit.net 00:00:22.58]       Actual:   NotFound
[xUnit.net 00:00:22.58]       Stack Trace:
[xUnit.net 00:00:22.58]         /tmp/cerberus-uc22-worktree/tests/Presentation/ArturRios.Cerberus.WebApi.Tests/RecordPermanentDeleteHttpTests.cs(191,0): at ArturRios.Cerberus.WebApi.Tests.RecordPermanentDeleteHttpTests.Failure(HttpResponseMessage r, Int32 status, String error)
[xUnit.net 00:00:22.58]         /tmp/cerberus-uc22-worktree/tests/Presentation/ArturRios.Cerberus.WebApi.Tests/RecordPermanentDeleteHttpTests.cs(94,0): at ArturRios.Cerberus.WebApi.Tests.RecordPermanentDeleteHttpTests.GivenLedgerOutageAfterCommittedIntent_WhenPermanentlyDeletingOverHttp_Then503KeepsTerminalIntentAndDeniesRetryAndReads()
[xUnit.net 00:00:22.58]         --- End of stack trace from previous location ---
  Failed ArturRios.Cerberus.WebApi.Tests.RecordPermanentDeleteHttpTests.GivenInvalidTransportOrAccess_WhenPermanentlyDeleting_ThenRejectWithoutMutation(kind: "bom", status: 400) [153 ms]
  Error Message:
   Assert.Equal() Failure: Values differ
Expected: BadRequest
Actual:   NotFound
  Stack Trace:
     at ArturRios.Cerberus.WebApi.Tests.RecordPermanentDeleteHttpTests.Failure(HttpResponseMessage r, Int32 status, String error) in /tmp/cerberus-uc22-worktree/tests/Presentation/ArturRios.Cerberus.WebApi.Tests/RecordPermanentDeleteHttpTests.cs:line 191
   at ArturRios.Cerberus.WebApi.Tests.RecordPermanentDeleteHttpTests.GivenInvalidTransportOrAccess_WhenPermanentlyDeleting_ThenRejectWithoutMutation(String kind, Int32 status) in /tmp/cerberus-uc22-worktree/tests/Presentation/ArturRios.Cerberus.WebApi.Tests/RecordPermanentDeleteHttpTests.cs:line 133
--- End of stack trace from previous location ---
  Failed ArturRios.Cerberus.WebApi.Tests.RecordPermanentDeleteHttpTests.GivenInvalidTransportOrAccess_WhenPermanentlyDeleting_ThenRejectWithoutMutation(kind: "duplicate", status: 400) [79 ms]
  Error Message:
   Assert.Equal() Failure: Values differ
Expected: BadRequest
Actual:   NotFound
  Stack Trace:
     at ArturRios.Cerberus.WebApi.Tests.RecordPermanentDeleteHttpTests.Failure(HttpResponseMessage r, Int32 status, String error) in /tmp/cerberus-uc22-worktree/tests/Presentation/ArturRios.Cerberus.WebApi.Tests/RecordPermanentDeleteHttpTests.cs:line 191
   at ArturRios.Cerberus.WebApi.Tests.RecordPermanentDeleteHttpTests.GivenInvalidTransportOrAccess_WhenPermanentlyDeleting_ThenRejectWithoutMutation(String kind, Int32 status) in /tmp/cerberus-uc22-worktree/tests/Presentation/ArturRios.Cerberus.WebApi.Tests/RecordPermanentDeleteHttpTests.cs:line 133
--- End of stack trace from previous location ---
  Failed ArturRios.Cerberus.WebApi.Tests.RecordPermanentDeleteHttpTests.GivenInvalidTransportOrAccess_WhenPermanentlyDeleting_ThenRejectWithoutMutation(kind: "compression", status: 400) [83 ms]
  Error Message:
   Assert.Equal() Failure: Values differ
Expected: BadRequest
Actual:   NotFound
  Stack Trace:
     at ArturRios.Cerberus.WebApi.Tests.RecordPermanentDeleteHttpTests.Failure(HttpResponseMessage r, Int32 status, String error) in /tmp/cerberus-uc22-worktree/tests/Presentation/ArturRios.Cerberus.WebApi.Tests/RecordPermanentDeleteHttpTests.cs:line 191
   at ArturRios.Cerberus.WebApi.Tests.RecordPermanentDeleteHttpTests.GivenInvalidTransportOrAccess_WhenPermanentlyDeleting_ThenRejectWithoutMutation(String kind, Int32 status) in /tmp/cerberus-uc22-worktree/tests/Presentation/ArturRios.Cerberus.WebApi.Tests/RecordPermanentDeleteHttpTests.cs:line 133
--- End of stack trace from previous location ---
  Failed ArturRios.Cerberus.WebApi.Tests.RecordPermanentDeleteHttpTests.GivenInvalidTransportOrAccess_WhenPermanentlyDeleting_ThenRejectWithoutMutation(kind: "missing", status: 401) [102 ms]
  Error Message:
   Assert.Equal() Failure: Values differ
Expected: Unauthorized
Actual:   NotFound
  Stack Trace:
     at ArturRios.Cerberus.WebApi.Tests.RecordPermanentDeleteHttpTests.Failure(HttpResponseMessage r, Int32 status, String error) in /tmp/cerberus-uc22-worktree/tests/Presentation/ArturRios.Cerberus.WebApi.Tests/RecordPermanentDeleteHttpTests.cs:line 191
   at ArturRios.Cerberus.WebApi.Tests.RecordPermanentDeleteHttpTests.GivenInvalidTransportOrAccess_WhenPermanentlyDeleting_ThenRejectWithoutMutation(String kind, Int32 status) in /tmp/cerberus-uc22-worktree/tests/Presentation/ArturRios.Cerberus.WebApi.Tests/RecordPermanentDeleteHttpTests.cs:line 133
--- End of stack trace from previous location ---
  Failed ArturRios.Cerberus.WebApi.Tests.RecordPermanentDeleteHttpTests.GivenInvalidTransportOrAccess_WhenPermanentlyDeleting_ThenRejectWithoutMutation(kind: "query", status: 400) [90 ms]
  Error Message:
   Assert.Equal() Failure: Values differ
Expected: BadRequest
Actual:   NotFound
  Stack Trace:
     at ArturRios.Cerberus.WebApi.Tests.RecordPermanentDeleteHttpTests.Failure(HttpResponseMessage r, Int32 status, String error) in /tmp/cerberus-uc22-worktree/tests/Presentation/ArturRios.Cerberus.WebApi.Tests/RecordPermanentDeleteHttpTests.cs:line 191
   at ArturRios.Cerberus.WebApi.Tests.RecordPermanentDeleteHttpTests.GivenInvalidTransportOrAccess_WhenPermanentlyDeleting_ThenRejectWithoutMutation(String kind, Int32 status) in /tmp/cerberus-uc22-worktree/tests/Presentation/ArturRios.Cerberus.WebApi.Tests/RecordPermanentDeleteHttpTests.cs:line 133
--- End of stack trace from previous location ---
  Failed ArturRios.Cerberus.WebApi.Tests.RecordPermanentDeleteHttpTests.GivenRelevantMalformedNativeAuthority_WhenPermanentlyDeleting_Then503WithoutAnyContentChange(kind: "signature") [112 ms]
  Error Message:
   Assert.Equal() Failure: Values differ
Expected: ServiceUnavailable
Actual:   NotFound
  Stack Trace:
     at ArturRios.Cerberus.WebApi.Tests.RecordPermanentDeleteHttpTests.Failure(HttpResponseMessage r, Int32 status, String error) in /tmp/cerberus-uc22-worktree/tests/Presentation/ArturRios.Cerberus.WebApi.Tests/RecordPermanentDeleteHttpTests.cs:line 191
   at ArturRios.Cerberus.WebApi.Tests.RecordPermanentDeleteHttpTests.GivenRelevantMalformedNativeAuthority_WhenPermanentlyDeleting_Then503WithoutAnyContentChange(String kind) in /tmp/cerberus-uc22-worktree/tests/Presentation/ArturRios.Cerberus.WebApi.Tests/RecordPermanentDeleteHttpTests.cs:line 149
--- End of stack trace from previous location ---
  Failed ArturRios.Cerberus.WebApi.Tests.RecordPermanentDeleteHttpTests.GivenRelevantMalformedNativeAuthority_WhenPermanentlyDeleting_Then503WithoutAnyContentChange(kind: "numericString") [91 ms]
  Error Message:
   Assert.Equal() Failure: Values differ
Expected: ServiceUnavailable
Actual:   NotFound
  Stack Trace:
     at ArturRios.Cerberus.WebApi.Tests.RecordPermanentDeleteHttpTests.Failure(HttpResponseMessage r, Int32 status, String error) in /tmp/cerberus-uc22-worktree/tests/Presentation/ArturRios.Cerberus.WebApi.Tests/RecordPermanentDeleteHttpTests.cs:line 191
   at ArturRios.Cerberus.WebApi.Tests.RecordPermanentDeleteHttpTests.GivenRelevantMalformedNativeAuthority_WhenPermanentlyDeleting_Then503WithoutAnyContentChange(String kind) in /tmp/cerberus-uc22-worktree/tests/Presentation/ArturRios.Cerberus.WebApi.Tests/RecordPermanentDeleteHttpTests.cs:line 149
--- End of stack trace from previous location ---
  Failed ArturRios.Cerberus.WebApi.Tests.RecordPermanentDeleteHttpTests.GivenRelevantMalformedNativeAuthority_WhenPermanentlyDeleting_Then503WithoutAnyContentChange(kind: "pins") [136 ms]
  Error Message:
   Assert.Equal() Failure: Values differ
Expected: ServiceUnavailable
Actual:   NotFound
  Stack Trace:
     at ArturRios.Cerberus.WebApi.Tests.RecordPermanentDeleteHttpTests.Failure(HttpResponseMessage r, Int32 status, String error) in /tmp/cerberus-uc22-worktree/tests/Presentation/ArturRios.Cerberus.WebApi.Tests/RecordPermanentDeleteHttpTests.cs:line 191
   at ArturRios.Cerberus.WebApi.Tests.RecordPermanentDeleteHttpTests.GivenRelevantMalformedNativeAuthority_WhenPermanentlyDeleting_Then503WithoutAnyContentChange(String kind) in /tmp/cerberus-uc22-worktree/tests/Presentation/ArturRios.Cerberus.WebApi.Tests/RecordPermanentDeleteHttpTests.cs:line 149
--- End of stack trace from previous location ---
  Failed ArturRios.Cerberus.WebApi.Tests.RecordPermanentDeleteHttpTests.GivenLedgerOutageAfterCommittedIntent_WhenPermanentlyDeletingOverHttp_Then503KeepsTerminalIntentAndDeniesRetryAndReads [75 ms]
  Error Message:
   Assert.Equal() Failure: Values differ
Expected: ServiceUnavailable
Actual:   NotFound
  Stack Trace:
     at ArturRios.Cerberus.WebApi.Tests.RecordPermanentDeleteHttpTests.Failure(HttpResponseMessage r, Int32 status, String error) in /tmp/cerberus-uc22-worktree/tests/Presentation/ArturRios.Cerberus.WebApi.Tests/RecordPermanentDeleteHttpTests.cs:line 191
   at ArturRios.Cerberus.WebApi.Tests.RecordPermanentDeleteHttpTests.GivenLedgerOutageAfterCommittedIntent_WhenPermanentlyDeletingOverHttp_Then503KeepsTerminalIntentAndDeniesRetryAndReads() in /tmp/cerberus-uc22-worktree/tests/Presentation/ArturRios.Cerberus.WebApi.Tests/RecordPermanentDeleteHttpTests.cs:line 94
--- End of stack trace from previous location ---
{"Timestamp":"2026-10-09T04:48:41.4580129+00:00","Level":"Information","MessageTemplate":"Request completed. Code={Code}; Status={Status}","TraceId":"bb98c95094c52ecdff7067d756125a5b","SpanId":"b41281a3bcf7f849","Properties":{"Code":"request_completed","Status":201,"SourceContext":"ArturRios.Cerberus.WebApi.Middleware.SafeFailureMiddleware","RequestId":"0HNP5O27J1MKT","RequestPath":"/api/records","CorrelationId":"c619c5246473447083020a568c4bf4f7"}}
{"Timestamp":"2026-10-09T04:48:41.4711544+00:00","Level":"Information","MessageTemplate":"Request completed. Code={Code}; Status={Status}","TraceId":"b92b13efe5077bfc878d3da373cf3a35","SpanId":"b7a680e2c2747af0","Properties":{"Code":"request_completed","Status":404,"SourceContext":"ArturRios.Cerberus.WebApi.Middleware.SafeFailureMiddleware","RequestId":"0HNP5O27J1MKU","RequestPath":"/api/records/8f93582f-e791-44d6-9c92-245427bc941b/permanent","CorrelationId":"0b48c948596249fca57b0a3f16102057"}}
[xUnit.net 00:00:22.64]     ArturRios.Cerberus.WebApi.Tests.RecordPermanentDeleteHttpTests.GivenCorruptMetadataOrPersistenceOutage_WhenPermanentlyDeleting_Then503WithoutPartialOperation(kind: "sequence") [FAIL]
[xUnit.net 00:00:22.64]       Assert.Equal() Failure: Values differ
[xUnit.net 00:00:22.64]       Expected: ServiceUnavailable
[xUnit.net 00:00:22.64]       Actual:   NotFound
[xUnit.net 00:00:22.64]       Stack Trace:
[xUnit.net 00:00:22.64]         /tmp/cerberus-uc22-worktree/tests/Presentation/ArturRios.Cerberus.WebApi.Tests/RecordPermanentDeleteHttpTests.cs(191,0): at ArturRios.Cerberus.WebApi.Tests.RecordPermanentDeleteHttpTests.Failure(HttpResponseMessage r, Int32 status, String error)
[xUnit.net 00:00:22.64]         /tmp/cerberus-uc22-worktree/tests/Presentation/ArturRios.Cerberus.WebApi.Tests/RecordPermanentDeleteHttpTests.cs(114,0): at ArturRios.Cerberus.WebApi.Tests.RecordPermanentDeleteHttpTests.GivenCorruptMetadataOrPersistenceOutage_WhenPermanentlyDeleting_Then503WithoutPartialOperation(String kind)
[xUnit.net 00:00:22.64]         /tmp/cerberus-uc22-worktree/tests/Presentation/ArturRios.Cerberus.WebApi.Tests/RecordPermanentDeleteHttpTests.cs(114,0): at ArturRios.Cerberus.WebApi.Tests.RecordPermanentDeleteHttpTests.GivenCorruptMetadataOrPersistenceOutage_WhenPermanentlyDeleting_Then503WithoutPartialOperation(String kind)
[xUnit.net 00:00:22.64]         /tmp/cerberus-uc22-worktree/tests/Presentation/ArturRios.Cerberus.WebApi.Tests/RecordPermanentDeleteHttpTests.cs(114,0): at ArturRios.Cerberus.WebApi.Tests.RecordPermanentDeleteHttpTests.GivenCorruptMetadataOrPersistenceOutage_WhenPermanentlyDeleting_Then503WithoutPartialOperation(String kind)
[xUnit.net 00:00:22.64]         --- End of stack trace from previous location ---
{"Timestamp":"2026-10-09T04:48:41.5456147+00:00","Level":"Information","MessageTemplate":"Request completed. Code={Code}; Status={Status}","TraceId":"01c11408ef5fdf12c2a578e9bd8ea7eb","SpanId":"bfb03c1f37ce9192","Properties":{"Code":"request_completed","Status":201,"SourceContext":"ArturRios.Cerberus.WebApi.Middleware.SafeFailureMiddleware","RequestId":"0HNP5O27J1MKV","RequestPath":"/api/records","CorrelationId":"270409f113264ad68b2551619ceba843"}}
{"Timestamp":"2026-10-09T04:48:41.5743738+00:00","Level":"Information","MessageTemplate":"Request completed. Code={Code}; Status={Status}","TraceId":"193a03e28f4d24ef6fbc9278752b1ad5","SpanId":"2df2e7be9ede3cfb","Properties":{"Code":"request_completed","Status":404,"SourceContext":"ArturRios.Cerberus.WebApi.Middleware.SafeFailureMiddleware","RequestId":"0HNP5O27J1ML0","RequestPath":"/api/records/6ccbe4a1-62a9-4547-89da-bc7c31042475/permanent","CorrelationId":"35717e371aa84cd7874f18e0c1d69b00"}}
[xUnit.net 00:00:22.74]     ArturRios.Cerberus.WebApi.Tests.RecordPermanentDeleteHttpTests.GivenCorruptMetadataOrPersistenceOutage_WhenPermanentlyDeleting_Then503WithoutPartialOperation(kind: "revision") [FAIL]
[xUnit.net 00:00:22.74]       Assert.Equal() Failure: Values differ
[xUnit.net 00:00:22.74]       Expected: ServiceUnavailable
[xUnit.net 00:00:22.74]       Actual:   NotFound
[xUnit.net 00:00:22.74]       Stack Trace:
[xUnit.net 00:00:22.74]         /tmp/cerberus-uc22-worktree/tests/Presentation/ArturRios.Cerberus.WebApi.Tests/RecordPermanentDeleteHttpTests.cs(191,0): at ArturRios.Cerberus.WebApi.Tests.RecordPermanentDeleteHttpTests.Failure(HttpResponseMessage r, Int32 status, String error)
[xUnit.net 00:00:22.74]         /tmp/cerberus-uc22-worktree/tests/Presentation/ArturRios.Cerberus.WebApi.Tests/RecordPermanentDeleteHttpTests.cs(114,0): at ArturRios.Cerberus.WebApi.Tests.RecordPermanentDeleteHttpTests.GivenCorruptMetadataOrPersistenceOutage_WhenPermanentlyDeleting_Then503WithoutPartialOperation(String kind)
[xUnit.net 00:00:22.74]         /tmp/cerberus-uc22-worktree/tests/Presentation/ArturRios.Cerberus.WebApi.Tests/RecordPermanentDeleteHttpTests.cs(114,0): at ArturRios.Cerberus.WebApi.Tests.RecordPermanentDeleteHttpTests.GivenCorruptMetadataOrPersistenceOutage_WhenPermanentlyDeleting_Then503WithoutPartialOperation(String kind)
[xUnit.net 00:00:22.74]         /tmp/cerberus-uc22-worktree/tests/Presentation/ArturRios.Cerberus.WebApi.Tests/RecordPermanentDeleteHttpTests.cs(114,0): at ArturRios.Cerberus.WebApi.Tests.RecordPermanentDeleteHttpTests.GivenCorruptMetadataOrPersistenceOutage_WhenPermanentlyDeleting_Then503WithoutPartialOperation(String kind)
[xUnit.net 00:00:22.74]         --- End of stack trace from previous location ---
{"Timestamp":"2026-10-09T04:48:41.6382125+00:00","Level":"Information","MessageTemplate":"Request completed. Code={Code}; Status={Status}","TraceId":"480da1da7052a7298cb26471f3e65e11","SpanId":"f2a17ab87253e1ff","Properties":{"Code":"request_completed","Status":201,"SourceContext":"ArturRios.Cerberus.WebApi.Middleware.SafeFailureMiddleware","RequestId":"0HNP5O27J1ML1","RequestPath":"/api/records","CorrelationId":"e806c9b3b3d8413aa247fbc6a16e6222"}}
{"Timestamp":"2026-10-09T04:48:41.6627481+00:00","Level":"Information","MessageTemplate":"Request completed. Code={Code}; Status={Status}","TraceId":"4e0f6701de569316821b9494acd71212","SpanId":"fec84ead1626ed23","Properties":{"Code":"request_completed","Status":404,"SourceContext":"ArturRios.Cerberus.WebApi.Middleware.SafeFailureMiddleware","RequestId":"0HNP5O27J1ML2","RequestPath":"/api/records/530e587d-8ce8-49d4-9149-9c9e57c89439/permanent","CorrelationId":"abc6e355003141a19b165ecfd3c4c17c"}}
[xUnit.net 00:00:22.83]     ArturRios.Cerberus.WebApi.Tests.RecordPermanentDeleteHttpTests.GivenCorruptMetadataOrPersistenceOutage_WhenPermanentlyDeleting_Then503WithoutPartialOperation(kind: "outage") [FAIL]
[xUnit.net 00:00:22.83]       Assert.Equal() Failure: Values differ
[xUnit.net 00:00:22.83]       Expected: ServiceUnavailable
[xUnit.net 00:00:22.83]       Actual:   NotFound
[xUnit.net 00:00:22.83]       Stack Trace:
[xUnit.net 00:00:22.83]         /tmp/cerberus-uc22-worktree/tests/Presentation/ArturRios.Cerberus.WebApi.Tests/RecordPermanentDeleteHttpTests.cs(191,0): at ArturRios.Cerberus.WebApi.Tests.RecordPermanentDeleteHttpTests.Failure(HttpResponseMessage r, Int32 status, String error)
[xUnit.net 00:00:22.83]         /tmp/cerberus-uc22-worktree/tests/Presentation/ArturRios.Cerberus.WebApi.Tests/RecordPermanentDeleteHttpTests.cs(114,0): at ArturRios.Cerberus.WebApi.Tests.RecordPermanentDeleteHttpTests.GivenCorruptMetadataOrPersistenceOutage_WhenPermanentlyDeleting_Then503WithoutPartialOperation(String kind)
[xUnit.net 00:00:22.83]         /tmp/cerberus-uc22-worktree/tests/Presentation/ArturRios.Cerberus.WebApi.Tests/RecordPermanentDeleteHttpTests.cs(114,0): at ArturRios.Cerberus.WebApi.Tests.RecordPermanentDeleteHttpTests.GivenCorruptMetadataOrPersistenceOutage_WhenPermanentlyDeleting_Then503WithoutPartialOperation(String kind)
[xUnit.net 00:00:22.83]         /tmp/cerberus-uc22-worktree/tests/Presentation/ArturRios.Cerberus.WebApi.Tests/RecordPermanentDeleteHttpTests.cs(114,0): at ArturRios.Cerberus.WebApi.Tests.RecordPermanentDeleteHttpTests.GivenCorruptMetadataOrPersistenceOutage_WhenPermanentlyDeleting_Then503WithoutPartialOperation(String kind)
[xUnit.net 00:00:22.83]         --- End of stack trace from previous location ---
{"Timestamp":"2026-10-09T04:48:41.7278247+00:00","Level":"Information","MessageTemplate":"Request completed. Code={Code}; Status={Status}","TraceId":"a0e7e770b10095c7731140bcbeeeb67c","SpanId":"0e50f28edc3d5bf1","Properties":{"Code":"request_completed","Status":201,"SourceContext":"ArturRios.Cerberus.WebApi.Middleware.SafeFailureMiddleware","RequestId":"0HNP5O27J1ML3","RequestPath":"/api/records","CorrelationId":"abc8436c7d7b4a90aa794c3df31a2c4e"}}
{"Timestamp":"2026-10-09T04:48:41.9783884+00:00","Level":"Information","MessageTemplate":"Request completed. Code={Code}; Status={Status}","TraceId":"42beb8aa6e2056ac12c2297f7dd6a8bb","SpanId":"b626519a6c04bb48","Properties":{"Code":"request_completed","Status":200,"SourceContext":"ArturRios.Cerberus.WebApi.Middleware.SafeFailureMiddleware","RequestId":"0HNP5O27J1ML4","RequestPath":"/api/records/4793a127-f0b4-4e7b-9393-6df40ac73c2b","CorrelationId":"0dd6695609a44a5aa245a921207eb4f4"}}
{"Timestamp":"2026-10-09T04:48:41.9948394+00:00","Level":"Information","MessageTemplate":"Request completed. Code={Code}; Status={Status}","TraceId":"9edd9189dc23fea9d5d69348cabb2fe0","SpanId":"ce6a45e1453af356","Properties":{"Code":"request_completed","Status":404,"SourceContext":"ArturRios.Cerberus.WebApi.Middleware.SafeFailureMiddleware","RequestId":"0HNP5O27J1ML5","RequestPath":"/api/records/4793a127-f0b4-4e7b-9393-6df40ac73c2b/permanent","CorrelationId":"b5f9fa18b7bb4849b7c90609c97f1800"}}
[xUnit.net 00:00:23.16]     ArturRios.Cerberus.WebApi.Tests.RecordPermanentDeleteHttpTests.GivenActualPutWins_WhenPermanentlyDeletingOldRevision_Then409AndCurrentRevisionCanBeErased [FAIL]
[xUnit.net 00:00:23.16]       Assert.Equal() Failure: Values differ
[xUnit.net 00:00:23.16]       Expected: Conflict
[xUnit.net 00:00:23.16]       Actual:   NotFound
[xUnit.net 00:00:23.16]       Stack Trace:
[xUnit.net 00:00:23.16]         /tmp/cerberus-uc22-worktree/tests/Presentation/ArturRios.Cerberus.WebApi.Tests/RecordPermanentDeleteHttpTests.cs(191,0): at ArturRios.Cerberus.WebApi.Tests.RecordPermanentDeleteHttpTests.Failure(HttpResponseMessage r, Int32 status, String error)
[xUnit.net 00:00:23.16]         /tmp/cerberus-uc22-worktree/tests/Presentation/ArturRios.Cerberus.WebApi.Tests/RecordPermanentDeleteHttpTests.cs(86,0): at ArturRios.Cerberus.WebApi.Tests.RecordPermanentDeleteHttpTests.GivenActualPutWins_WhenPermanentlyDeletingOldRevision_Then409AndCurrentRevisionCanBeErased()
[xUnit.net 00:00:23.16]         --- End of stack trace from previous location ---
{"Timestamp":"2026-10-09T04:48:42.0482165+00:00","Level":"Information","MessageTemplate":"Request completed. Code={Code}; Status={Status}","TraceId":"f99ba332e37355481b7d2f49bb68ee3c","SpanId":"665834d7f926a83d","Properties":{"Code":"request_completed","Status":201,"SourceContext":"ArturRios.Cerberus.WebApi.Middleware.SafeFailureMiddleware","RequestId":"0HNP5O27J1ML6","RequestPath":"/api/records","CorrelationId":"ae65322788004360985153eb96a5401b"}}
{"Timestamp":"2026-10-09T04:48:42.0803006+00:00","Level":"Information","MessageTemplate":"Request completed. Code={Code}; Status={Status}","TraceId":"c812cc6da6993b1a9198196d1a957924","SpanId":"ee674408e8d2e84e","Properties":{"Code":"request_completed","Status":404,"SourceContext":"ArturRios.Cerberus.WebApi.Middleware.SafeFailureMiddleware","RequestId":"0HNP5O27J1ML7","RequestPath":"/api/records/7c970519-227a-4cd7-9ada-11a23bb7e56e/permanent","CorrelationId":"d822f6dcaa0045f09f83c3961a239a06"}}
[xUnit.net 00:00:23.25]     ArturRios.Cerberus.WebApi.Tests.RecordPermanentDeleteHttpTests.GivenInvalidCurrentActorState_WhenPermanentlyDeleting_ThenNoMutation(kind: "generation", status: 403) [FAIL]
[xUnit.net 00:00:23.25]       Assert.Equal() Failure: Values differ
[xUnit.net 00:00:23.25]       Expected: Forbidden
[xUnit.net 00:00:23.25]       Actual:   NotFound
[xUnit.net 00:00:23.25]       Stack Trace:
[xUnit.net 00:00:23.25]         /tmp/cerberus-uc22-worktree/tests/Presentation/ArturRios.Cerberus.WebApi.Tests/RecordPermanentDeleteHttpTests.cs(191,0): at ArturRios.Cerberus.WebApi.Tests.RecordPermanentDeleteHttpTests.Failure(HttpResponseMessage r, Int32 status, String error)
[xUnit.net 00:00:23.25]         /tmp/cerberus-uc22-worktree/tests/Presentation/ArturRios.Cerberus.WebApi.Tests/RecordPermanentDeleteHttpTests.cs(143,0): at ArturRios.Cerberus.WebApi.Tests.RecordPermanentDeleteHttpTests.GivenInvalidCurrentActorState_WhenPermanentlyDeleting_ThenNoMutation(String kind, Int32 status)
[xUnit.net 00:00:23.25]         --- End of stack trace from previous location ---
{"Timestamp":"2026-10-09T04:48:42.1268332+00:00","Level":"Information","MessageTemplate":"Request completed. Code={Code}; Status={Status}","TraceId":"5945ec5d4356344803c26430fd1630b4","SpanId":"3bbe8d17a506cc61","Properties":{"Code":"request_completed","Status":201,"SourceContext":"ArturRios.Cerberus.WebApi.Middleware.SafeFailureMiddleware","RequestId":"0HNP5O27J1ML8","RequestPath":"/api/records","CorrelationId":"a9f7f1be06e74e4881ca62d993e40c0b"}}
{"Timestamp":"2026-10-09T04:48:42.1452323+00:00","Level":"Information","MessageTemplate":"Request completed. Code={Code}; Status={Status}","TraceId":"a4d8fd9a51d244b823aab59c53a0b8cb","SpanId":"692d7e1f3317e8a4","Properties":{"Code":"request_completed","Status":404,"SourceContext":"ArturRios.Cerberus.WebApi.Middleware.SafeFailureMiddleware","RequestId":"0HNP5O27J1ML9","RequestPath":"/api/records/469a4144-b4b4-4f69-925f-a46551bdf33b/permanent","CorrelationId":"e6eb966d95704f26a6f0fb76485dfc3d"}}
[xUnit.net 00:00:23.31]     ArturRios.Cerberus.WebApi.Tests.RecordPermanentDeleteHttpTests.GivenInvalidCurrentActorState_WhenPermanentlyDeleting_ThenNoMutation(kind: "closing", status: 404) [FAIL]
[xUnit.net 00:00:23.31]       System.Text.Json.JsonReaderException : The input does not contain any JSON tokens. Expected the input to start with a valid JSON token, when isFinalBlock is true. LineNumber: 0 | BytePositionInLine: 0.
[xUnit.net 00:00:23.31]       Stack Trace:
[xUnit.net 00:00:23.31]            at System.Text.Json.ThrowHelper.ThrowJsonReaderException(Utf8JsonReader& json, ExceptionResource resource, Byte nextByte, ReadOnlySpan`1 bytes)
[xUnit.net 00:00:23.31]            at System.Text.Json.Utf8JsonReader.Read()
[xUnit.net 00:00:23.31]            at System.Text.Json.JsonDocument.Parse(ReadOnlySpan`1 utf8JsonSpan, JsonReaderOptions readerOptions, MetadataDb& database, StackRowStack& stack)
[xUnit.net 00:00:23.31]            at System.Text.Json.JsonDocument.Parse(ReadOnlyMemory`1 utf8Json, JsonReaderOptions readerOptions, Byte[] extraRentedArrayPoolBytes, PooledByteBufferWriter extraPooledByteBufferWriter, Boolean allowDuplicateProperties)
[xUnit.net 00:00:23.31]            at System.Text.Json.JsonDocument.Parse(ReadOnlyMemory`1 json, JsonDocumentOptions options)
[xUnit.net 00:00:23.31]         /tmp/cerberus-uc22-worktree/tests/Presentation/ArturRios.Cerberus.WebApi.Tests/RecordPermanentDeleteHttpTests.cs(191,0): at ArturRios.Cerberus.WebApi.Tests.RecordPermanentDeleteHttpTests.Failure(HttpResponseMessage r, Int32 status, String error)
[xUnit.net 00:00:23.31]         /tmp/cerberus-uc22-worktree/tests/Presentation/ArturRios.Cerberus.WebApi.Tests/RecordPermanentDeleteHttpTests.cs(143,0): at ArturRios.Cerberus.WebApi.Tests.RecordPermanentDeleteHttpTests.GivenInvalidCurrentActorState_WhenPermanentlyDeleting_ThenNoMutation(String kind, Int32 status)
[xUnit.net 00:00:23.31]         --- End of stack trace from previous location ---
{"Timestamp":"2026-10-09T04:48:42.1928309+00:00","Level":"Information","MessageTemplate":"Request completed. Code={Code}; Status={Status}","TraceId":"eb9d4d6ebb7e2456cea71340b6a06b13","SpanId":"2871ebc17b1d816b","Properties":{"Code":"request_completed","Status":201,"SourceContext":"ArturRios.Cerberus.WebApi.Middleware.SafeFailureMiddleware","RequestId":"0HNP5O27J1MLA","RequestPath":"/api/records","CorrelationId":"4726eb0443004a84bc3316be3163ebf9"}}
{"Timestamp":"2026-10-09T04:48:42.2076427+00:00","Level":"Information","MessageTemplate":"Request completed. Code={Code}; Status={Status}","TraceId":"e9e8d412f9771d60f011bfcb9cc94e85","SpanId":"d74a1f06618b1399","Properties":{"Code":"request_completed","Status":404,"SourceContext":"ArturRios.Cerberus.WebApi.Middleware.SafeFailureMiddleware","RequestId":"0HNP5O27J1MLB","RequestPath":"/api/records/1a65f454-34ac-477b-8e2c-88486e931ef8/permanent","CorrelationId":"663a721d934e4059a40aa9243a54ec29"}}
[xUnit.net 00:00:23.37]     ArturRios.Cerberus.WebApi.Tests.RecordPermanentDeleteHttpTests.GivenInvalidCurrentActorState_WhenPermanentlyDeleting_ThenNoMutation(kind: "policy", status: 403) [FAIL]
[xUnit.net 00:00:23.37]       Assert.Equal() Failure: Values differ
[xUnit.net 00:00:23.37]       Expected: Forbidden
[xUnit.net 00:00:23.37]       Actual:   NotFound
[xUnit.net 00:00:23.37]       Stack Trace:
[xUnit.net 00:00:23.37]         /tmp/cerberus-uc22-worktree/tests/Presentation/ArturRios.Cerberus.WebApi.Tests/RecordPermanentDeleteHttpTests.cs(191,0): at ArturRios.Cerberus.WebApi.Tests.RecordPermanentDeleteHttpTests.Failure(HttpResponseMessage r, Int32 status, String error)
[xUnit.net 00:00:23.37]         /tmp/cerberus-uc22-worktree/tests/Presentation/ArturRios.Cerberus.WebApi.Tests/RecordPermanentDeleteHttpTests.cs(143,0): at ArturRios.Cerberus.WebApi.Tests.RecordPermanentDeleteHttpTests.GivenInvalidCurrentActorState_WhenPermanentlyDeleting_ThenNoMutation(String kind, Int32 status)
[xUnit.net 00:00:23.37]         --- End of stack trace from previous location ---
{"Timestamp":"2026-10-09T04:48:42.2598999+00:00","Level":"Information","MessageTemplate":"Request completed. Code={Code}; Status={Status}","TraceId":"39512adceddd84182860f9940e0b40da","SpanId":"5e48174db6f86206","Properties":{"Code":"request_completed","Status":201,"SourceContext":"ArturRios.Cerberus.WebApi.Middleware.SafeFailureMiddleware","RequestId":"0HNP5O27J1MLC","RequestPath":"/api/records","CorrelationId":"b75113d74ace45e3a250c86eb23fd5c0"}}
{"Timestamp":"2026-10-09T04:48:42.2903895+00:00","Level":"Information","MessageTemplate":"Request completed. Code={Code}; Status={Status}","TraceId":"664f6dbd6d8f059919fe407660d2d458","SpanId":"f9fb0d4a33c2b551","Properties":{"Code":"request_completed","Status":404,"SourceContext":"ArturRios.Cerberus.WebApi.Middleware.SafeFailureMiddleware","RequestId":"0HNP5O27J1MLD","RequestPath":"/api/records/c5cf11ac-109e-424f-aae0-52ffd9840820/permanent","CorrelationId":"8d471f14c60745bcafa27700351fef5e"}}
[xUnit.net 00:00:23.46]     ArturRios.Cerberus.WebApi.Tests.RecordPermanentDeleteHttpTests.GivenInvalidCurrentActorState_WhenPermanentlyDeleting_ThenNoMutation(kind: "dangling", status: 403) [FAIL]
[xUnit.net 00:00:23.46]       Assert.Equal() Failure: Values differ
[xUnit.net 00:00:23.46]       Expected: Forbidden
[xUnit.net 00:00:23.46]       Actual:   NotFound
[xUnit.net 00:00:23.46]       Stack Trace:
[xUnit.net 00:00:23.46]         /tmp/cerberus-uc22-worktree/tests/Presentation/ArturRios.Cerberus.WebApi.Tests/RecordPermanentDeleteHttpTests.cs(191,0): at ArturRios.Cerberus.WebApi.Tests.RecordPermanentDeleteHttpTests.Failure(HttpResponseMessage r, Int32 status, String error)
[xUnit.net 00:00:23.46]         /tmp/cerberus-uc22-worktree/tests/Presentation/ArturRios.Cerberus.WebApi.Tests/RecordPermanentDeleteHttpTests.cs(143,0): at ArturRios.Cerberus.WebApi.Tests.RecordPermanentDeleteHttpTests.GivenInvalidCurrentActorState_WhenPermanentlyDeleting_ThenNoMutation(String kind, Int32 status)
[xUnit.net 00:00:23.46]         --- End of stack trace from previous location ---
{"Timestamp":"2026-10-09T04:48:42.3608003+00:00","Level":"Information","MessageTemplate":"Request completed. Code={Code}; Status={Status}","TraceId":"9ff7726864d1e015631cdf63cd7973eb","SpanId":"ab6bf8668037fe92","Properties":{"Code":"request_completed","Status":201,"SourceContext":"ArturRios.Cerberus.WebApi.Middleware.SafeFailureMiddleware","RequestId":"0HNP5O27J1MLE","RequestPath":"/api/records","CorrelationId":"b4cccf9e11d8481fb6729df8460b8741"}}
{"Timestamp":"2026-10-09T04:48:42.3838045+00:00","Level":"Information","MessageTemplate":"Request completed. Code={Code}; Status={Status}","TraceId":"e2dff9cd1ed3fcbdf0644de6514766af","SpanId":"9f5456bc06f9573b","Properties":{"Code":"request_completed","Status":404,"SourceContext":"ArturRios.Cerberus.WebApi.Middleware.SafeFailureMiddleware","RequestId":"0HNP5O27J1MLF","RequestPath":"/api/records/22bff2d4-cd50-4642-8778-f83f0db937db/permanent","CorrelationId":"26a427888c504a9b8ded70830a050aad"}}
[xUnit.net 00:00:23.55]     ArturRios.Cerberus.WebApi.Tests.RecordPermanentDeleteHttpTests.GivenInvalidCurrentActorState_WhenPermanentlyDeleting_ThenNoMutation(kind: "future", status: 403) [FAIL]
[xUnit.net 00:00:23.55]       Assert.Equal() Failure: Values differ
[xUnit.net 00:00:23.55]       Expected: Forbidden
[xUnit.net 00:00:23.55]       Actual:   NotFound
[xUnit.net 00:00:23.55]       Stack Trace:
[xUnit.net 00:00:23.55]         /tmp/cerberus-uc22-worktree/tests/Presentation/ArturRios.Cerberus.WebApi.Tests/RecordPermanentDeleteHttpTests.cs(191,0): at ArturRios.Cerberus.WebApi.Tests.RecordPermanentDeleteHttpTests.Failure(HttpResponseMessage r, Int32 status, String error)
[xUnit.net 00:00:23.56]         /tmp/cerberus-uc22-worktree/tests/Presentation/ArturRios.Cerberus.WebApi.Tests/RecordPermanentDeleteHttpTests.cs(143,0): at ArturRios.Cerberus.WebApi.Tests.RecordPermanentDeleteHttpTests.GivenInvalidCurrentActorState_WhenPermanentlyDeleting_ThenNoMutation(String kind, Int32 status)
[xUnit.net 00:00:23.56]         --- End of stack trace from previous location ---
  Failed ArturRios.Cerberus.WebApi.Tests.RecordPermanentDeleteHttpTests.GivenCorruptMetadataOrPersistenceOutage_WhenPermanentlyDeleting_Then503WithoutPartialOperation(kind: "sequence") [57 ms]
  Error Message:
   Assert.Equal() Failure: Values differ
Expected: ServiceUnavailable
Actual:   NotFound
  Stack Trace:
     at ArturRios.Cerberus.WebApi.Tests.RecordPermanentDeleteHttpTests.Failure(HttpResponseMessage r, Int32 status, String error) in /tmp/cerberus-uc22-worktree/tests/Presentation/ArturRios.Cerberus.WebApi.Tests/RecordPermanentDeleteHttpTests.cs:line 191
   at ArturRios.Cerberus.WebApi.Tests.RecordPermanentDeleteHttpTests.GivenCorruptMetadataOrPersistenceOutage_WhenPermanentlyDeleting_Then503WithoutPartialOperation(String kind) in /tmp/cerberus-uc22-worktree/tests/Presentation/ArturRios.Cerberus.WebApi.Tests/RecordPermanentDeleteHttpTests.cs:line 114
   at ArturRios.Cerberus.WebApi.Tests.RecordPermanentDeleteHttpTests.GivenCorruptMetadataOrPersistenceOutage_WhenPermanentlyDeleting_Then503WithoutPartialOperation(String kind) in /tmp/cerberus-uc22-worktree/tests/Presentation/ArturRios.Cerberus.WebApi.Tests/RecordPermanentDeleteHttpTests.cs:line 114
   at ArturRios.Cerberus.WebApi.Tests.RecordPermanentDeleteHttpTests.GivenCorruptMetadataOrPersistenceOutage_WhenPermanentlyDeleting_Then503WithoutPartialOperation(String kind) in /tmp/cerberus-uc22-worktree/tests/Presentation/ArturRios.Cerberus.WebApi.Tests/RecordPermanentDeleteHttpTests.cs:line 114
--- End of stack trace from previous location ---
  Failed ArturRios.Cerberus.WebApi.Tests.RecordPermanentDeleteHttpTests.GivenCorruptMetadataOrPersistenceOutage_WhenPermanentlyDeleting_Then503WithoutPartialOperation(kind: "revision") [102 ms]
  Error Message:
   Assert.Equal() Failure: Values differ
Expected: ServiceUnavailable
Actual:   NotFound
  Stack Trace:
     at ArturRios.Cerberus.WebApi.Tests.RecordPermanentDeleteHttpTests.Failure(HttpResponseMessage r, Int32 status, String error) in /tmp/cerberus-uc22-worktree/tests/Presentation/ArturRios.Cerberus.WebApi.Tests/RecordPermanentDeleteHttpTests.cs:line 191
   at ArturRios.Cerberus.WebApi.Tests.RecordPermanentDeleteHttpTests.GivenCorruptMetadataOrPersistenceOutage_WhenPermanentlyDeleting_Then503WithoutPartialOperation(String kind) in /tmp/cerberus-uc22-worktree/tests/Presentation/ArturRios.Cerberus.WebApi.Tests/RecordPermanentDeleteHttpTests.cs:line 114
   at ArturRios.Cerberus.WebApi.Tests.RecordPermanentDeleteHttpTests.GivenCorruptMetadataOrPersistenceOutage_WhenPermanentlyDeleting_Then503WithoutPartialOperation(String kind) in /tmp/cerberus-uc22-worktree/tests/Presentation/ArturRios.Cerberus.WebApi.Tests/RecordPermanentDeleteHttpTests.cs:line 114
   at ArturRios.Cerberus.WebApi.Tests.RecordPermanentDeleteHttpTests.GivenCorruptMetadataOrPersistenceOutage_WhenPermanentlyDeleting_Then503WithoutPartialOperation(String kind) in /tmp/cerberus-uc22-worktree/tests/Presentation/ArturRios.Cerberus.WebApi.Tests/RecordPermanentDeleteHttpTests.cs:line 114
--- End of stack trace from previous location ---
  Failed ArturRios.Cerberus.WebApi.Tests.RecordPermanentDeleteHttpTests.GivenCorruptMetadataOrPersistenceOutage_WhenPermanentlyDeleting_Then503WithoutPartialOperation(kind: "outage") [88 ms]
  Error Message:
   Assert.Equal() Failure: Values differ
Expected: ServiceUnavailable
Actual:   NotFound
  Stack Trace:
     at ArturRios.Cerberus.WebApi.Tests.RecordPermanentDeleteHttpTests.Failure(HttpResponseMessage r, Int32 status, String error) in /tmp/cerberus-uc22-worktree/tests/Presentation/ArturRios.Cerberus.WebApi.Tests/RecordPermanentDeleteHttpTests.cs:line 191
   at ArturRios.Cerberus.WebApi.Tests.RecordPermanentDeleteHttpTests.GivenCorruptMetadataOrPersistenceOutage_WhenPermanentlyDeleting_Then503WithoutPartialOperation(String kind) in /tmp/cerberus-uc22-worktree/tests/Presentation/ArturRios.Cerberus.WebApi.Tests/RecordPermanentDeleteHttpTests.cs:line 114
   at ArturRios.Cerberus.WebApi.Tests.RecordPermanentDeleteHttpTests.GivenCorruptMetadataOrPersistenceOutage_WhenPermanentlyDeleting_Then503WithoutPartialOperation(String kind) in /tmp/cerberus-uc22-worktree/tests/Presentation/ArturRios.Cerberus.WebApi.Tests/RecordPermanentDeleteHttpTests.cs:line 114
   at ArturRios.Cerberus.WebApi.Tests.RecordPermanentDeleteHttpTests.GivenCorruptMetadataOrPersistenceOutage_WhenPermanentlyDeleting_Then503WithoutPartialOperation(String kind) in /tmp/cerberus-uc22-worktree/tests/Presentation/ArturRios.Cerberus.WebApi.Tests/RecordPermanentDeleteHttpTests.cs:line 114
--- End of stack trace from previous location ---
  Failed ArturRios.Cerberus.WebApi.Tests.RecordPermanentDeleteHttpTests.GivenActualPutWins_WhenPermanentlyDeletingOldRevision_Then409AndCurrentRevisionCanBeErased [330 ms]
  Error Message:
   Assert.Equal() Failure: Values differ
Expected: Conflict
Actual:   NotFound
  Stack Trace:
     at ArturRios.Cerberus.WebApi.Tests.RecordPermanentDeleteHttpTests.Failure(HttpResponseMessage r, Int32 status, String error) in /tmp/cerberus-uc22-worktree/tests/Presentation/ArturRios.Cerberus.WebApi.Tests/RecordPermanentDeleteHttpTests.cs:line 191
   at ArturRios.Cerberus.WebApi.Tests.RecordPermanentDeleteHttpTests.GivenActualPutWins_WhenPermanentlyDeletingOldRevision_Then409AndCurrentRevisionCanBeErased() in /tmp/cerberus-uc22-worktree/tests/Presentation/ArturRios.Cerberus.WebApi.Tests/RecordPermanentDeleteHttpTests.cs:line 86
--- End of stack trace from previous location ---
  Failed ArturRios.Cerberus.WebApi.Tests.RecordPermanentDeleteHttpTests.GivenInvalidCurrentActorState_WhenPermanentlyDeleting_ThenNoMutation(kind: "generation", status: 403) [84 ms]
  Error Message:
   Assert.Equal() Failure: Values differ
Expected: Forbidden
Actual:   NotFound
  Stack Trace:
     at ArturRios.Cerberus.WebApi.Tests.RecordPermanentDeleteHttpTests.Failure(HttpResponseMessage r, Int32 status, String error) in /tmp/cerberus-uc22-worktree/tests/Presentation/ArturRios.Cerberus.WebApi.Tests/RecordPermanentDeleteHttpTests.cs:line 191
   at ArturRios.Cerberus.WebApi.Tests.RecordPermanentDeleteHttpTests.GivenInvalidCurrentActorState_WhenPermanentlyDeleting_ThenNoMutation(String kind, Int32 status) in /tmp/cerberus-uc22-worktree/tests/Presentation/ArturRios.Cerberus.WebApi.Tests/RecordPermanentDeleteHttpTests.cs:line 143
--- End of stack trace from previous location ---
  Failed ArturRios.Cerberus.WebApi.Tests.RecordPermanentDeleteHttpTests.GivenInvalidCurrentActorState_WhenPermanentlyDeleting_ThenNoMutation(kind: "closing", status: 404) [64 ms]
  Error Message:
   System.Text.Json.JsonReaderException : The input does not contain any JSON tokens. Expected the input to start with a valid JSON token, when isFinalBlock is true. LineNumber: 0 | BytePositionInLine: 0.
  Stack Trace:
     at System.Text.Json.ThrowHelper.ThrowJsonReaderException(Utf8JsonReader& json, ExceptionResource resource, Byte nextByte, ReadOnlySpan`1 bytes)
   at System.Text.Json.Utf8JsonReader.Read()
   at System.Text.Json.JsonDocument.Parse(ReadOnlySpan`1 utf8JsonSpan, JsonReaderOptions readerOptions, MetadataDb& database, StackRowStack& stack)
   at System.Text.Json.JsonDocument.Parse(ReadOnlyMemory`1 utf8Json, JsonReaderOptions readerOptions, Byte[] extraRentedArrayPoolBytes, PooledByteBufferWriter extraPooledByteBufferWriter, Boolean allowDuplicateProperties)
   at System.Text.Json.JsonDocument.Parse(ReadOnlyMemory`1 json, JsonDocumentOptions options)
   at ArturRios.Cerberus.WebApi.Tests.RecordPermanentDeleteHttpTests.Failure(HttpResponseMessage r, Int32 status, String error) in /tmp/cerberus-uc22-worktree/tests/Presentation/ArturRios.Cerberus.WebApi.Tests/RecordPermanentDeleteHttpTests.cs:line 191
   at ArturRios.Cerberus.WebApi.Tests.RecordPermanentDeleteHttpTests.GivenInvalidCurrentActorState_WhenPermanentlyDeleting_ThenNoMutation(String kind, Int32 status) in /tmp/cerberus-uc22-worktree/tests/Presentation/ArturRios.Cerberus.WebApi.Tests/RecordPermanentDeleteHttpTests.cs:line 143
--- End of stack trace from previous location ---
  Failed ArturRios.Cerberus.WebApi.Tests.RecordPermanentDeleteHttpTests.GivenInvalidCurrentActorState_WhenPermanentlyDeleting_ThenNoMutation(kind: "policy", status: 403) [61 ms]
  Error Message:
   Assert.Equal() Failure: Values differ
Expected: Forbidden
Actual:   NotFound
  Stack Trace:
     at ArturRios.Cerberus.WebApi.Tests.RecordPermanentDeleteHttpTests.Failure(HttpResponseMessage r, Int32 status, String error) in /tmp/cerberus-uc22-worktree/tests/Presentation/ArturRios.Cerberus.WebApi.Tests/RecordPermanentDeleteHttpTests.cs:line 191
   at ArturRios.Cerberus.WebApi.Tests.RecordPermanentDeleteHttpTests.GivenInvalidCurrentActorState_WhenPermanentlyDeleting_ThenNoMutation(String kind, Int32 status) in /tmp/cerberus-uc22-worktree/tests/Presentation/ArturRios.Cerberus.WebApi.Tests/RecordPermanentDeleteHttpTests.cs:line 143
--- End of stack trace from previous location ---
  Failed ArturRios.Cerberus.WebApi.Tests.RecordPermanentDeleteHttpTests.GivenInvalidCurrentActorState_WhenPermanentlyDeleting_ThenNoMutation(kind: "dangling", status: 403) [84 ms]
  Error Message:
   Assert.Equal() Failure: Values differ
Expected: Forbidden
Actual:   NotFound
  Stack Trace:
     at ArturRios.Cerberus.WebApi.Tests.RecordPermanentDeleteHttpTests.Failure(HttpResponseMessage r, Int32 status, String error) in /tmp/cerberus-uc22-worktree/tests/Presentation/ArturRios.Cerberus.WebApi.Tests/RecordPermanentDeleteHttpTests.cs:line 191
   at ArturRios.Cerberus.WebApi.Tests.RecordPermanentDeleteHttpTests.GivenInvalidCurrentActorState_WhenPermanentlyDeleting_ThenNoMutation(String kind, Int32 status) in /tmp/cerberus-uc22-worktree/tests/Presentation/ArturRios.Cerberus.WebApi.Tests/RecordPermanentDeleteHttpTests.cs:line 143
--- End of stack trace from previous location ---
  Failed ArturRios.Cerberus.WebApi.Tests.RecordPermanentDeleteHttpTests.GivenInvalidCurrentActorState_WhenPermanentlyDeleting_ThenNoMutation(kind: "future", status: 403) [91 ms]
  Error Message:
   Assert.Equal() Failure: Values differ
Expected: Forbidden
Actual:   NotFound
  Stack Trace:
     at ArturRios.Cerberus.WebApi.Tests.RecordPermanentDeleteHttpTests.Failure(HttpResponseMessage r, Int32 status, String error) in /tmp/cerberus-uc22-worktree/tests/Presentation/ArturRios.Cerberus.WebApi.Tests/RecordPermanentDeleteHttpTests.cs:line 191
   at ArturRios.Cerberus.WebApi.Tests.RecordPermanentDeleteHttpTests.GivenInvalidCurrentActorState_WhenPermanentlyDeleting_ThenNoMutation(String kind, Int32 status) in /tmp/cerberus-uc22-worktree/tests/Presentation/ArturRios.Cerberus.WebApi.Tests/RecordPermanentDeleteHttpTests.cs:line 143
--- End of stack trace from previous location ---
{"Timestamp":"2026-10-09T04:48:42.4466725+00:00","Level":"Information","MessageTemplate":"Request completed. Code={Code}; Status={Status}","TraceId":"3ce9876c100ba55a9945621137cd8ac2","SpanId":"16a55fc5a9cd6c3f","Properties":{"Code":"request_completed","Status":201,"SourceContext":"ArturRios.Cerberus.WebApi.Middleware.SafeFailureMiddleware","RequestId":"0HNP5O27J1MLG","RequestPath":"/api/records","CorrelationId":"c3fc1351712246fe859c91560fb8a632"}}
{"Timestamp":"2026-10-09T04:48:42.4604499+00:00","Level":"Information","MessageTemplate":"Request completed. Code={Code}; Status={Status}","TraceId":"b1b919b064052afffc6f5eb126f75fb8","SpanId":"6678e54a9f2a30fb","Properties":{"Code":"request_completed","Status":404,"SourceContext":"ArturRios.Cerberus.WebApi.Middleware.SafeFailureMiddleware","RequestId":"0HNP5O27J1MLH","RequestPath":"/api/records/f98cf01f-806b-4f3d-aaa2-0e291e21c7d3/permanent","CorrelationId":"24e687660c49468e8c736e05d0adaedd"}}
[xUnit.net 00:00:23.63]     ArturRios.Cerberus.WebApi.Tests.RecordPermanentDeleteHttpTests.GivenInvalidCurrentActorState_WhenPermanentlyDeleting_ThenNoMutation(kind: "terminal", status: 404) [FAIL]
[xUnit.net 00:00:23.63]       System.Text.Json.JsonReaderException : The input does not contain any JSON tokens. Expected the input to start with a valid JSON token, when isFinalBlock is true. LineNumber: 0 | BytePositionInLine: 0.
[xUnit.net 00:00:23.63]       Stack Trace:
[xUnit.net 00:00:23.63]            at System.Text.Json.ThrowHelper.ThrowJsonReaderException(Utf8JsonReader& json, ExceptionResource resource, Byte nextByte, ReadOnlySpan`1 bytes)
[xUnit.net 00:00:23.63]            at System.Text.Json.Utf8JsonReader.Read()
[xUnit.net 00:00:23.63]            at System.Text.Json.JsonDocument.Parse(ReadOnlySpan`1 utf8JsonSpan, JsonReaderOptions readerOptions, MetadataDb& database, StackRowStack& stack)
[xUnit.net 00:00:23.63]            at System.Text.Json.JsonDocument.Parse(ReadOnlyMemory`1 utf8Json, JsonReaderOptions readerOptions, Byte[] extraRentedArrayPoolBytes, PooledByteBufferWriter extraPooledByteBufferWriter, Boolean allowDuplicateProperties)
[xUnit.net 00:00:23.63]            at System.Text.Json.JsonDocument.Parse(ReadOnlyMemory`1 json, JsonDocumentOptions options)
[xUnit.net 00:00:23.63]         /tmp/cerberus-uc22-worktree/tests/Presentation/ArturRios.Cerberus.WebApi.Tests/RecordPermanentDeleteHttpTests.cs(191,0): at ArturRios.Cerberus.WebApi.Tests.RecordPermanentDeleteHttpTests.Failure(HttpResponseMessage r, Int32 status, String error)
[xUnit.net 00:00:23.63]         /tmp/cerberus-uc22-worktree/tests/Presentation/ArturRios.Cerberus.WebApi.Tests/RecordPermanentDeleteHttpTests.cs(143,0): at ArturRios.Cerberus.WebApi.Tests.RecordPermanentDeleteHttpTests.GivenInvalidCurrentActorState_WhenPermanentlyDeleting_ThenNoMutation(String kind, Int32 status)
[xUnit.net 00:00:23.63]         --- End of stack trace from previous location ---
{"Timestamp":"2026-10-09T04:48:42.4957641+00:00","Level":"Information","MessageTemplate":"Request completed. Code={Code}; Status={Status}","TraceId":"b7af1b774a61717d1494344c6b7fbc95","SpanId":"53d22560aee90044","Properties":{"Code":"request_completed","Status":201,"SourceContext":"ArturRios.Cerberus.WebApi.Middleware.SafeFailureMiddleware","RequestId":"0HNP5O27J1MLI","RequestPath":"/api/records","CorrelationId":"5fa5e4dc75a74c68bb6204f7dcd3c102"}}
{"Timestamp":"2026-10-09T04:48:42.5095453+00:00","Level":"Information","MessageTemplate":"Request completed. Code={Code}; Status={Status}","TraceId":"f1c6778dd4655d7de7112564089ee152","SpanId":"49c0dbfce8b2b886","Properties":{"Code":"request_completed","Status":404,"SourceContext":"ArturRios.Cerberus.WebApi.Middleware.SafeFailureMiddleware","RequestId":"0HNP5O27J1MLJ","RequestPath":"/api/records/341aabc1-ce68-4c98-be71-acfdcbab49d9/permanent","CorrelationId":"87917ae0ba0049569c67f3cf9bb40ac7"}}
[xUnit.net 00:00:23.67]     ArturRios.Cerberus.WebApi.Tests.RecordPermanentDeleteHttpTests.GivenInvalidCurrentActorState_WhenPermanentlyDeleting_ThenNoMutation(kind: "revoked", status: 403) [FAIL]
[xUnit.net 00:00:23.67]       Assert.Equal() Failure: Values differ
[xUnit.net 00:00:23.67]       Expected: Forbidden
[xUnit.net 00:00:23.68]       Actual:   NotFound
[xUnit.net 00:00:23.68]       Stack Trace:
[xUnit.net 00:00:23.68]         /tmp/cerberus-uc22-worktree/tests/Presentation/ArturRios.Cerberus.WebApi.Tests/RecordPermanentDeleteHttpTests.cs(191,0): at ArturRios.Cerberus.WebApi.Tests.RecordPermanentDeleteHttpTests.Failure(HttpResponseMessage r, Int32 status, String error)
[xUnit.net 00:00:23.68]         /tmp/cerberus-uc22-worktree/tests/Presentation/ArturRios.Cerberus.WebApi.Tests/RecordPermanentDeleteHttpTests.cs(143,0): at ArturRios.Cerberus.WebApi.Tests.RecordPermanentDeleteHttpTests.GivenInvalidCurrentActorState_WhenPermanentlyDeleting_ThenNoMutation(String kind, Int32 status)
[xUnit.net 00:00:23.68]         --- End of stack trace from previous location ---
{"Timestamp":"2026-10-09T04:48:42.5677443+00:00","Level":"Information","MessageTemplate":"Request completed. Code={Code}; Status={Status}","TraceId":"83f0d5d1c8b9b3be841463b4e552a7a3","SpanId":"a3d4c013beb3abbb","Properties":{"Code":"request_completed","Status":201,"SourceContext":"ArturRios.Cerberus.WebApi.Middleware.SafeFailureMiddleware","RequestId":"0HNP5O27J1MLK","RequestPath":"/api/records","CorrelationId":"832380d24fa3466082c0b24d47b3454f"}}
{"Timestamp":"2026-10-09T04:48:42.5817576+00:00","Level":"Information","MessageTemplate":"Request completed. Code={Code}; Status={Status}","TraceId":"71c06cb846ed3d56a704bf8a0a35bae9","SpanId":"ea526a4786834ebb","Properties":{"Code":"request_completed","Status":404,"SourceContext":"ArturRios.Cerberus.WebApi.Middleware.SafeFailureMiddleware","RequestId":"0HNP5O27J1MLL","RequestPath":"/api/records/41759ab3-2800-48e8-b475-470b3505cc44/permanent","CorrelationId":"7f1722c6b6b64410aae35a52e79f2c04"}}
[xUnit.net 00:00:23.75]     ArturRios.Cerberus.WebApi.Tests.RecordPermanentDeleteHttpTests.GivenInvalidCurrentActorState_WhenPermanentlyDeleting_ThenNoMutation(kind: "expired", status: 403) [FAIL]
[xUnit.net 00:00:23.75]       Assert.Equal() Failure: Values differ
[xUnit.net 00:00:23.75]       Expected: Forbidden
[xUnit.net 00:00:23.75]       Actual:   NotFound
[xUnit.net 00:00:23.75]       Stack Trace:
[xUnit.net 00:00:23.75]         /tmp/cerberus-uc22-worktree/tests/Presentation/ArturRios.Cerberus.WebApi.Tests/RecordPermanentDeleteHttpTests.cs(191,0): at ArturRios.Cerberus.WebApi.Tests.RecordPermanentDeleteHttpTests.Failure(HttpResponseMessage r, Int32 status, String error)
[xUnit.net 00:00:23.75]         /tmp/cerberus-uc22-worktree/tests/Presentation/ArturRios.Cerberus.WebApi.Tests/RecordPermanentDeleteHttpTests.cs(143,0): at ArturRios.Cerberus.WebApi.Tests.RecordPermanentDeleteHttpTests.GivenInvalidCurrentActorState_WhenPermanentlyDeleting_ThenNoMutation(String kind, Int32 status)
[xUnit.net 00:00:23.75]         --- End of stack trace from previous location ---
{"Timestamp":"2026-10-09T04:48:42.6296843+00:00","Level":"Information","MessageTemplate":"Request completed. Code={Code}; Status={Status}","TraceId":"e40630de7db1e4cc609ab67026d15a45","SpanId":"ec27e48344a1a7a5","Properties":{"Code":"request_completed","Status":201,"SourceContext":"ArturRios.Cerberus.WebApi.Middleware.SafeFailureMiddleware","RequestId":"0HNP5O27J1MLM","RequestPath":"/api/records","CorrelationId":"f080a79006fd47a4a9f9105d2aa6ee1c"}}
{"Timestamp":"2026-10-09T04:48:42.6523344+00:00","Level":"Information","MessageTemplate":"Request completed. Code={Code}; Status={Status}","TraceId":"14202c3cbad222170795f567bed4e1f8","SpanId":"8ceee8f6ea3d6b78","Properties":{"Code":"request_completed","Status":404,"SourceContext":"ArturRios.Cerberus.WebApi.Middleware.SafeFailureMiddleware","RequestId":"0HNP5O27J1MLN","RequestPath":"/api/records/896b75fe-9ff2-441e-ae15-a8875e32b656/permanent","CorrelationId":"e7dff76cbe0c4674b69cf68983087cf6"}}
[xUnit.net 00:00:23.82]     ArturRios.Cerberus.WebApi.Tests.RecordPermanentDeleteHttpTests.GivenInvalidCurrentIdentity_WhenPermanentlyDeleting_ThenRejectWithoutPersistence(kind: "unavailable", status: 503) [FAIL]
[xUnit.net 00:00:23.82]       Assert.Equal() Failure: Values differ
[xUnit.net 00:00:23.82]       Expected: ServiceUnavailable
[xUnit.net 00:00:23.82]       Actual:   NotFound
[xUnit.net 00:00:23.82]       Stack Trace:
[xUnit.net 00:00:23.82]         /tmp/cerberus-uc22-worktree/tests/Presentation/ArturRios.Cerberus.WebApi.Tests/RecordPermanentDeleteHttpTests.cs(191,0): at ArturRios.Cerberus.WebApi.Tests.RecordPermanentDeleteHttpTests.Failure(HttpResponseMessage r, Int32 status, String error)
[xUnit.net 00:00:23.82]         /tmp/cerberus-uc22-worktree/tests/Presentation/ArturRios.Cerberus.WebApi.Tests/RecordPermanentDeleteHttpTests.cs(140,0): at ArturRios.Cerberus.WebApi.Tests.RecordPermanentDeleteHttpTests.GivenInvalidCurrentIdentity_WhenPermanentlyDeleting_ThenRejectWithoutPersistence(String kind, Int32 status)
[xUnit.net 00:00:23.82]         --- End of stack trace from previous location ---
{"Timestamp":"2026-10-09T04:48:42.6875658+00:00","Level":"Information","MessageTemplate":"Request completed. Code={Code}; Status={Status}","TraceId":"f6bfc82194cc39df99ae2f8d77652bcd","SpanId":"fbd493d4f8031253","Properties":{"Code":"request_completed","Status":201,"SourceContext":"ArturRios.Cerberus.WebApi.Middleware.SafeFailureMiddleware","RequestId":"0HNP5O27J1MLO","RequestPath":"/api/records","CorrelationId":"8c27ed5c84384f429853fd027e741a61"}}
{"Timestamp":"2026-10-09T04:48:42.7021466+00:00","Level":"Information","MessageTemplate":"Request completed. Code={Code}; Status={Status}","TraceId":"88398e1d81606452e813d06bb2a08701","SpanId":"7211de1a96f44e4c","Properties":{"Code":"request_completed","Status":404,"SourceContext":"ArturRios.Cerberus.WebApi.Middleware.SafeFailureMiddleware","RequestId":"0HNP5O27J1MLP","RequestPath":"/api/records/517beae2-7807-43b4-9a42-0742e79798ce/permanent","CorrelationId":"272235aef36d48fbb83f5bf7b4de8a2a"}}
[xUnit.net 00:00:23.87]     ArturRios.Cerberus.WebApi.Tests.RecordPermanentDeleteHttpTests.GivenInvalidCurrentIdentity_WhenPermanentlyDeleting_ThenRejectWithoutPersistence(kind: "scope", status: 401) [FAIL]
[xUnit.net 00:00:23.87]       Assert.Equal() Failure: Values differ
[xUnit.net 00:00:23.87]       Expected: Unauthorized
[xUnit.net 00:00:23.87]       Actual:   NotFound
[xUnit.net 00:00:23.87]       Stack Trace:
[xUnit.net 00:00:23.87]         /tmp/cerberus-uc22-worktree/tests/Presentation/ArturRios.Cerberus.WebApi.Tests/RecordPermanentDeleteHttpTests.cs(191,0): at ArturRios.Cerberus.WebApi.Tests.RecordPermanentDeleteHttpTests.Failure(HttpResponseMessage r, Int32 status, String error)
[xUnit.net 00:00:23.87]         /tmp/cerberus-uc22-worktree/tests/Presentation/ArturRios.Cerberus.WebApi.Tests/RecordPermanentDeleteHttpTests.cs(140,0): at ArturRios.Cerberus.WebApi.Tests.RecordPermanentDeleteHttpTests.GivenInvalidCurrentIdentity_WhenPermanentlyDeleting_ThenRejectWithoutPersistence(String kind, Int32 status)
[xUnit.net 00:00:23.87]         --- End of stack trace from previous location ---
{"Timestamp":"2026-10-09T04:48:42.7531309+00:00","Level":"Information","MessageTemplate":"Request completed. Code={Code}; Status={Status}","TraceId":"eee878823e021cbf7642724a7c490075","SpanId":"642ce3aaaf7bda87","Properties":{"Code":"request_completed","Status":201,"SourceContext":"ArturRios.Cerberus.WebApi.Middleware.SafeFailureMiddleware","RequestId":"0HNP5O27J1MLQ","RequestPath":"/api/records","CorrelationId":"caa65f22d32649f49a3d9613e6b5fddc"}}
{"Timestamp":"2026-10-09T04:48:42.7665545+00:00","Level":"Information","MessageTemplate":"Request completed. Code={Code}; Status={Status}","TraceId":"18f5dec36fb13544bf5cf6b467a758c8","SpanId":"bf0d1920e5a0ddff","Properties":{"Code":"request_completed","Status":404,"SourceContext":"ArturRios.Cerberus.WebApi.Middleware.SafeFailureMiddleware","RequestId":"0HNP5O27J1MLR","RequestPath":"/api/records/41f0a7be-c943-455b-a69b-4b8a388d2b0e/permanent","CorrelationId":"2ade3ccef8314e34acd3e76602da021d"}}
[xUnit.net 00:00:23.93]     ArturRios.Cerberus.WebApi.Tests.RecordPermanentDeleteHttpTests.GivenInvalidCurrentIdentity_WhenPermanentlyDeleting_ThenRejectWithoutPersistence(kind: "deleted", status: 401) [FAIL]
[xUnit.net 00:00:23.93]       Assert.Equal() Failure: Values differ
[xUnit.net 00:00:23.93]       Expected: Unauthorized
[xUnit.net 00:00:23.93]       Actual:   NotFound
[xUnit.net 00:00:23.93]       Stack Trace:
[xUnit.net 00:00:23.93]         /tmp/cerberus-uc22-worktree/tests/Presentation/ArturRios.Cerberus.WebApi.Tests/RecordPermanentDeleteHttpTests.cs(191,0): at ArturRios.Cerberus.WebApi.Tests.RecordPermanentDeleteHttpTests.Failure(HttpResponseMessage r, Int32 status, String error)
[xUnit.net 00:00:23.93]         /tmp/cerberus-uc22-worktree/tests/Presentation/ArturRios.Cerberus.WebApi.Tests/RecordPermanentDeleteHttpTests.cs(140,0): at ArturRios.Cerberus.WebApi.Tests.RecordPermanentDeleteHttpTests.GivenInvalidCurrentIdentity_WhenPermanentlyDeleting_ThenRejectWithoutPersistence(String kind, Int32 status)
[xUnit.net 00:00:23.93]         --- End of stack trace from previous location ---
{"Timestamp":"2026-10-09T04:48:42.8150071+00:00","Level":"Information","MessageTemplate":"Request completed. Code={Code}; Status={Status}","TraceId":"9be20073ee38662e4c100a1255daa5f0","SpanId":"6a680943322a540e","Properties":{"Code":"request_completed","Status":201,"SourceContext":"ArturRios.Cerberus.WebApi.Middleware.SafeFailureMiddleware","RequestId":"0HNP5O27J1MLS","RequestPath":"/api/records","CorrelationId":"372238e0e815428ca145c17e730f19ac"}}
{"Timestamp":"2026-10-09T04:48:42.8289720+00:00","Level":"Information","MessageTemplate":"Request completed. Code={Code}; Status={Status}","TraceId":"36e71f5ef1f3c7dc580fdf13c615bb2a","SpanId":"fd6fc09a70bd1dd4","Properties":{"Code":"request_completed","Status":404,"SourceContext":"ArturRios.Cerberus.WebApi.Middleware.SafeFailureMiddleware","RequestId":"0HNP5O27J1MLT","RequestPath":"/api/records/09c900f6-4fa7-46a9-936d-4ead03afa559/permanent","CorrelationId":"40b63a2cd99d49dc86606d1b1478bc43"}}
[xUnit.net 00:00:23.99]     ArturRios.Cerberus.WebApi.Tests.RecordPermanentDeleteHttpTests.GivenInvalidCurrentIdentity_WhenPermanentlyDeleting_ThenRejectWithoutPersistence(kind: "missing", status: 401) [FAIL]
[xUnit.net 00:00:23.99]       Assert.Equal() Failure: Values differ
[xUnit.net 00:00:23.99]       Expected: Unauthorized
[xUnit.net 00:00:23.99]       Actual:   NotFound
[xUnit.net 00:00:23.99]       Stack Trace:
[xUnit.net 00:00:23.99]         /tmp/cerberus-uc22-worktree/tests/Presentation/ArturRios.Cerberus.WebApi.Tests/RecordPermanentDeleteHttpTests.cs(191,0): at ArturRios.Cerberus.WebApi.Tests.RecordPermanentDeleteHttpTests.Failure(HttpResponseMessage r, Int32 status, String error)
[xUnit.net 00:00:23.99]         /tmp/cerberus-uc22-worktree/tests/Presentation/ArturRios.Cerberus.WebApi.Tests/RecordPermanentDeleteHttpTests.cs(140,0): at ArturRios.Cerberus.WebApi.Tests.RecordPermanentDeleteHttpTests.GivenInvalidCurrentIdentity_WhenPermanentlyDeleting_ThenRejectWithoutPersistence(String kind, Int32 status)
[xUnit.net 00:00:23.99]         --- End of stack trace from previous location ---
{"Timestamp":"2026-10-09T04:48:42.8740042+00:00","Level":"Information","MessageTemplate":"Request completed. Code={Code}; Status={Status}","TraceId":"e313f1471573b7d6d57fab3e4b92fcce","SpanId":"c24cae2f19233a97","Properties":{"Code":"request_completed","Status":201,"SourceContext":"ArturRios.Cerberus.WebApi.Middleware.SafeFailureMiddleware","RequestId":"0HNP5O27J1MLU","RequestPath":"/api/records","CorrelationId":"e4de18ab62674285a74d7ff7022c4679"}}
{"Timestamp":"2026-10-09T04:48:42.9400323+00:00","Level":"Information","MessageTemplate":"Request completed. Code={Code}; Status={Status}","TraceId":"d2dd5ff629a91c1bbb3edd2deab6c2c1","SpanId":"41d589cabf13dc0e","Properties":{"Code":"request_completed","Status":201,"SourceContext":"ArturRios.Cerberus.WebApi.Middleware.SafeFailureMiddleware","RequestId":"0HNP5O27J1MLV","RequestPath":"/api/profiles","CorrelationId":"22f6edfecc8c4803839af256cbda952a"}}
{"Timestamp":"2026-10-09T04:48:42.9984924+00:00","Level":"Information","MessageTemplate":"Request completed. Code={Code}; Status={Status}","TraceId":"dffd98acf0f97a1f9be531c3ceccc06a","SpanId":"6ff70b69400b98c2","Properties":{"Code":"request_completed","Status":201,"SourceContext":"ArturRios.Cerberus.WebApi.Middleware.SafeFailureMiddleware","RequestId":"0HNP5O27J1MM0","RequestPath":"/api/profiles/cbd1c053-3653-4937-99dc-c89d6bcb63cc/access/challenges","CorrelationId":"d214cb90611840ff8681912d5b079f4e"}}
{"Timestamp":"2026-10-09T04:48:43.0714024+00:00","Level":"Information","MessageTemplate":"Request completed. Code={Code}; Status={Status}","TraceId":"5cfc8d40b301994e3375f961c963a950","SpanId":"7bb521e8e957bdc2","Properties":{"Code":"request_completed","Status":200,"SourceContext":"ArturRios.Cerberus.WebApi.Middleware.SafeFailureMiddleware","RequestId":"0HNP5O27J1MM1","RequestPath":"/api/profiles/cbd1c053-3653-4937-99dc-c89d6bcb63cc/access","CorrelationId":"e5d012b3996643c98f23d49f0fae2315"}}
{"Timestamp":"2026-10-09T04:48:43.0814314+00:00","Level":"Information","MessageTemplate":"Request completed. Code={Code}; Status={Status}","TraceId":"e72b3a747cd6ce9eb57dfc798341e7d5","SpanId":"a3bd1f9e678cefd7","Properties":{"Code":"request_completed","Status":404,"SourceContext":"ArturRios.Cerberus.WebApi.Middleware.SafeFailureMiddleware","RequestId":"0HNP5O27J1MM2","RequestPath":"/api/records/4ca6de1a-b4ac-4aec-9ed4-7ed641438630/permanent","CorrelationId":"3817be8a11c444188f6a74f50d694a03"}}
[xUnit.net 00:00:24.25]     ArturRios.Cerberus.WebApi.Tests.RecordPermanentDeleteHttpTests.GivenNativeSelectedOwnedCollection_WhenPermanentlyDeletingActiveOrTrash_ThenKeepCollectionAndProfileAuthority(mode: "Master", trashed: False) [FAIL]
[xUnit.net 00:00:24.25]       Assert.Equal() Failure: Values differ
[xUnit.net 00:00:24.25]       Expected: OK
[xUnit.net 00:00:24.25]       Actual:   NotFound
[xUnit.net 00:00:24.25]       Stack Trace:
[xUnit.net 00:00:24.25]         /tmp/cerberus-uc22-worktree/tests/Presentation/ArturRios.Cerberus.WebApi.Tests/RecordPermanentDeleteHttpTests.cs(189,0): at ArturRios.Cerberus.WebApi.Tests.RecordPermanentDeleteHttpTests.Success[T](HttpResponseMessage r, Int32 status)
[xUnit.net 00:00:24.25]         /tmp/cerberus-uc22-worktree/tests/Presentation/ArturRios.Cerberus.WebApi.Tests/RecordPermanentDeleteHttpTests.cs(57,0): at ArturRios.Cerberus.WebApi.Tests.RecordPermanentDeleteHttpTests.GivenNativeSelectedOwnedCollection_WhenPermanentlyDeletingActiveOrTrash_ThenKeepCollectionAndProfileAuthority(String mode, Boolean trashed)
[xUnit.net 00:00:24.25]         /tmp/cerberus-uc22-worktree/tests/Presentation/ArturRios.Cerberus.WebApi.Tests/RecordPermanentDeleteHttpTests.cs(59,0): at ArturRios.Cerberus.WebApi.Tests.RecordPermanentDeleteHttpTests.GivenNativeSelectedOwnedCollection_WhenPermanentlyDeletingActiveOrTrash_ThenKeepCollectionAndProfileAuthority(String mode, Boolean trashed)
[xUnit.net 00:00:24.25]         --- End of stack trace from previous location ---
{"Timestamp":"2026-10-09T04:48:43.1309347+00:00","Level":"Information","MessageTemplate":"Request completed. Code={Code}; Status={Status}","TraceId":"570e8b1b35c1231a6fc45bd6e90b268d","SpanId":"151cb21deaf300ec","Properties":{"Code":"request_completed","Status":201,"SourceContext":"ArturRios.Cerberus.WebApi.Middleware.SafeFailureMiddleware","RequestId":"0HNP5O27J1MM3","RequestPath":"/api/records","CorrelationId":"01fee3ae75544f1793d43d112dfabeed"}}
{"Timestamp":"2026-10-09T04:48:43.1727947+00:00","Level":"Information","MessageTemplate":"Request completed. Code={Code}; Status={Status}","TraceId":"a16b509cc3dc30a028659703d035572b","SpanId":"4945e100c0b0802c","Properties":{"Code":"request_completed","Status":201,"SourceContext":"ArturRios.Cerberus.WebApi.Middleware.SafeFailureMiddleware","RequestId":"0HNP5O27J1MM4","RequestPath":"/api/profiles","CorrelationId":"9365608d66174909855f12c7858e39fd"}}
{"Timestamp":"2026-10-09T04:48:43.1983472+00:00","Level":"Information","MessageTemplate":"Request completed. Code={Code}; Status={Status}","TraceId":"1c2354f1d457bf3a0b11a1b32555d1e1","SpanId":"75081a10516d481f","Properties":{"Code":"request_completed","Status":201,"SourceContext":"ArturRios.Cerberus.WebApi.Middleware.SafeFailureMiddleware","RequestId":"0HNP5O27J1MM5","RequestPath":"/api/profiles/6f7e6a97-9916-4d2c-9cff-c6d625d2bf0f/access/challenges","CorrelationId":"c33a9dc1f3ba44ab9742a862d6cdbd1a"}}
{"Timestamp":"2026-10-09T04:48:43.2636422+00:00","Level":"Information","MessageTemplate":"Request completed. Code={Code}; Status={Status}","TraceId":"e124884e3c85eaa4fb3483251d8a3c71","SpanId":"3b1dd90f3126dbcf","Properties":{"Code":"request_completed","Status":200,"SourceContext":"ArturRios.Cerberus.WebApi.Middleware.SafeFailureMiddleware","RequestId":"0HNP5O27J1MM6","RequestPath":"/api/profiles/6f7e6a97-9916-4d2c-9cff-c6d625d2bf0f/access","CorrelationId":"34d96a7815264fa7b7ba3bbd896b302b"}}
{"Timestamp":"2026-10-09T04:48:43.2659719+00:00","Level":"Information","MessageTemplate":"Request completed. Code={Code}; Status={Status}","TraceId":"0cb40edef4b4c151454b2a976850f63e","SpanId":"9773148e38ac9f8e","Properties":{"Code":"request_completed","Status":404,"SourceContext":"ArturRios.Cerberus.WebApi.Middleware.SafeFailureMiddleware","RequestId":"0HNP5O27J1MM7","RequestPath":"/api/records/c24ec22c-b433-47ed-99e0-be5c757a3603/permanent","CorrelationId":"af9457efe7f04ee9ba0e990f8ee109b6"}}
[xUnit.net 00:00:24.43]     ArturRios.Cerberus.WebApi.Tests.RecordPermanentDeleteHttpTests.GivenNativeSelectedOwnedCollection_WhenPermanentlyDeletingActiveOrTrash_ThenKeepCollectionAndProfileAuthority(mode: "PerProfile", trashed: False) [FAIL]
[xUnit.net 00:00:24.43]       Assert.Equal() Failure: Values differ
[xUnit.net 00:00:24.43]       Expected: OK
[xUnit.net 00:00:24.43]       Actual:   NotFound
[xUnit.net 00:00:24.43]       Stack Trace:
[xUnit.net 00:00:24.43]         /tmp/cerberus-uc22-worktree/tests/Presentation/ArturRios.Cerberus.WebApi.Tests/RecordPermanentDeleteHttpTests.cs(189,0): at ArturRios.Cerberus.WebApi.Tests.RecordPermanentDeleteHttpTests.Success[T](HttpResponseMessage r, Int32 status)
[xUnit.net 00:00:24.43]         /tmp/cerberus-uc22-worktree/tests/Presentation/ArturRios.Cerberus.WebApi.Tests/RecordPermanentDeleteHttpTests.cs(57,0): at ArturRios.Cerberus.WebApi.Tests.RecordPermanentDeleteHttpTests.GivenNativeSelectedOwnedCollection_WhenPermanentlyDeletingActiveOrTrash_ThenKeepCollectionAndProfileAuthority(String mode, Boolean trashed)
[xUnit.net 00:00:24.43]         /tmp/cerberus-uc22-worktree/tests/Presentation/ArturRios.Cerberus.WebApi.Tests/RecordPermanentDeleteHttpTests.cs(59,0): at ArturRios.Cerberus.WebApi.Tests.RecordPermanentDeleteHttpTests.GivenNativeSelectedOwnedCollection_WhenPermanentlyDeletingActiveOrTrash_ThenKeepCollectionAndProfileAuthority(String mode, Boolean trashed)
[xUnit.net 00:00:24.43]         --- End of stack trace from previous location ---
  Failed ArturRios.Cerberus.WebApi.Tests.RecordPermanentDeleteHttpTests.GivenInvalidCurrentActorState_WhenPermanentlyDeleting_ThenNoMutation(kind: "terminal", status: 404) [72 ms]
  Error Message:
   System.Text.Json.JsonReaderException : The input does not contain any JSON tokens. Expected the input to start with a valid JSON token, when isFinalBlock is true. LineNumber: 0 | BytePositionInLine: 0.
  Stack Trace:
     at System.Text.Json.ThrowHelper.ThrowJsonReaderException(Utf8JsonReader& json, ExceptionResource resource, Byte nextByte, ReadOnlySpan`1 bytes)
   at System.Text.Json.Utf8JsonReader.Read()
   at System.Text.Json.JsonDocument.Parse(ReadOnlySpan`1 utf8JsonSpan, JsonReaderOptions readerOptions, MetadataDb& database, StackRowStack& stack)
   at System.Text.Json.JsonDocument.Parse(ReadOnlyMemory`1 utf8Json, JsonReaderOptions readerOptions, Byte[] extraRentedArrayPoolBytes, PooledByteBufferWriter extraPooledByteBufferWriter, Boolean allowDuplicateProperties)
   at System.Text.Json.JsonDocument.Parse(ReadOnlyMemory`1 json, JsonDocumentOptions options)
   at ArturRios.Cerberus.WebApi.Tests.RecordPermanentDeleteHttpTests.Failure(HttpResponseMessage r, Int32 status, String error) in /tmp/cerberus-uc22-worktree/tests/Presentation/ArturRios.Cerberus.WebApi.Tests/RecordPermanentDeleteHttpTests.cs:line 191
   at ArturRios.Cerberus.WebApi.Tests.RecordPermanentDeleteHttpTests.GivenInvalidCurrentActorState_WhenPermanentlyDeleting_ThenNoMutation(String kind, Int32 status) in /tmp/cerberus-uc22-worktree/tests/Presentation/ArturRios.Cerberus.WebApi.Tests/RecordPermanentDeleteHttpTests.cs:line 143
--- End of stack trace from previous location ---
  Failed ArturRios.Cerberus.WebApi.Tests.RecordPermanentDeleteHttpTests.GivenInvalidCurrentActorState_WhenPermanentlyDeleting_ThenNoMutation(kind: "revoked", status: 403) [48 ms]
  Error Message:
   Assert.Equal() Failure: Values differ
Expected: Forbidden
Actual:   NotFound
  Stack Trace:
     at ArturRios.Cerberus.WebApi.Tests.RecordPermanentDeleteHttpTests.Failure(HttpResponseMessage r, Int32 status, String error) in /tmp/cerberus-uc22-worktree/tests/Presentation/ArturRios.Cerberus.WebApi.Tests/RecordPermanentDeleteHttpTests.cs:line 191
   at ArturRios.Cerberus.WebApi.Tests.RecordPermanentDeleteHttpTests.GivenInvalidCurrentActorState_WhenPermanentlyDeleting_ThenNoMutation(String kind, Int32 status) in /tmp/cerberus-uc22-worktree/tests/Presentation/ArturRios.Cerberus.WebApi.Tests/RecordPermanentDeleteHttpTests.cs:line 143
--- End of stack trace from previous location ---
  Failed ArturRios.Cerberus.WebApi.Tests.RecordPermanentDeleteHttpTests.GivenInvalidCurrentActorState_WhenPermanentlyDeleting_ThenNoMutation(kind: "expired", status: 403) [71 ms]
  Error Message:
   Assert.Equal() Failure: Values differ
Expected: Forbidden
Actual:   NotFound
  Stack Trace:
     at ArturRios.Cerberus.WebApi.Tests.RecordPermanentDeleteHttpTests.Failure(HttpResponseMessage r, Int32 status, String error) in /tmp/cerberus-uc22-worktree/tests/Presentation/ArturRios.Cerberus.WebApi.Tests/RecordPermanentDeleteHttpTests.cs:line 191
   at ArturRios.Cerberus.WebApi.Tests.RecordPermanentDeleteHttpTests.GivenInvalidCurrentActorState_WhenPermanentlyDeleting_ThenNoMutation(String kind, Int32 status) in /tmp/cerberus-uc22-worktree/tests/Presentation/ArturRios.Cerberus.WebApi.Tests/RecordPermanentDeleteHttpTests.cs:line 143
--- End of stack trace from previous location ---
  Failed ArturRios.Cerberus.WebApi.Tests.RecordPermanentDeleteHttpTests.GivenInvalidCurrentIdentity_WhenPermanentlyDeleting_ThenRejectWithoutPersistence(kind: "unavailable", status: 503) [69 ms]
  Error Message:
   Assert.Equal() Failure: Values differ
Expected: ServiceUnavailable
Actual:   NotFound
  Stack Trace:
     at ArturRios.Cerberus.WebApi.Tests.RecordPermanentDeleteHttpTests.Failure(HttpResponseMessage r, Int32 status, String error) in /tmp/cerberus-uc22-worktree/tests/Presentation/ArturRios.Cerberus.WebApi.Tests/RecordPermanentDeleteHttpTests.cs:line 191
   at ArturRios.Cerberus.WebApi.Tests.RecordPermanentDeleteHttpTests.GivenInvalidCurrentIdentity_WhenPermanentlyDeleting_ThenRejectWithoutPersistence(String kind, Int32 status) in /tmp/cerberus-uc22-worktree/tests/Presentation/ArturRios.Cerberus.WebApi.Tests/RecordPermanentDeleteHttpTests.cs:line 140
--- End of stack trace from previous location ---
  Failed ArturRios.Cerberus.WebApi.Tests.RecordPermanentDeleteHttpTests.GivenInvalidCurrentIdentity_WhenPermanentlyDeleting_ThenRejectWithoutPersistence(kind: "scope", status: 401) [49 ms]
  Error Message:
   Assert.Equal() Failure: Values differ
Expected: Unauthorized
Actual:   NotFound
  Stack Trace:
     at ArturRios.Cerberus.WebApi.Tests.RecordPermanentDeleteHttpTests.Failure(HttpResponseMessage r, Int32 status, String error) in /tmp/cerberus-uc22-worktree/tests/Presentation/ArturRios.Cerberus.WebApi.Tests/RecordPermanentDeleteHttpTests.cs:line 191
   at ArturRios.Cerberus.WebApi.Tests.RecordPermanentDeleteHttpTests.GivenInvalidCurrentIdentity_WhenPermanentlyDeleting_ThenRejectWithoutPersistence(String kind, Int32 status) in /tmp/cerberus-uc22-worktree/tests/Presentation/ArturRios.Cerberus.WebApi.Tests/RecordPermanentDeleteHttpTests.cs:line 140
--- End of stack trace from previous location ---
  Failed ArturRios.Cerberus.WebApi.Tests.RecordPermanentDeleteHttpTests.GivenInvalidCurrentIdentity_WhenPermanentlyDeleting_ThenRejectWithoutPersistence(kind: "deleted", status: 401) [63 ms]
  Error Message:
   Assert.Equal() Failure: Values differ
Expected: Unauthorized
Actual:   NotFound
  Stack Trace:
     at ArturRios.Cerberus.WebApi.Tests.RecordPermanentDeleteHttpTests.Failure(HttpResponseMessage r, Int32 status, String error) in /tmp/cerberus-uc22-worktree/tests/Presentation/ArturRios.Cerberus.WebApi.Tests/RecordPermanentDeleteHttpTests.cs:line 191
   at ArturRios.Cerberus.WebApi.Tests.RecordPermanentDeleteHttpTests.GivenInvalidCurrentIdentity_WhenPermanentlyDeleting_ThenRejectWithoutPersistence(String kind, Int32 status) in /tmp/cerberus-uc22-worktree/tests/Presentation/ArturRios.Cerberus.WebApi.Tests/RecordPermanentDeleteHttpTests.cs:line 140
--- End of stack trace from previous location ---
  Failed ArturRios.Cerberus.WebApi.Tests.RecordPermanentDeleteHttpTests.GivenInvalidCurrentIdentity_WhenPermanentlyDeleting_ThenRejectWithoutPersistence(kind: "missing", status: 401) [61 ms]
  Error Message:
   Assert.Equal() Failure: Values differ
Expected: Unauthorized
Actual:   NotFound
  Stack Trace:
     at ArturRios.Cerberus.WebApi.Tests.RecordPermanentDeleteHttpTests.Failure(HttpResponseMessage r, Int32 status, String error) in /tmp/cerberus-uc22-worktree/tests/Presentation/ArturRios.Cerberus.WebApi.Tests/RecordPermanentDeleteHttpTests.cs:line 191
   at ArturRios.Cerberus.WebApi.Tests.RecordPermanentDeleteHttpTests.GivenInvalidCurrentIdentity_WhenPermanentlyDeleting_ThenRejectWithoutPersistence(String kind, Int32 status) in /tmp/cerberus-uc22-worktree/tests/Presentation/ArturRios.Cerberus.WebApi.Tests/RecordPermanentDeleteHttpTests.cs:line 140
--- End of stack trace from previous location ---
  Failed ArturRios.Cerberus.WebApi.Tests.RecordPermanentDeleteHttpTests.GivenNativeSelectedOwnedCollection_WhenPermanentlyDeletingActiveOrTrash_ThenKeepCollectionAndProfileAuthority(mode: "Master", trashed: False) [258 ms]
  Error Message:
   Assert.Equal() Failure: Values differ
Expected: OK
Actual:   NotFound
  Stack Trace:
     at ArturRios.Cerberus.WebApi.Tests.RecordPermanentDeleteHttpTests.Success[T](HttpResponseMessage r, Int32 status) in /tmp/cerberus-uc22-worktree/tests/Presentation/ArturRios.Cerberus.WebApi.Tests/RecordPermanentDeleteHttpTests.cs:line 189
   at ArturRios.Cerberus.WebApi.Tests.RecordPermanentDeleteHttpTests.GivenNativeSelectedOwnedCollection_WhenPermanentlyDeletingActiveOrTrash_ThenKeepCollectionAndProfileAuthority(String mode, Boolean trashed) in /tmp/cerberus-uc22-worktree/tests/Presentation/ArturRios.Cerberus.WebApi.Tests/RecordPermanentDeleteHttpTests.cs:line 57
   at ArturRios.Cerberus.WebApi.Tests.RecordPermanentDeleteHttpTests.GivenNativeSelectedOwnedCollection_WhenPermanentlyDeletingActiveOrTrash_ThenKeepCollectionAndProfileAuthority(String mode, Boolean trashed) in /tmp/cerberus-uc22-worktree/tests/Presentation/ArturRios.Cerberus.WebApi.Tests/RecordPermanentDeleteHttpTests.cs:line 59
--- End of stack trace from previous location ---
  Failed ArturRios.Cerberus.WebApi.Tests.RecordPermanentDeleteHttpTests.GivenNativeSelectedOwnedCollection_WhenPermanentlyDeletingActiveOrTrash_ThenKeepCollectionAndProfileAuthority(mode: "PerProfile", trashed: False) [177 ms]
  Error Message:
   Assert.Equal() Failure: Values differ
Expected: OK
Actual:   NotFound
  Stack Trace:
     at ArturRios.Cerberus.WebApi.Tests.RecordPermanentDeleteHttpTests.Success[T](HttpResponseMessage r, Int32 status) in /tmp/cerberus-uc22-worktree/tests/Presentation/ArturRios.Cerberus.WebApi.Tests/RecordPermanentDeleteHttpTests.cs:line 189
   at ArturRios.Cerberus.WebApi.Tests.RecordPermanentDeleteHttpTests.GivenNativeSelectedOwnedCollection_WhenPermanentlyDeletingActiveOrTrash_ThenKeepCollectionAndProfileAuthority(String mode, Boolean trashed) in /tmp/cerberus-uc22-worktree/tests/Presentation/ArturRios.Cerberus.WebApi.Tests/RecordPermanentDeleteHttpTests.cs:line 57
   at ArturRios.Cerberus.WebApi.Tests.RecordPermanentDeleteHttpTests.GivenNativeSelectedOwnedCollection_WhenPermanentlyDeletingActiveOrTrash_ThenKeepCollectionAndProfileAuthority(String mode, Boolean trashed) in /tmp/cerberus-uc22-worktree/tests/Presentation/ArturRios.Cerberus.WebApi.Tests/RecordPermanentDeleteHttpTests.cs:line 59
--- End of stack trace from previous location ---
{"Timestamp":"2026-10-09T04:48:43.3253686+00:00","Level":"Information","MessageTemplate":"Request completed. Code={Code}; Status={Status}","TraceId":"2497bd8c3a0fedfc4286d674e3416c61","SpanId":"106df89dbb7d3a70","Properties":{"Code":"request_completed","Status":201,"SourceContext":"ArturRios.Cerberus.WebApi.Middleware.SafeFailureMiddleware","RequestId":"0HNP5O27J1MM8","RequestPath":"/api/records","CorrelationId":"dfb9ce3e04114302acc047221ab36111"}}
{"Timestamp":"2026-10-09T04:48:43.3763326+00:00","Level":"Information","MessageTemplate":"Request completed. Code={Code}; Status={Status}","TraceId":"9c533ae167edad82d57c042d0f515215","SpanId":"ea94e0ac7608080e","Properties":{"Code":"request_completed","Status":201,"SourceContext":"ArturRios.Cerberus.WebApi.Middleware.SafeFailureMiddleware","RequestId":"0HNP5O27J1MM9","RequestPath":"/api/profiles","CorrelationId":"6b35e99f4bff49209524d861c6bb5e77"}}
{"Timestamp":"2026-10-09T04:48:43.4790598+00:00","Level":"Information","MessageTemplate":"Request completed. Code={Code}; Status={Status}","TraceId":"f8ec37132499863dafdbbda6dda04bae","SpanId":"74a8d3862e2ce40c","Properties":{"Code":"request_completed","Status":200,"SourceContext":"ArturRios.Cerberus.WebApi.Middleware.SafeFailureMiddleware","RequestId":"0HNP5O27J1MMA","RequestPath":"/api/records/9529e0ad-a2b5-42dd-a0b4-c87c17e082c6","CorrelationId":"0bae5d2677904d1088e9cec86fd25596"}}
{"Timestamp":"2026-10-09T04:48:43.4962277+00:00","Level":"Information","MessageTemplate":"Request completed. Code={Code}; Status={Status}","TraceId":"eb8447aa8c71831d27a711475b0c8ded","SpanId":"08d9a0dc8ccf27cb","Properties":{"Code":"request_completed","Status":201,"SourceContext":"ArturRios.Cerberus.WebApi.Middleware.SafeFailureMiddleware","RequestId":"0HNP5O27J1MMB","RequestPath":"/api/profiles/83f7940d-181a-47e5-b1c3-b08ca3c14bf3/access/challenges","CorrelationId":"48789c42d52e46de8c2af8bf6890e276"}}
{"Timestamp":"2026-10-09T04:48:43.5430420+00:00","Level":"Information","MessageTemplate":"Request completed. Code={Code}; Status={Status}","TraceId":"640c7803fa4abffcc66c1d8dd2307407","SpanId":"b7c892d8e2f598e0","Properties":{"Code":"request_completed","Status":200,"SourceContext":"ArturRios.Cerberus.WebApi.Middleware.SafeFailureMiddleware","RequestId":"0HNP5O27J1MMC","RequestPath":"/api/profiles/83f7940d-181a-47e5-b1c3-b08ca3c14bf3/access","CorrelationId":"7b1e7126d3c947b883b9b53742ae1841"}}
{"Timestamp":"2026-10-09T04:48:43.5454243+00:00","Level":"Information","MessageTemplate":"Request completed. Code={Code}; Status={Status}","TraceId":"269baa0d7c28e8e4318636e34224be96","SpanId":"f7ded15affb2ed48","Properties":{"Code":"request_completed","Status":404,"SourceContext":"ArturRios.Cerberus.WebApi.Middleware.SafeFailureMiddleware","RequestId":"0HNP5O27J1MMD","RequestPath":"/api/records/9529e0ad-a2b5-42dd-a0b4-c87c17e082c6/permanent","CorrelationId":"6fe7bfe6442e434d811969522092f50e"}}
[xUnit.net 00:00:24.71]     ArturRios.Cerberus.WebApi.Tests.RecordPermanentDeleteHttpTests.GivenNativeSelectedOwnedCollection_WhenPermanentlyDeletingActiveOrTrash_ThenKeepCollectionAndProfileAuthority(mode: "PerProfile", trashed: True) [FAIL]
[xUnit.net 00:00:24.71]       Assert.Equal() Failure: Values differ
[xUnit.net 00:00:24.71]       Expected: OK
[xUnit.net 00:00:24.71]       Actual:   NotFound
[xUnit.net 00:00:24.71]       Stack Trace:
[xUnit.net 00:00:24.71]         /tmp/cerberus-uc22-worktree/tests/Presentation/ArturRios.Cerberus.WebApi.Tests/RecordPermanentDeleteHttpTests.cs(189,0): at ArturRios.Cerberus.WebApi.Tests.RecordPermanentDeleteHttpTests.Success[T](HttpResponseMessage r, Int32 status)
[xUnit.net 00:00:24.71]         /tmp/cerberus-uc22-worktree/tests/Presentation/ArturRios.Cerberus.WebApi.Tests/RecordPermanentDeleteHttpTests.cs(57,0): at ArturRios.Cerberus.WebApi.Tests.RecordPermanentDeleteHttpTests.GivenNativeSelectedOwnedCollection_WhenPermanentlyDeletingActiveOrTrash_ThenKeepCollectionAndProfileAuthority(String mode, Boolean trashed)
[xUnit.net 00:00:24.71]         /tmp/cerberus-uc22-worktree/tests/Presentation/ArturRios.Cerberus.WebApi.Tests/RecordPermanentDeleteHttpTests.cs(59,0): at ArturRios.Cerberus.WebApi.Tests.RecordPermanentDeleteHttpTests.GivenNativeSelectedOwnedCollection_WhenPermanentlyDeletingActiveOrTrash_ThenKeepCollectionAndProfileAuthority(String mode, Boolean trashed)
[xUnit.net 00:00:24.71]         --- End of stack trace from previous location ---
{"Timestamp":"2026-10-09T04:48:43.5892450+00:00","Level":"Information","MessageTemplate":"Request completed. Code={Code}; Status={Status}","TraceId":"d3076a96d566ca6e3ea60fd730750a7e","SpanId":"7d21e89615114ab4","Properties":{"Code":"request_completed","Status":201,"SourceContext":"ArturRios.Cerberus.WebApi.Middleware.SafeFailureMiddleware","RequestId":"0HNP5O27J1MME","RequestPath":"/api/records","CorrelationId":"ebb8709f829d4b7a9e77af22522d44cb"}}
{"Timestamp":"2026-10-09T04:48:43.6362297+00:00","Level":"Information","MessageTemplate":"Request completed. Code={Code}; Status={Status}","TraceId":"40bc17262673a78268c8b95c5ecd3c57","SpanId":"9e20fdce1fc156c6","Properties":{"Code":"request_completed","Status":201,"SourceContext":"ArturRios.Cerberus.WebApi.Middleware.SafeFailureMiddleware","RequestId":"0HNP5O27J1MMF","RequestPath":"/api/profiles","CorrelationId":"2d074c7da72446ecbed3d8e44b7155aa"}}
{"Timestamp":"2026-10-09T04:48:43.8714950+00:00","Level":"Information","MessageTemplate":"Request completed. Code={Code}; Status={Status}","TraceId":"ada7cc5d21095310553e14e724c03649","SpanId":"212e993dc752559f","Properties":{"Code":"request_completed","Status":200,"SourceContext":"ArturRios.Cerberus.WebApi.Middleware.SafeFailureMiddleware","RequestId":"0HNP5O27J1MMG","RequestPath":"/api/records/6bd6d9fd-14fd-4fab-9d57-f67d5e31a9be","CorrelationId":"f64579ee3122403d80518a35d4f86405"}}
{"Timestamp":"2026-10-09T04:48:43.8928350+00:00","Level":"Information","MessageTemplate":"Request completed. Code={Code}; Status={Status}","TraceId":"a8aa1971a885ee406fe3c3d7b6739386","SpanId":"f45bd1b0de7823ba","Properties":{"Code":"request_completed","Status":201,"SourceContext":"ArturRios.Cerberus.WebApi.Middleware.SafeFailureMiddleware","RequestId":"0HNP5O27J1MMH","RequestPath":"/api/profiles/bf32a333-a190-41ad-a54c-f7eda77e67d0/access/challenges","CorrelationId":"dac8847b66e34849b4ccc74389b7e8e5"}}
{"Timestamp":"2026-10-09T04:48:43.9190856+00:00","Level":"Information","MessageTemplate":"Request completed. Code={Code}; Status={Status}","TraceId":"2830bc35da1b8f0e7d2f50ad6c0e8531","SpanId":"e8f7144bef817f1b","Properties":{"Code":"request_completed","Status":200,"SourceContext":"ArturRios.Cerberus.WebApi.Middleware.SafeFailureMiddleware","RequestId":"0HNP5O27J1MMI","RequestPath":"/api/profiles/bf32a333-a190-41ad-a54c-f7eda77e67d0/access","CorrelationId":"12d4610b67d747f69c0062b0bcb8d455"}}
{"Timestamp":"2026-10-09T04:48:43.9209680+00:00","Level":"Information","MessageTemplate":"Request completed. Code={Code}; Status={Status}","TraceId":"de4a00f5d5525648f8d60bf7a3d6f939","SpanId":"fcb1595ff6055624","Properties":{"Code":"request_completed","Status":404,"SourceContext":"ArturRios.Cerberus.WebApi.Middleware.SafeFailureMiddleware","RequestId":"0HNP5O27J1MMJ","RequestPath":"/api/records/6bd6d9fd-14fd-4fab-9d57-f67d5e31a9be/permanent","CorrelationId":"b3a8a37dcb78486e99fc426a43e2b4e9"}}
[xUnit.net 00:00:25.09]     ArturRios.Cerberus.WebApi.Tests.RecordPermanentDeleteHttpTests.GivenNativeSelectedOwnedCollection_WhenPermanentlyDeletingActiveOrTrash_ThenKeepCollectionAndProfileAuthority(mode: "Master", trashed: True) [FAIL]
[xUnit.net 00:00:25.09]       Assert.Equal() Failure: Values differ
[xUnit.net 00:00:25.09]       Expected: OK
[xUnit.net 00:00:25.09]       Actual:   NotFound
[xUnit.net 00:00:25.09]       Stack Trace:
[xUnit.net 00:00:25.09]         /tmp/cerberus-uc22-worktree/tests/Presentation/ArturRios.Cerberus.WebApi.Tests/RecordPermanentDeleteHttpTests.cs(189,0): at ArturRios.Cerberus.WebApi.Tests.RecordPermanentDeleteHttpTests.Success[T](HttpResponseMessage r, Int32 status)
[xUnit.net 00:00:25.09]         /tmp/cerberus-uc22-worktree/tests/Presentation/ArturRios.Cerberus.WebApi.Tests/RecordPermanentDeleteHttpTests.cs(57,0): at ArturRios.Cerberus.WebApi.Tests.RecordPermanentDeleteHttpTests.GivenNativeSelectedOwnedCollection_WhenPermanentlyDeletingActiveOrTrash_ThenKeepCollectionAndProfileAuthority(String mode, Boolean trashed)
[xUnit.net 00:00:25.09]         /tmp/cerberus-uc22-worktree/tests/Presentation/ArturRios.Cerberus.WebApi.Tests/RecordPermanentDeleteHttpTests.cs(59,0): at ArturRios.Cerberus.WebApi.Tests.RecordPermanentDeleteHttpTests.GivenNativeSelectedOwnedCollection_WhenPermanentlyDeletingActiveOrTrash_ThenKeepCollectionAndProfileAuthority(String mode, Boolean trashed)
[xUnit.net 00:00:25.09]         --- End of stack trace from previous location ---
{"Timestamp":"2026-10-09T04:48:43.9878070+00:00","Level":"Information","MessageTemplate":"Request completed. Code={Code}; Status={Status}","TraceId":"4cfac5459b6a4b55cb2ac6cc72fba228","SpanId":"cc936e5ff2e16f1f","Properties":{"Code":"request_completed","Status":201,"SourceContext":"ArturRios.Cerberus.WebApi.Middleware.SafeFailureMiddleware","RequestId":"0HNP5O27J1MMK","RequestPath":"/api/records","CorrelationId":"b7bdd461df6a4c5ea0c879c287c4fdf1"}}
{"Timestamp":"2026-10-09T04:48:44.0136280+00:00","Level":"Information","MessageTemplate":"Request completed. Code={Code}; Status={Status}","TraceId":"3e659a5f23785752337bd2ccc2cedad5","SpanId":"715444a857ee452d","Properties":{"Code":"request_completed","Status":404,"SourceContext":"ArturRios.Cerberus.WebApi.Middleware.SafeFailureMiddleware","RequestId":"0HNP5O27J1MML","RequestPath":"/api/records/50b12678-e182-4987-850c-87a3a472f698/permanent","CorrelationId":"3018d1f4148c4d54a5b51df5a896f726"}}
[xUnit.net 00:00:25.18]     ArturRios.Cerberus.WebApi.Tests.RecordPermanentDeleteHttpTests.GivenRecordGuidAlsoUsedByFolderAndCollection_WhenPermanentlyDeleting_ThenKeepOtherKindsAndRejectRecreationAndLostSuccessRetry [FAIL]
[xUnit.net 00:00:25.18]       Assert.Equal() Failure: Values differ
[xUnit.net 00:00:25.18]       Expected: OK
[xUnit.net 00:00:25.18]       Actual:   NotFound
[xUnit.net 00:00:25.18]       Stack Trace:
[xUnit.net 00:00:25.18]         /tmp/cerberus-uc22-worktree/tests/Presentation/ArturRios.Cerberus.WebApi.Tests/RecordPermanentDeleteHttpTests.cs(189,0): at ArturRios.Cerberus.WebApi.Tests.RecordPermanentDeleteHttpTests.Success[T](HttpResponseMessage r, Int32 status)
[xUnit.net 00:00:25.18]         /tmp/cerberus-uc22-worktree/tests/Presentation/ArturRios.Cerberus.WebApi.Tests/RecordPermanentDeleteHttpTests.cs(73,0): at ArturRios.Cerberus.WebApi.Tests.RecordPermanentDeleteHttpTests.GivenRecordGuidAlsoUsedByFolderAndCollection_WhenPermanentlyDeleting_ThenKeepOtherKindsAndRejectRecreationAndLostSuccessRetry()
[xUnit.net 00:00:25.18]         /tmp/cerberus-uc22-worktree/tests/Presentation/ArturRios.Cerberus.WebApi.Tests/RecordPermanentDeleteHttpTests.cs(79,0): at ArturRios.Cerberus.WebApi.Tests.RecordPermanentDeleteHttpTests.GivenRecordGuidAlsoUsedByFolderAndCollection_WhenPermanentlyDeleting_ThenKeepOtherKindsAndRejectRecreationAndLostSuccessRetry()
[xUnit.net 00:00:25.18]         --- End of stack trace from previous location ---
{"Timestamp":"2026-10-09T04:48:44.0989545+00:00","Level":"Information","MessageTemplate":"Request completed. Code={Code}; Status={Status}","TraceId":"07823caba488341f074dfe7dbf510db5","SpanId":"6e6e6709ea62f75e","Properties":{"Code":"request_completed","Status":201,"SourceContext":"ArturRios.Cerberus.WebApi.Middleware.SafeFailureMiddleware","RequestId":"0HNP5O27J1MMM","RequestPath":"/api/records","CorrelationId":"5f37926ef7bf4eae8e45b19bc2b9dc71"}}
{"Timestamp":"2026-10-09T04:48:44.1617675+00:00","Level":"Information","MessageTemplate":"Request completed. Code={Code}; Status={Status}","TraceId":"e47273cacf4380399aafa94c475f35be","SpanId":"97a1b3284a71ecfd","Properties":{"Code":"request_completed","Status":201,"SourceContext":"ArturRios.Cerberus.WebApi.Middleware.SafeFailureMiddleware","RequestId":"0HNP5O27J1MMN","RequestPath":"/api/profiles","CorrelationId":"23bce57893c74d1da1632d0a5881fdb6"}}
{"Timestamp":"2026-10-09T04:48:44.1946493+00:00","Level":"Information","MessageTemplate":"Request completed. Code={Code}; Status={Status}","TraceId":"e9dccd6e3ecfabd98e6d319d37a0155b","SpanId":"47eb18c0fb4470f3","Properties":{"Code":"request_completed","Status":201,"SourceContext":"ArturRios.Cerberus.WebApi.Middleware.SafeFailureMiddleware","RequestId":"0HNP5O27J1MMO","RequestPath":"/api/profiles/18826a59-b08e-48a2-a266-80d2bebb5959/access/challenges","CorrelationId":"a07931cfe6f44d1cb9bed7dd52ee78c8"}}
{"Timestamp":"2026-10-09T04:48:44.2250729+00:00","Level":"Information","MessageTemplate":"Request completed. Code={Code}; Status={Status}","TraceId":"c146b22483365bebc2a4914f10c17552","SpanId":"c3c344cc706a596a","Properties":{"Code":"request_completed","Status":200,"SourceContext":"ArturRios.Cerberus.WebApi.Middleware.SafeFailureMiddleware","RequestId":"0HNP5O27J1MMP","RequestPath":"/api/profiles/18826a59-b08e-48a2-a266-80d2bebb5959/access","CorrelationId":"0776abdf176346e4b3348b2f593d995c"}}
{"Timestamp":"2026-10-09T04:48:44.2408630+00:00","Level":"Information","MessageTemplate":"Request completed. Code={Code}; Status={Status}","TraceId":"345b63d88280664540d048bc06147d16","SpanId":"18ebb8d310279f7a","Properties":{"Code":"request_completed","Status":404,"SourceContext":"ArturRios.Cerberus.WebApi.Middleware.SafeFailureMiddleware","RequestId":"0HNP5O27J1MMQ","RequestPath":"/api/records/52960f5d-b21f-42c9-a953-d1498f42fc2a/permanent","CorrelationId":"98664d6c6f044b0db983ecce33dc372a"}}
[xUnit.net 00:00:25.41]     ArturRios.Cerberus.WebApi.Tests.RecordPermanentDeleteHttpTests.GivenSelectedCollectionLinkRemovedAfterUnlock_WhenPermanentlyDeletingForeignTarget_Then404WithoutExpandingScope [FAIL]
[xUnit.net 00:00:25.41]       System.Text.Json.JsonReaderException : The input does not contain any JSON tokens. Expected the input to start with a valid JSON token, when isFinalBlock is true. LineNumber: 0 | BytePositionInLine: 0.
[xUnit.net 00:00:25.41]       Stack Trace:
[xUnit.net 00:00:25.41]            at System.Text.Json.ThrowHelper.ThrowJsonReaderException(Utf8JsonReader& json, ExceptionResource resource, Byte nextByte, ReadOnlySpan`1 bytes)
[xUnit.net 00:00:25.41]            at System.Text.Json.Utf8JsonReader.Read()
[xUnit.net 00:00:25.41]            at System.Text.Json.JsonDocument.Parse(ReadOnlySpan`1 utf8JsonSpan, JsonReaderOptions readerOptions, MetadataDb& database, StackRowStack& stack)
[xUnit.net 00:00:25.41]            at System.Text.Json.JsonDocument.Parse(ReadOnlyMemory`1 utf8Json, JsonReaderOptions readerOptions, Byte[] extraRentedArrayPoolBytes, PooledByteBufferWriter extraPooledByteBufferWriter, Boolean allowDuplicateProperties)
[xUnit.net 00:00:25.41]            at System.Text.Json.JsonDocument.Parse(ReadOnlyMemory`1 json, JsonDocumentOptions options)
[xUnit.net 00:00:25.41]         /tmp/cerberus-uc22-worktree/tests/Presentation/ArturRios.Cerberus.WebApi.Tests/RecordPermanentDeleteHttpTests.cs(191,0): at ArturRios.Cerberus.WebApi.Tests.RecordPermanentDeleteHttpTests.Failure(HttpResponseMessage r, Int32 status, String error)
[xUnit.net 00:00:25.41]         /tmp/cerberus-uc22-worktree/tests/Presentation/ArturRios.Cerberus.WebApi.Tests/RecordPermanentDeleteHttpTests.cs(111,0): at ArturRios.Cerberus.WebApi.Tests.RecordPermanentDeleteHttpTests.GivenSelectedCollectionLinkRemovedAfterUnlock_WhenPermanentlyDeletingForeignTarget_Then404WithoutExpandingScope()
[xUnit.net 00:00:25.41]         --- End of stack trace from previous location ---
{"Timestamp":"2026-10-09T04:48:44.2813022+00:00","Level":"Information","MessageTemplate":"Request completed. Code={Code}; Status={Status}","TraceId":"910833a9472a3f1047ede549e39b0732","SpanId":"ecd7661be1204d79","Properties":{"Code":"request_completed","Status":404,"SourceContext":"ArturRios.Cerberus.WebApi.Middleware.SafeFailureMiddleware","RequestId":"0HNP5O27J1MMR","RequestPath":"/api/records/6b7186c0-4d5f-4cbf-870d-600c28ace2e9/permanent","CorrelationId":"eadd0742bda846009643ddf59ed25b70"}}
[xUnit.net 00:00:25.45]     ArturRios.Cerberus.WebApi.Tests.RecordPermanentDeleteHttpTests.GivenRawEmptyAccessHeader_WhenPermanentlyDeleting_Then400 [FAIL]
[xUnit.net 00:00:25.45]       Assert.Equal() Failure: Values differ
[xUnit.net 00:00:25.45]       Expected: 400
[xUnit.net 00:00:25.45]       Actual:   404
[xUnit.net 00:00:25.45]       Stack Trace:
[xUnit.net 00:00:25.45]         /tmp/cerberus-uc22-worktree/tests/Presentation/ArturRios.Cerberus.WebApi.Tests/RecordPermanentDeleteHttpTests.cs(137,0): at ArturRios.Cerberus.WebApi.Tests.RecordPermanentDeleteHttpTests.GivenRawEmptyAccessHeader_WhenPermanentlyDeleting_Then400()
[xUnit.net 00:00:25.45]         --- End of stack trace from previous location ---
[testcontainers.org 00:00:24.65] Delete Docker container 4874b35d887a
[xUnit.net 00:00:25.70]   Finished:    ArturRios.Cerberus.WebApi.Tests
  Failed ArturRios.Cerberus.WebApi.Tests.RecordPermanentDeleteHttpTests.GivenNativeSelectedOwnedCollection_WhenPermanentlyDeletingActiveOrTrash_ThenKeepCollectionAndProfileAuthority(mode: "PerProfile", trashed: True) [278 ms]
  Error Message:
   Assert.Equal() Failure: Values differ
Expected: OK
Actual:   NotFound
  Stack Trace:
     at ArturRios.Cerberus.WebApi.Tests.RecordPermanentDeleteHttpTests.Success[T](HttpResponseMessage r, Int32 status) in /tmp/cerberus-uc22-worktree/tests/Presentation/ArturRios.Cerberus.WebApi.Tests/RecordPermanentDeleteHttpTests.cs:line 189
   at ArturRios.Cerberus.WebApi.Tests.RecordPermanentDeleteHttpTests.GivenNativeSelectedOwnedCollection_WhenPermanentlyDeletingActiveOrTrash_ThenKeepCollectionAndProfileAuthority(String mode, Boolean trashed) in /tmp/cerberus-uc22-worktree/tests/Presentation/ArturRios.Cerberus.WebApi.Tests/RecordPermanentDeleteHttpTests.cs:line 57
   at ArturRios.Cerberus.WebApi.Tests.RecordPermanentDeleteHttpTests.GivenNativeSelectedOwnedCollection_WhenPermanentlyDeletingActiveOrTrash_ThenKeepCollectionAndProfileAuthority(String mode, Boolean trashed) in /tmp/cerberus-uc22-worktree/tests/Presentation/ArturRios.Cerberus.WebApi.Tests/RecordPermanentDeleteHttpTests.cs:line 59
--- End of stack trace from previous location ---
  Failed ArturRios.Cerberus.WebApi.Tests.RecordPermanentDeleteHttpTests.GivenNativeSelectedOwnedCollection_WhenPermanentlyDeletingActiveOrTrash_ThenKeepCollectionAndProfileAuthority(mode: "Master", trashed: True) [374 ms]
  Error Message:
   Assert.Equal() Failure: Values differ
Expected: OK
Actual:   NotFound
  Stack Trace:
     at ArturRios.Cerberus.WebApi.Tests.RecordPermanentDeleteHttpTests.Success[T](HttpResponseMessage r, Int32 status) in /tmp/cerberus-uc22-worktree/tests/Presentation/ArturRios.Cerberus.WebApi.Tests/RecordPermanentDeleteHttpTests.cs:line 189
   at ArturRios.Cerberus.WebApi.Tests.RecordPermanentDeleteHttpTests.GivenNativeSelectedOwnedCollection_WhenPermanentlyDeletingActiveOrTrash_ThenKeepCollectionAndProfileAuthority(String mode, Boolean trashed) in /tmp/cerberus-uc22-worktree/tests/Presentation/ArturRios.Cerberus.WebApi.Tests/RecordPermanentDeleteHttpTests.cs:line 57
   at ArturRios.Cerberus.WebApi.Tests.RecordPermanentDeleteHttpTests.GivenNativeSelectedOwnedCollection_WhenPermanentlyDeletingActiveOrTrash_ThenKeepCollectionAndProfileAuthority(String mode, Boolean trashed) in /tmp/cerberus-uc22-worktree/tests/Presentation/ArturRios.Cerberus.WebApi.Tests/RecordPermanentDeleteHttpTests.cs:line 59
--- End of stack trace from previous location ---
  Failed ArturRios.Cerberus.WebApi.Tests.RecordPermanentDeleteHttpTests.GivenRecordGuidAlsoUsedByFolderAndCollection_WhenPermanentlyDeleting_ThenKeepOtherKindsAndRejectRecreationAndLostSuccessRetry [91 ms]
  Error Message:
   Assert.Equal() Failure: Values differ
Expected: OK
Actual:   NotFound
  Stack Trace:
     at ArturRios.Cerberus.WebApi.Tests.RecordPermanentDeleteHttpTests.Success[T](HttpResponseMessage r, Int32 status) in /tmp/cerberus-uc22-worktree/tests/Presentation/ArturRios.Cerberus.WebApi.Tests/RecordPermanentDeleteHttpTests.cs:line 189
   at ArturRios.Cerberus.WebApi.Tests.RecordPermanentDeleteHttpTests.GivenRecordGuidAlsoUsedByFolderAndCollection_WhenPermanentlyDeleting_ThenKeepOtherKindsAndRejectRecreationAndLostSuccessRetry() in /tmp/cerberus-uc22-worktree/tests/Presentation/ArturRios.Cerberus.WebApi.Tests/RecordPermanentDeleteHttpTests.cs:line 73
   at ArturRios.Cerberus.WebApi.Tests.RecordPermanentDeleteHttpTests.GivenRecordGuidAlsoUsedByFolderAndCollection_WhenPermanentlyDeleting_ThenKeepOtherKindsAndRejectRecreationAndLostSuccessRetry() in /tmp/cerberus-uc22-worktree/tests/Presentation/ArturRios.Cerberus.WebApi.Tests/RecordPermanentDeleteHttpTests.cs:line 79
--- End of stack trace from previous location ---
  Failed ArturRios.Cerberus.WebApi.Tests.RecordPermanentDeleteHttpTests.GivenSelectedCollectionLinkRemovedAfterUnlock_WhenPermanentlyDeletingForeignTarget_Then404WithoutExpandingScope [224 ms]
  Error Message:
   System.Text.Json.JsonReaderException : The input does not contain any JSON tokens. Expected the input to start with a valid JSON token, when isFinalBlock is true. LineNumber: 0 | BytePositionInLine: 0.
  Stack Trace:
     at System.Text.Json.ThrowHelper.ThrowJsonReaderException(Utf8JsonReader& json, ExceptionResource resource, Byte nextByte, ReadOnlySpan`1 bytes)
   at System.Text.Json.Utf8JsonReader.Read()
   at System.Text.Json.JsonDocument.Parse(ReadOnlySpan`1 utf8JsonSpan, JsonReaderOptions readerOptions, MetadataDb& database, StackRowStack& stack)
   at System.Text.Json.JsonDocument.Parse(ReadOnlyMemory`1 utf8Json, JsonReaderOptions readerOptions, Byte[] extraRentedArrayPoolBytes, PooledByteBufferWriter extraPooledByteBufferWriter, Boolean allowDuplicateProperties)
   at System.Text.Json.JsonDocument.Parse(ReadOnlyMemory`1 json, JsonDocumentOptions options)
   at ArturRios.Cerberus.WebApi.Tests.RecordPermanentDeleteHttpTests.Failure(HttpResponseMessage r, Int32 status, String error) in /tmp/cerberus-uc22-worktree/tests/Presentation/ArturRios.Cerberus.WebApi.Tests/RecordPermanentDeleteHttpTests.cs:line 191
   at ArturRios.Cerberus.WebApi.Tests.RecordPermanentDeleteHttpTests.GivenSelectedCollectionLinkRemovedAfterUnlock_WhenPermanentlyDeletingForeignTarget_Then404WithoutExpandingScope() in /tmp/cerberus-uc22-worktree/tests/Presentation/ArturRios.Cerberus.WebApi.Tests/RecordPermanentDeleteHttpTests.cs:line 111
--- End of stack trace from previous location ---
  Failed ArturRios.Cerberus.WebApi.Tests.RecordPermanentDeleteHttpTests.GivenRawEmptyAccessHeader_WhenPermanentlyDeleting_Then400 [43 ms]
  Error Message:
   Assert.Equal() Failure: Values differ
Expected: 400
Actual:   404
  Stack Trace:
     at ArturRios.Cerberus.WebApi.Tests.RecordPermanentDeleteHttpTests.GivenRawEmptyAccessHeader_WhenPermanentlyDeleting_Then400() in /tmp/cerberus-uc22-worktree/tests/Presentation/ArturRios.Cerberus.WebApi.Tests/RecordPermanentDeleteHttpTests.cs:line 137
--- End of stack trace from previous location ---

Test Run Failed.
Total tests: 107
     Passed: 2
     Failed: 105
 Total time: 26.2565 Seconds
