Test run for /tmp/cerberus-uc17-worktree/tests/Infrastructure/ArturRios.Cerberus.Data.Tests/bin/Debug/net10.0/ArturRios.Cerberus.Data.Tests.dll (.NETCoreApp,Version=v10.0)
VSTest version 18.0.2 (x64)

Starting test execution, please wait...
A total of 1 test files matched the specified pattern.
/tmp/cerberus-uc17-worktree/tests/Infrastructure/ArturRios.Cerberus.Data.Tests/bin/Debug/net10.0/ArturRios.Cerberus.Data.Tests.dll
[xUnit.net 00:00:00.00] xUnit.net VSTest Adapter v4.0.0+05679a7ab5 (64-bit .NET 10.0.12)
[xUnit.net 00:00:00.14]   Discovering: ArturRios.Cerberus.Data.Tests
[xUnit.net 00:00:00.38]   Discovered:  ArturRios.Cerberus.Data.Tests
[xUnit.net 00:00:00.40]   Starting:    ArturRios.Cerberus.Data.Tests
[testcontainers.org 00:00:00.12] Connected to Docker:
  Host: unix:///var/run/docker.sock
  Server Version: 29.8.2
  Kernel Version: 7.0.0-34-generic
  API Version: 1.56
  Operating System: Ubuntu 26.04.1 LTS
  Total Memory: 31.34 GB
[testcontainers.org 00:00:00.39] Docker container a00db64df0a4 created
[testcontainers.org 00:00:00.43] Start Docker container a00db64df0a4
[testcontainers.org 00:00:00.58] Wait for Docker container a00db64df0a4 to complete readiness checks
[testcontainers.org 00:00:01.63] Docker container a00db64df0a4 ready
[testcontainers.org 00:00:01.83] Docker container f712d885f324 created
[testcontainers.org 00:00:01.84] Start Docker container f712d885f324
[testcontainers.org 00:00:01.97] Wait for Docker container f712d885f324 to complete readiness checks
[testcontainers.org 00:00:01.98] Execute "pg_isready --host localhost --dbname postgres --username postgres" at Docker container f712d885f324
[testcontainers.org 00:00:03.04] Execute "pg_isready --host localhost --dbname postgres --username postgres" at Docker container f712d885f324
[testcontainers.org 00:00:04.08] Execute "pg_isready --host localhost --dbname postgres --username postgres" at Docker container f712d885f324
[testcontainers.org 00:00:04.13] Docker container f712d885f324 ready
  Passed ArturRios.Cerberus.Data.Tests.RecordListStoreTests.GivenUnrelatedDeepFolderInventory_WhenListingOnePermittedRecord_ThenDoNotAdmitOrTraverseUnrelatedRows(selected: False, foreign: True, shared: False) [4 s]
  Standard Output Messages:
 [
   {
     "Plan": {
       "Node Type": "Result",
       "Parallel Aware": false,
       "Async Capable": false,
       "Startup Cost": 766.26,
       "Total Cost": 766.28,
       "Plan Rows": 1,
       "Plan Width": 77,
       "Actual Startup Time": 1.671,
       "Actual Total Time": 1.724,
       "Actual Rows": 1.00,
       "Actual Loops": 1,
       "Disabled": false,
       "Shared Hit Blocks": 28,
       "Shared Read Blocks": 0,
       "Shared Dirtied Blocks": 0,
       "Shared Written Blocks": 0,
       "Local Hit Blocks": 0,
       "Local Read Blocks": 0,
       "Local Dirtied Blocks": 0,
       "Local Written Blocks": 0,
       "Temp Read Blocks": 0,
       "Temp Written Blocks": 0,
       "Plans": [
         {
           "Node Type": "Index Scan",
           "Parent Relationship": "InitPlan",
           "Subplan Name": "CTE actor",
           "Parallel Aware": false,
           "Async Capable": false,
           "Scan Direction": "Forward",
           "Index Name": "ix_account_heimdall_public_id",
           "Relation Name": "account",
           "Alias": "a",
           "Startup Cost": 0.15,
           "Total Cost": 8.17,
           "Plan Rows": 1,
           "Plan Width": 149,
           "Actual Startup Time": 0.030,
           "Actual Total Time": 0.032,
           "Actual Rows": 1.00,
           "Actual Loops": 1,
           "Disabled": false,
           "Index Cond": "(heimdall_public_id = '29e46057-66fd-4caf-9a25-0bd47740f998'::uuid)",
           "Rows Removed by Index Recheck": 0,
           "Index Searches": 1,
           "Shared Hit Blocks": 2,
           "Shared Read Blocks": 0,
           "Shared Dirtied Blocks": 0,
           "Shared Written Blocks": 0,
           "Local Hit Blocks": 0,
           "Local Read Blocks": 0,
           "Local Dirtied Blocks": 0,
           "Local Written Blocks": 0,
           "Temp Read Blocks": 0,
           "Temp Written Blocks": 0
         },
         {
           "Node Type": "Nested Loop",
           "Parent Relationship": "InitPlan",
           "Subplan Name": "CTE session",
           "Parallel Aware": false,
           "Async Capable": false,
           "Join Type": "Anti",
           "Startup Cost": 8.34,
           "Total Cost": 16.40,
           "Plan Rows": 1,
           "Plan Width": 203,
           "Actual Startup Time": 0.636,
           "Actual Total Time": 0.643,
           "Actual Rows": 1.00,
           "Actual Loops": 1,
           "Disabled": false,
           "Inner Unique": false,
           "Shared Hit Blocks": 4,
           "Shared Read Blocks": 0,
           "Shared Dirtied Blocks": 0,
           "Shared Written Blocks": 0,
           "Local Hit Blocks": 0,
           "Local Read Blocks": 0,
           "Local Dirtied Blocks": 0,
           "Local Written Blocks": 0,
           "Temp Read Blocks": 0,
           "Temp Written Blocks": 0,
           "Plans": [
             {
               "Node Type": "Hash Join",
               "Parent Relationship": "Outer",
               "Parallel Aware": false,
               "Async Capable": false,
               "Join Type": "Inner",
               "Startup Cost": 8.19,
               "Total Cost": 8.22,
               "Plan Rows": 1,
               "Plan Width": 219,
               "Actual Startup Time": 0.049,
               "Actual Total Time": 0.055,
               "Actual Rows": 1.00,
               "Actual Loops": 1,
               "Disabled": false,
               "Inner Unique": true,
               "Hash Cond": "((a_1.id = s.account_id) AND (a_1.policy_revision = s.policy_revision) AND (a_1.revocation_generation = s.revocation_generation))",
               "Join Filter": "(CASE WHEN a_1.renewal_enabled THEN (s.expires_at > statement_timestamp()) ELSE (s.expires_at IS NULL) END AND ((s.profile_id IS NULL) OR (ANY ((s.profile_id = (hashed SubPlan 3).col1) AND (a_1.id = (hashed SubPlan 3).col2)))))",
               "Rows Removed by Join Filter": 0,
               "Shared Hit Blocks": 2,
               "Shared Read Blocks": 0,
               "Shared Dirtied Blocks": 0,
               "Shared Written Blocks": 0,
               "Local Hit Blocks": 0,
               "Local Read Blocks": 0,
               "Local Dirtied Blocks": 0,
               "Local Written Blocks": 0,
               "Temp Read Blocks": 0,
               "Temp Written Blocks": 0,
               "Plans": [
                 {
                   "Node Type": "CTE Scan",
                   "Parent Relationship": "Outer",
                   "Parallel Aware": false,
                   "Async Capable": false,
                   "CTE Name": "actor",
                   "Alias": "a_1",
                   "Startup Cost": 0.00,
                   "Total Cost": 0.02,
                   "Plan Rows": 1,
                   "Plan Width": 41,
                   "Actual Startup Time": 0.001,
                   "Actual Total Time": 0.003,
                   "Actual Rows": 1.00,
                   "Actual Loops": 1,
                   "Disabled": false,
                   "Filter": "(state = 0)",
                   "Rows Removed by Filter": 0,
                   "Storage": "Memory",
                   "Maximum Storage": 17,
                   "Shared Hit Blocks": 0,
                   "Shared Read Blocks": 0,
                   "Shared Dirtied Blocks": 0,
                   "Shared Written Blocks": 0,
                   "Local Hit Blocks": 0,
                   "Local Read Blocks": 0,
                   "Local Dirtied Blocks": 0,
                   "Local Written Blocks": 0,
                   "Temp Read Blocks": 0,
                   "Temp Written Blocks": 0
                 },
                 {
                   "Node Type": "Hash",
                   "Parent Relationship": "Inner",
                   "Parallel Aware": false,
                   "Async Capable": false,
                   "Startup Cost": 8.18,
                   "Total Cost": 8.18,
                   "Plan Rows": 1,
                   "Plan Width": 203,
                   "Actual Startup Time": 0.027,
                   "Actual Total Time": 0.029,
                   "Actual Rows": 1.00,
                   "Actual Loops": 1,
                   "Disabled": false,
                   "Hash Buckets": 1024,
                   "Original Hash Buckets": 1024,
                   "Hash Batches": 1,
                   "Original Hash Batches": 1,
                   "Peak Memory Usage": 9,
                   "Shared Hit Blocks": 2,
                   "Shared Read Blocks": 0,
                   "Shared Dirtied Blocks": 0,
                   "Shared Written Blocks": 0,
                   "Local Hit Blocks": 0,
                   "Local Read Blocks": 0,
                   "Local Dirtied Blocks": 0,
                   "Local Written Blocks": 0,
                   "Temp Read Blocks": 0,
                   "Temp Written Blocks": 0,
                   "Plans": [
                     {
                       "Node Type": "Index Scan",
                       "Parent Relationship": "Outer",
                       "Parallel Aware": false,
                       "Async Capable": false,
                       "Scan Direction": "Forward",
                       "Index Name": "ix_vault_access_session_handle_verifier",
                       "Relation Name": "vault_access_session",
                       "Alias": "s",
                       "Startup Cost": 0.15,
                       "Total Cost": 8.18,
                       "Plan Rows": 1,
                       "Plan Width": 203,
                       "Actual Startup Time": 0.018,
                       "Actual Total Time": 0.019,
                       "Actual Rows": 1.00,
                       "Actual Loops": 1,
                       "Disabled": false,
                       "Index Cond": "((handle_verifier)::text = 'c0dbda6d941b6477489455e82809a64679b6f86c012148619b9a94b2cf8b13ed'::text)",
                       "Rows Removed by Index Recheck": 0,
                       "Filter": "((NOT revoked) AND (policy_revision > 0) AND (revocation_generation > 0) AND (issued_at <= statement_timestamp()))",
                       "Rows Removed by Filter": 0,
                       "Index Searches": 1,
                       "Shared Hit Blocks": 2,
                       "Shared Read Blocks": 0,
                       "Shared Dirtied Blocks": 0,
                       "Shared Written Blocks": 0,
                       "Local Hit Blocks": 0,
                       "Local Read Blocks": 0,
                       "Local Dirtied Blocks": 0,
                       "Local Written Blocks": 0,
                       "Temp Read Blocks": 0,
                       "Temp Written Blocks": 0
                     }
                   ]
                 },
                 {
                   "Node Type": "Nested Loop",
                   "Parent Relationship": "SubPlan",
                   "Subplan Name": "SubPlan 3",
                   "Parallel Aware": false,
                   "Async Capable": false,
                   "Join Type": "Anti",
                   "Startup Cost": 0.15,
                   "Total Cost": 26.86,
                   "Plan Rows": 1,
                   "Plan Width": 16,
                   "Actual Startup Time": 0.000,
                   "Actual Total Time": 0.000,
                   "Actual Rows": 0,
                   "Actual Loops": 0,
                   "Disabled": false,
                   "Inner Unique": false,
                   "Shared Hit Blocks": 0,
                   "Shared Read Blocks": 0,
                   "Shared Dirtied Blocks": 0,
                   "Shared Written Blocks": 0,
                   "Local Hit Blocks": 0,
                   "Local Read Blocks": 0,
                   "Local Dirtied Blocks": 0,
                   "Local Written Blocks": 0,
                   "Temp Read Blocks": 0,
                   "Temp Written Blocks": 0,
                   "Plans": [
                     {
                       "Node Type": "Seq Scan",
                       "Parent Relationship": "Outer",
                       "Parallel Aware": false,
                       "Async Capable": false,
                       "Relation Name": "profile",
                       "Alias": "p",
                       "Startup Cost": 0.00,
                       "Total Cost": 14.50,
                       "Plan Rows": 2,
                       "Plan Width": 32,
                       "Actual Startup Time": 0.000,
                       "Actual Total Time": 0.000,
                       "Actual Rows": 0,
                       "Actual Loops": 0,
                       "Disabled": false,
                       "Filter": "(deleted_at IS NULL)",
                       "Rows Removed by Filter": 0,
                       "Shared Hit Blocks": 0,
                       "Shared Read Blocks": 0,
                       "Shared Dirtied Blocks": 0,
                       "Shared Written Blocks": 0,
                       "Local Hit Blocks": 0,
                       "Local Read Blocks": 0,
                       "Local Dirtied Blocks": 0,
                       "Local Written Blocks": 0,
                       "Temp Read Blocks": 0,
                       "Temp Written Blocks": 0
                     },
                     {
                       "Node Type": "Index Only Scan",
                       "Parent Relationship": "Inner",
                       "Parallel Aware": false,
                       "Async Capable": false,
                       "Scan Direction": "Forward",
                       "Index Name": "ix_terminal_erasure_resource_id",
                       "Relation Name": "terminal_erasure",
                       "Alias": "e",
                       "Startup Cost": 0.15,
                       "Total Cost": 6.17,
                       "Plan Rows": 1,
                       "Plan Width": 16,
                       "Actual Startup Time": 0.000,
                       "Actual Total Time": 0.000,
                       "Actual Rows": 0,
                       "Actual Loops": 0,
                       "Disabled": false,
                       "Index Cond": "(resource_id = p.public_id)",
                       "Rows Removed by Index Recheck": 0,
                       "Heap Fetches": 0,
                       "Index Searches": 0,
                       "Shared Hit Blocks": 0,
                       "Shared Read Blocks": 0,
                       "Shared Dirtied Blocks": 0,
                       "Shared Written Blocks": 0,
                       "Local Hit Blocks": 0,
                       "Local Read Blocks": 0,
                       "Local Dirtied Blocks": 0,
                       "Local Written Blocks": 0,
                       "Temp Read Blocks": 0,
                       "Temp Written Blocks": 0
                     }
                   ]
                 }
               ]
             },
             {
               "Node Type": "Index Only Scan",
               "Parent Relationship": "Inner",
               "Parallel Aware": false,
               "Async Capable": false,
               "Scan Direction": "Forward",
               "Index Name": "ix_terminal_erasure_resource_id",
               "Relation Name": "terminal_erasure",
               "Alias": "e_1",
               "Startup Cost": 0.15,
               "Total Cost": 8.17,
               "Plan Rows": 1,
               "Plan Width": 16,
               "Actual Startup Time": 0.582,
               "Actual Total Time": 0.582,
               "Actual Rows": 0.00,
               "Actual Loops": 1,
               "Disabled": false,
               "Index Cond": "(resource_id = a_1.public_id)",
               "Rows Removed by Index Recheck": 0,
               "Heap Fetches": 0,
               "Index Searches": 1,
               "Shared Hit Blocks": 2,
               "Shared Read Blocks": 0,
               "Shared Dirtied Blocks": 0,
               "Shared Written Blocks": 0,
               "Local Hit Blocks": 0,
               "Local Read Blocks": 0,
               "Local Dirtied Blocks": 0,
               "Local Written Blocks": 0,
               "Temp Read Blocks": 0,
               "Temp Written Blocks": 0
             }
           ]
         },
         {
           "Node Type": "Nested Loop",
           "Parent Relationship": "InitPlan",
           "Subplan Name": "CTE collections",
           "Parallel Aware": false,
           "Async Capable": false,
           "Join Type": "Anti",
           "Startup Cost": 2.47,
           "Total Cost": 61.36,
           "Plan Rows": 1,
           "Plan Width": 136,
           "Actual Startup Time": 0.007,
           "Actual Total Time": 0.011,
           "Actual Rows": 0.00,
           "Actual Loops": 1,
           "Disabled": false,
           "Inner Unique": false,
           "Shared Hit Blocks": 0,
           "Shared Read Blocks": 0,
           "Shared Dirtied Blocks": 0,
           "Shared Written Blocks": 0,
           "Local Hit Blocks": 0,
           "Local Read Blocks": 0,
           "Local Dirtied Blocks": 0,
           "Local Written Blocks": 0,
           "Temp Read Blocks": 0,
           "Temp Written Blocks": 0,
           "Plans": [
             {
               "Node Type": "Nested Loop",
               "Parent Relationship": "Outer",
               "Parallel Aware": false,
               "Async Capable": false,
               "Join Type": "Left",
               "Startup Cost": 0.30,
               "Total Cost": 55.62,
               "Plan Rows": 1,
               "Plan Width": 152,
               "Actual Startup Time": 0.006,
               "Actual Total Time": 0.009,
               "Actual Rows": 0.00,
               "Actual Loops": 1,
               "Disabled": false,
               "Inner Unique": false,
               "Filter": "((c.account_id = s_1.account_id) OR (g.id IS NOT NULL))",
               "Rows Removed by Filter": 0,
               "Shared Hit Blocks": 0,
               "Shared Read Blocks": 0,
               "Shared Dirtied Blocks": 0,
               "Shared Written Blocks": 0,
               "Local Hit Blocks": 0,
               "Local Read Blocks": 0,
               "Local Dirtied Blocks": 0,
               "Local Written Blocks": 0,
               "Temp Read Blocks": 0,
               "Temp Written Blocks": 0,
               "Plans": [
                 {
                   "Node Type": "Nested Loop",
                   "Parent Relationship": "Outer",
                   "Parallel Aware": false,
                   "Async Capable": false,
                   "Join Type": "Inner",
                   "Startup Cost": 0.00,
                   "Total Cost": 39.25,
                   "Plan Rows": 1,
                   "Plan Width": 152,
                   "Actual Startup Time": 0.005,
                   "Actual Total Time": 0.008,
                   "Actual Rows": 0.00,
                   "Actual Loops": 1,
                   "Disabled": false,
                   "Inner Unique": false,
                   "Join Filter": "((s_1.profile_id IS NULL) OR EXISTS(SubPlan 5))",
                   "Rows Removed by Join Filter": 0,
                   "Shared Hit Blocks": 0,
                   "Shared Read Blocks": 0,
                   "Shared Dirtied Blocks": 0,
                   "Shared Written Blocks": 0,
                   "Local Hit Blocks": 0,
                   "Local Read Blocks": 0,
                   "Local Dirtied Blocks": 0,
                   "Local Written Blocks": 0,
                   "Temp Read Blocks": 0,
                   "Temp Written Blocks": 0,
                   "Plans": [
                     {
                       "Node Type": "Nested Loop",
                       "Parent Relationship": "Outer",
                       "Parallel Aware": false,
                       "Async Capable": false,
                       "Join Type": "Inner",
                       "Startup Cost": 0.00,
                       "Total Cost": 31.05,
                       "Plan Rows": 1,
                       "Plan Width": 144,
                       "Actual Startup Time": 0.005,
                       "Actual Total Time": 0.006,
                       "Actual Rows": 0.00,
                       "Actual Loops": 1,
                       "Disabled": false,
                       "Inner Unique": true,
                       "Join Filter": "(c.account_id = owner.id)",
                       "Rows Removed by Join Filter": 0,
                       "Shared Hit Blocks": 0,
                       "Shared Read Blocks": 0,
                       "Shared Dirtied Blocks": 0,
                       "Shared Written Blocks": 0,
                       "Local Hit Blocks": 0,
                       "Local Read Blocks": 0,
                       "Local Dirtied Blocks": 0,
                       "Local Written Blocks": 0,
                       "Temp Read Blocks": 0,
                       "Temp Written Blocks": 0,
                       "Plans": [
                         {
                           "Node Type": "Seq Scan",
                           "Parent Relationship": "Outer",
                           "Parallel Aware": false,
                           "Async Capable": false,
                           "Relation Name": "collection",
                           "Alias": "c",
                           "Startup Cost": 0.00,
                           "Total Cost": 15.20,
                           "Plan Rows": 3,
                           "Plan Width": 128,
                           "Actual Startup Time": 0.004,
                           "Actual Total Time": 0.004,
                           "Actual Rows": 0.00,
                           "Actual Loops": 1,
                           "Disabled": false,
                           "Filter": "(deleted_at IS NULL)",
                           "Rows Removed by Filter": 0,
                           "Shared Hit Blocks": 0,
                           "Shared Read Blocks": 0,
                           "Shared Dirtied Blocks": 0,
                           "Shared Written Blocks": 0,
                           "Local Hit Blocks": 0,
                           "Local Read Blocks": 0,
                           "Local Dirtied Blocks": 0,
                           "Local Written Blocks": 0,
                           "Temp Read Blocks": 0,
                           "Temp Written Blocks": 0
                         },
                         {
                           "Node Type": "Materialize",
                           "Parent Relationship": "Inner",
                           "Parallel Aware": false,
                           "Async Capable": false,
                           "Startup Cost": 0.00,
                           "Total Cost": 15.76,
                           "Plan Rows": 2,
                           "Plan Width": 24,
                           "Actual Startup Time": 0.000,
                           "Actual Total Time": 0.000,
                           "Actual Rows": 0,
                           "Actual Loops": 0,
                           "Disabled": false,
                           "Shared Hit Blocks": 0,
                           "Shared Read Blocks": 0,
                           "Shared Dirtied Blocks": 0,
                           "Shared Written Blocks": 0,
                           "Local Hit Blocks": 0,
                           "Local Read Blocks": 0,
                           "Local Dirtied Blocks": 0,
                           "Local Written Blocks": 0,
                           "Temp Read Blocks": 0,
                           "Temp Written Blocks": 0,
                           "Plans": [
                             {
                               "Node Type": "Seq Scan",
                               "Parent Relationship": "Outer",
                               "Parallel Aware": false,
                               "Async Capable": false,
                               "Relation Name": "account",
                               "Alias": "owner",
                               "Startup Cost": 0.00,
                               "Total Cost": 15.75,
                               "Plan Rows": 2,
                               "Plan Width": 24,
                               "Actual Startup Time": 0.000,
                               "Actual Total Time": 0.000,
                               "Actual Rows": 0,
                               "Actual Loops": 0,
                               "Disabled": false,
                               "Filter": "(state = 0)",
                               "Rows Removed by Filter": 0,
                               "Shared Hit Blocks": 0,
                               "Shared Read Blocks": 0,
                               "Shared Dirtied Blocks": 0,
                               "Shared Written Blocks": 0,
                               "Local Hit Blocks": 0,
                               "Local Read Blocks": 0,
                               "Local Dirtied Blocks": 0,
                               "Local Written Blocks": 0,
                               "Temp Read Blocks": 0,
                               "Temp Written Blocks": 0
                             }
                           ]
                         }
                       ]
                     },
                     {
                       "Node Type": "CTE Scan",
                       "Parent Relationship": "Inner",
                       "Parallel Aware": false,
                       "Async Capable": false,
                       "CTE Name": "session",
                       "Alias": "s_1",
                       "Startup Cost": 0.00,
                       "Total Cost": 0.02,
                       "Plan Rows": 1,
                       "Plan Width": 16,
                       "Actual Startup Time": 0.000,
                       "Actual Total Time": 0.000,
                       "Actual Rows": 0,
                       "Actual Loops": 0,
                       "Disabled": false,
                       "Storage": "Memory",
                       "Maximum Storage": 17,
                       "Shared Hit Blocks": 0,
                       "Shared Read Blocks": 0,
                       "Shared Dirtied Blocks": 0,
                       "Shared Written Blocks": 0,
                       "Local Hit Blocks": 0,
                       "Local Read Blocks": 0,
                       "Local Dirtied Blocks": 0,
                       "Local Written Blocks": 0,
                       "Temp Read Blocks": 0,
                       "Temp Written Blocks": 0
                     },
                     {
                       "Node Type": "Index Only Scan",
                       "Parent Relationship": "SubPlan",
                       "Subplan Name": "SubPlan 5",
                       "Parallel Aware": false,
                       "Async Capable": false,
                       "Scan Direction": "Forward",
                       "Index Name": "pk_profile_collection",
                       "Relation Name": "profile_collection",
                       "Alias": "pc",
                       "Startup Cost": 0.15,
                       "Total Cost": 8.17,
                       "Plan Rows": 1,
                       "Plan Width": 0,
                       "Actual Startup Time": 0.000,
                       "Actual Total Time": 0.000,
                       "Actual Rows": 0,
                       "Actual Loops": 0,
                       "Disabled": false,
                       "Index Cond": "((profile_id = s_1.profile_id) AND (collection_id = c.id))",
                       "Rows Removed by Index Recheck": 0,
                       "Heap Fetches": 0,
                       "Index Searches": 0,
                       "Shared Hit Blocks": 0,
                       "Shared Read Blocks": 0,
                       "Shared Dirtied Blocks": 0,
                       "Shared Written Blocks": 0,
                       "Local Hit Blocks": 0,
                       "Local Read Blocks": 0,
                       "Local Dirtied Blocks": 0,
                       "Local Written Blocks": 0,
                       "Temp Read Blocks": 0,
                       "Temp Written Blocks": 0
                     }
                   ]
                 },
                 {
                   "Node Type": "Nested Loop",
                   "Parent Relationship": "Inner",
                   "Parallel Aware": false,
                   "Async Capable": false,
                   "Join Type": "Anti",
                   "Startup Cost": 0.30,
                   "Total Cost": 16.36,
                   "Plan Rows": 1,
                   "Plan Width": 24,
                   "Actual Startup Time": 0.000,
                   "Actual Total Time": 0.000,
                   "Actual Rows": 0,
                   "Actual Loops": 0,
                   "Disabled": false,
                   "Inner Unique": false,
                   "Shared Hit Blocks": 0,
                   "Shared Read Blocks": 0,
                   "Shared Dirtied Blocks": 0,
                   "Shared Written Blocks": 0,
                   "Local Hit Blocks": 0,
                   "Local Read Blocks": 0,
                   "Local Dirtied Blocks": 0,
                   "Local Written Blocks": 0,
                   "Temp Read Blocks": 0,
                   "Temp Written Blocks": 0,
                   "Plans": [
                     {
                       "Node Type": "Index Scan",
                       "Parent Relationship": "Outer",
                       "Parallel Aware": false,
                       "Async Capable": false,
                       "Scan Direction": "Forward",
                       "Index Name": "ix_collection_grant_collection_id_recipient_account_id",
                       "Relation Name": "collection_grant",
                       "Alias": "g",
                       "Startup Cost": 0.15,
                       "Total Cost": 8.18,
                       "Plan Rows": 1,
                       "Plan Width": 40,
                       "Actual Startup Time": 0.000,
                       "Actual Total Time": 0.000,
                       "Actual Rows": 0,
                       "Actual Loops": 0,
                       "Disabled": false,
                       "Index Cond": "((collection_id = c.id) AND (recipient_account_id = s_1.account_id))",
                       "Rows Removed by Index Recheck": 0,
                       "Filter": "((access = ANY ('{0,1}'::integer[])) AND (revision > 0) AND (revision <= '9007199254740991'::bigint) AND (state = 0))",
                       "Rows Removed by Filter": 0,
                       "Index Searches": 0,
                       "Shared Hit Blocks": 0,
                       "Shared Read Blocks": 0,
                       "Shared Dirtied Blocks": 0,
                       "Shared Written Blocks": 0,
                       "Local Hit Blocks": 0,
                       "Local Read Blocks": 0,
                       "Local Dirtied Blocks": 0,
                       "Local Written Blocks": 0,
                       "Temp Read Blocks": 0,
                       "Temp Written Blocks": 0
                     },
                     {
                       "Node Type": "Index Only Scan",
                       "Parent Relationship": "Inner",
                       "Parallel Aware": false,
                       "Async Capable": false,
                       "Scan Direction": "Forward",
                       "Index Name": "ix_terminal_erasure_resource_id",
                       "Relation Name": "terminal_erasure",
                       "Alias": "e_2",
                       "Startup Cost": 0.15,
                       "Total Cost": 8.17,
                       "Plan Rows": 1,
                       "Plan Width": 16,
                       "Actual Startup Time": 0.000,
                       "Actual Total Time": 0.000,
                       "Actual Rows": 0,
                       "Actual Loops": 0,
                       "Disabled": false,
                       "Index Cond": "(resource_id = g.public_id)",
                       "Rows Removed by Index Recheck": 0,
                       "Heap Fetches": 0,
                       "Index Searches": 0,
                       "Shared Hit Blocks": 0,
                       "Shared Read Blocks": 0,
                       "Shared Dirtied Blocks": 0,
                       "Shared Written Blocks": 0,
                       "Local Hit Blocks": 0,
                       "Local Read Blocks": 0,
                       "Local Dirtied Blocks": 0,
                       "Local Written Blocks": 0,
                       "Temp Read Blocks": 0,
                       "Temp Written Blocks": 0
                     }
                   ]
                 }
               ]
             },
             {
               "Node Type": "Bitmap Heap Scan",
               "Parent Relationship": "Inner",
               "Parallel Aware": false,
               "Async Capable": false,
               "Relation Name": "terminal_erasure",
               "Alias": "e_3",
               "Startup Cost": 2.17,
               "Total Cost": 7.51,
               "Plan Rows": 2,
               "Plan Width": 16,
               "Actual Startup Time": 0.000,
               "Actual Total Time": 0.000,
               "Actual Rows": 0,
               "Actual Loops": 0,
               "Disabled": false,
               "Recheck Cond": "((resource_id = owner.public_id) OR (resource_id = c.public_id))",
               "Rows Removed by Index Recheck": 0,
               "Exact Heap Blocks": 0,
               "Lossy Heap Blocks": 0,
               "Shared Hit Blocks": 0,
               "Shared Read Blocks": 0,
               "Shared Dirtied Blocks": 0,
               "Shared Written Blocks": 0,
               "Local Hit Blocks": 0,
               "Local Read Blocks": 0,
               "Local Dirtied Blocks": 0,
               "Local Written Blocks": 0,
               "Temp Read Blocks": 0,
               "Temp Written Blocks": 0,
               "Plans": [
                 {
                   "Node Type": "Bitmap Index Scan",
                   "Parent Relationship": "Outer",
                   "Parallel Aware": false,
                   "Async Capable": false,
                   "Index Name": "ix_terminal_erasure_resource_id",
                   "Startup Cost": 0.00,
                   "Total Cost": 2.17,
                   "Plan Rows": 2,
                   "Plan Width": 0,
                   "Actual Startup Time": 0.000,
                   "Actual Total Time": 0.000,
                   "Actual Rows": 0,
                   "Actual Loops": 0,
                   "Disabled": false,
                   "Index Cond": "(resource_id = ANY (ARRAY[owner.public_id, c.public_id]))",
                   "Index Searches": 0,
                   "Shared Hit Blocks": 0,
                   "Shared Read Blocks": 0,
                   "Shared Dirtied Blocks": 0,
                   "Shared Written Blocks": 0,
                   "Local Hit Blocks": 0,
                   "Local Read Blocks": 0,
                   "Local Dirtied Blocks": 0,
                   "Local Written Blocks": 0,
                   "Temp Read Blocks": 0,
                   "Temp Written Blocks": 0
                 }
               ]
             }
           ]
         },
         {
           "Node Type": "Recursive Union",
           "Parent Relationship": "InitPlan",
           "Subplan Name": "CTE reachable",
           "Parallel Aware": false,
           "Async Capable": false,
           "Startup Cost": 16.62,
           "Total Cost": 248.24,
           "Plan Rows": 11,
           "Plan Width": 16,
           "Actual Startup Time": 0.069,
           "Actual Total Time": 0.077,
           "Actual Rows": 0.00,
           "Actual Loops": 1,
           "Disabled": false,
           "Storage": "Memory",
           "Maximum Storage": 33,
           "Shared Hit Blocks": 4,
           "Shared Read Blocks": 0,
           "Shared Dirtied Blocks": 0,
           "Shared Written Blocks": 0,
           "Local Hit Blocks": 0,
           "Local Read Blocks": 0,
           "Local Dirtied Blocks": 0,
           "Local Written Blocks": 0,
           "Temp Read Blocks": 0,
           "Temp Written Blocks": 0,
           "Plans": [
             {
               "Node Type": "Nested Loop",
               "Parent Relationship": "Outer",
               "Parallel Aware": false,
               "Async Capable": false,
               "Join Type": "Anti",
               "Startup Cost": 16.62,
               "Total Cost": 37.20,
               "Plan Rows": 1,
               "Plan Width": 16,
               "Actual Startup Time": 0.045,
               "Actual Total Time": 0.051,
               "Actual Rows": 0.00,
               "Actual Loops": 1,
               "Disabled": false,
               "Inner Unique": false,
               "Shared Hit Blocks": 2,
               "Shared Read Blocks": 0,
               "Shared Dirtied Blocks": 0,
               "Shared Written Blocks": 0,
               "Local Hit Blocks": 0,
               "Local Read Blocks": 0,
               "Local Dirtied Blocks": 0,
               "Local Written Blocks": 0,
               "Temp Read Blocks": 0,
               "Temp Written Blocks": 0,
               "Plans": [
                 {
                   "Node Type": "Hash Join",
                   "Parent Relationship": "Outer",
                   "Parallel Aware": false,
                   "Async Capable": false,
                   "Join Type": "Inner",
                   "Startup Cost": 16.47,
                   "Total Cost": 31.69,
                   "Plan Rows": 1,
                   "Plan Width": 32,
                   "Actual Startup Time": 0.045,
                   "Actual Total Time": 0.050,
                   "Actual Rows": 0.00,
                   "Actual Loops": 1,
                   "Disabled": false,
                   "Inner Unique": true,
                   "Hash Cond": "((f.account_id = pf.account_id) AND (f.id = pf.folder_id))",
                   "Shared Hit Blocks": 2,
                   "Shared Read Blocks": 0,
                   "Shared Dirtied Blocks": 0,
                   "Shared Written Blocks": 0,
                   "Local Hit Blocks": 0,
                   "Local Read Blocks": 0,
                   "Local Dirtied Blocks": 0,
                   "Local Written Blocks": 0,
                   "Temp Read Blocks": 0,
                   "Temp Written Blocks": 0,
                   "Plans": [
                     {
                       "Node Type": "Seq Scan",
                       "Parent Relationship": "Outer",
                       "Parallel Aware": false,
                       "Async Capable": false,
                       "Relation Name": "folder",
                       "Alias": "f",
                       "Startup Cost": 0.00,
                       "Total Cost": 15.20,
                       "Plan Rows": 3,
                       "Plan Width": 32,
                       "Actual Startup Time": 0.011,
                       "Actual Total Time": 0.011,
                       "Actual Rows": 1.00,
                       "Actual Loops": 1,
                       "Disabled": false,
                       "Filter": "(deleted_at IS NULL)",
                       "Rows Removed by Filter": 0,
                       "Shared Hit Blocks": 2,
                       "Shared Read Blocks": 0,
                       "Shared Dirtied Blocks": 0,
                       "Shared Written Blocks": 0,
                       "Local Hit Blocks": 0,
                       "Local Read Blocks": 0,
                       "Local Dirtied Blocks": 0,
                       "Local Written Blocks": 0,
                       "Temp Read Blocks": 0,
                       "Temp Written Blocks": 0
                     },
                     {
                       "Node Type": "Hash",
                       "Parent Relationship": "Inner",
                       "Parallel Aware": false,
                       "Async Capable": false,
                       "Startup Cost": 16.44,
                       "Total Cost": 16.44,
                       "Plan Rows": 2,
                       "Plan Width": 16,
                       "Actual Startup Time": 0.024,
                       "Actual Total Time": 0.027,
                       "Actual Rows": 0.00,
                       "Actual Loops": 1,
                       "Disabled": false,
                       "Hash Buckets": 1024,
                       "Original Hash Buckets": 1024,
                       "Hash Batches": 1,
                       "Original Hash Batches": 1,
                       "Peak Memory Usage": 8,
                       "Shared Hit Blocks": 0,
                       "Shared Read Blocks": 0,
                       "Shared Dirtied Blocks": 0,
                       "Shared Written Blocks": 0,
                       "Local Hit Blocks": 0,
                       "Local Read Blocks": 0,
                       "Local Dirtied Blocks": 0,
                       "Local Written Blocks": 0,
                       "Temp Read Blocks": 0,
                       "Temp Written Blocks": 0,
                       "Plans": [
                         {
                           "Node Type": "Unique",
                           "Parent Relationship": "Outer",
                           "Parallel Aware": false,
                           "Async Capable": false,
                           "Startup Cost": 16.43,
                           "Total Cost": 16.44,
                           "Plan Rows": 2,
                           "Plan Width": 16,
                           "Actual Startup Time": 0.023,
                           "Actual Total Time": 0.027,
                           "Actual Rows": 0.00,
                           "Actual Loops": 1,
                           "Disabled": false,
                           "Shared Hit Blocks": 0,
                           "Shared Read Blocks": 0,
                           "Shared Dirtied Blocks": 0,
                           "Shared Written Blocks": 0,
                           "Local Hit Blocks": 0,
                           "Local Read Blocks": 0,
                           "Local Dirtied Blocks": 0,
                           "Local Written Blocks": 0,
                           "Temp Read Blocks": 0,
                           "Temp Written Blocks": 0,
                           "Plans": [
                             {
                               "Node Type": "Sort",
                               "Parent Relationship": "Outer",
                               "Parallel Aware": false,
                               "Async Capable": false,
                               "Startup Cost": 16.43,
                               "Total Cost": 16.43,
                               "Plan Rows": 2,
                               "Plan Width": 16,
                               "Actual Startup Time": 0.023,
                               "Actual Total Time": 0.026,
                               "Actual Rows": 0.00,
                               "Actual Loops": 1,
                               "Disabled": false,
                               "Sort Key": ["pf.account_id", "pf.folder_id"],
                               "Sort Method": "quicksort",
                               "Sort Space Used": 25,
                               "Sort Space Type": "Memory",
                               "Shared Hit Blocks": 0,
                               "Shared Read Blocks": 0,
                               "Shared Dirtied Blocks": 0,
                               "Shared Written Blocks": 0,
                               "Local Hit Blocks": 0,
                               "Local Read Blocks": 0,
                               "Local Dirtied Blocks": 0,
                               "Local Written Blocks": 0,
                               "Temp Read Blocks": 0,
                               "Temp Written Blocks": 0,
                               "Plans": [
                                 {
                                   "Node Type": "Append",
                                   "Parent Relationship": "Outer",
                                   "Parallel Aware": false,
                                   "Async Capable": false,
                                   "Startup Cost": 0.15,
                                   "Total Cost": 16.41,
                                   "Plan Rows": 2,
                                   "Plan Width": 16,
                                   "Actual Startup Time": 0.012,
                                   "Actual Total Time": 0.015,
                                   "Actual Rows": 0.00,
                                   "Actual Loops": 1,
                                   "Disabled": false,
                                   "Shared Hit Blocks": 0,
                                   "Shared Read Blocks": 0,
                                   "Shared Dirtied Blocks": 0,
                                   "Shared Written Blocks": 0,
                                   "Local Hit Blocks": 0,
                                   "Local Read Blocks": 0,
                                   "Local Dirtied Blocks": 0,
                                   "Local Written Blocks": 0,
                                   "Temp Read Blocks": 0,
                                   "Temp Written Blocks": 0,
                                   "Subplans Removed": 0,
                                   "Plans": [
                                     {
                                       "Node Type": "Nested Loop",
                                       "Parent Relationship": "Member",
                                       "Parallel Aware": false,
                                       "Async Capable": false,
                                       "Join Type": "Inner",
                                       "Startup Cost": 0.15,
                                       "Total Cost": 8.20,
                                       "Plan Rows": 1,
                                       "Plan Width": 16,
                                       "Actual Startup Time": 0.010,
                                       "Actual Total Time": 0.011,
                                       "Actual Rows": 0.00,
                                       "Actual Loops": 1,
                                       "Disabled": false,
                                       "Inner Unique": false,
                                       "Shared Hit Blocks": 0,
                                       "Shared Read Blocks": 0,
                                       "Shared Dirtied Blocks": 0,
                                       "Shared Written Blocks": 0,
                                       "Local Hit Blocks": 0,
                                       "Local Read Blocks": 0,
                                       "Local Dirtied Blocks": 0,
                                       "Local Written Blocks": 0,
                                       "Temp Read Blocks": 0,
                                       "Temp Written Blocks": 0,
                                       "Plans": [
                                         {
                                           "Node Type": "CTE Scan",
                                           "Parent Relationship": "Outer",
                                           "Parallel Aware": false,
                                           "Async Capable": false,
                                           "CTE Name": "session",
                                           "Alias": "s_2",
                                           "Startup Cost": 0.00,
                                           "Total Cost": 0.02,
                                           "Plan Rows": 1,
                                           "Plan Width": 16,
                                           "Actual Startup Time": 0.000,
                                           "Actual Total Time": 0.001,
                                           "Actual Rows": 1.00,
                                           "Actual Loops": 1,
                                           "Disabled": false,
                                           "Storage": "Memory",
                                           "Maximum Storage": 17,
                                           "Shared Hit Blocks": 0,
                                           "Shared Read Blocks": 0,
                                           "Shared Dirtied Blocks": 0,
                                           "Shared Written Blocks": 0,
                                           "Local Hit Blocks": 0,
                                           "Local Read Blocks": 0,
                                           "Local Dirtied Blocks": 0,
                                           "Local Written Blocks": 0,
                                           "Temp Read Blocks": 0,
                                           "Temp Written Blocks": 0
                                         },
                                         {
                                           "Node Type": "Index Scan",
                                           "Parent Relationship": "Inner",
                                           "Parallel Aware": false,
                                           "Async Capable": false,
                                           "Scan Direction": "Forward",
                                           "Index Name": "ix_profile_folder_account_id_profile_id",
                                           "Relation Name": "profile_folder",
                                           "Alias": "pf",
                                           "Startup Cost": 0.15,
                                           "Total Cost": 8.17,
                                           "Plan Rows": 1,
                                           "Plan Width": 24,
                                           "Actual Startup Time": 0.006,
                                           "Actual Total Time": 0.006,
                                           "Actual Rows": 0.00,
                                           "Actual Loops": 1,
                                           "Disabled": false,
                                           "Index Cond": "((account_id = s_2.account_id) AND (profile_id = s_2.profile_id))",
                                           "Rows Removed by Index Recheck": 0,
                                           "Index Searches": 0,
                                           "Shared Hit Blocks": 0,
                                           "Shared Read Blocks": 0,
                                           "Shared Dirtied Blocks": 0,
                                           "Shared Written Blocks": 0,
                                           "Local Hit Blocks": 0,
                                           "Local Read Blocks": 0,
                                           "Local Dirtied Blocks": 0,
                                           "Local Written Blocks": 0,
                                           "Temp Read Blocks": 0,
                                           "Temp Written Blocks": 0
                                         }
                                       ]
                                     },
                                     {
                                       "Node Type": "Nested Loop",
                                       "Parent Relationship": "Member",
                                       "Parallel Aware": false,
                                       "Async Capable": false,
                                       "Join Type": "Inner",
                                       "Startup Cost": 0.15,
                                       "Total Cost": 8.20,
                                       "Plan Rows": 1,
                                       "Plan Width": 16,
                                       "Actual Startup Time": 0.001,
                                       "Actual Total Time": 0.002,
                                       "Actual Rows": 0.00,
                                       "Actual Loops": 1,
                                       "Disabled": false,
                                       "Inner Unique": false,
                                       "Shared Hit Blocks": 0,
                                       "Shared Read Blocks": 0,
                                       "Shared Dirtied Blocks": 0,
                                       "Shared Written Blocks": 0,
                                       "Local Hit Blocks": 0,
                                       "Local Read Blocks": 0,
                                       "Local Dirtied Blocks": 0,
                                       "Local Written Blocks": 0,
                                       "Temp Read Blocks": 0,
                                       "Temp Written Blocks": 0,
                                       "Plans": [
                                         {
                                           "Node Type": "CTE Scan",
                                           "Parent Relationship": "Outer",
                                           "Parallel Aware": false,
                                           "Async Capable": false,
                                           "CTE Name": "collections",
                                           "Alias": "c_1",
                                           "Startup Cost": 0.00,
                                           "Total Cost": 0.02,
                                           "Plan Rows": 1,
                                           "Plan Width": 16,
                                           "Actual Startup Time": 0.001,
                                           "Actual Total Time": 0.001,
                                           "Actual Rows": 0.00,
                                           "Actual Loops": 1,
                                           "Disabled": false,
                                           "Storage": "Memory",
                                           "Maximum Storage": 17,
                                           "Shared Hit Blocks": 0,
                                           "Shared Read Blocks": 0,
                                           "Shared Dirtied Blocks": 0,
                                           "Shared Written Blocks": 0,
                                           "Local Hit Blocks": 0,
                                           "Local Read Blocks": 0,
                                           "Local Dirtied Blocks": 0,
                                           "Local Written Blocks": 0,
                                           "Temp Read Blocks": 0,
                                           "Temp Written Blocks": 0
                                         },
                                         {
                                           "Node Type": "Index Scan",
                                           "Parent Relationship": "Inner",
                                           "Parallel Aware": false,
                                           "Async Capable": false,
                                           "Scan Direction": "Forward",
                                           "Index Name": "ix_collection_folder_account_id_collection_id",
                                           "Relation Name": "collection_folder",
                                           "Alias": "cf",
                                           "Startup Cost": 0.15,
                                           "Total Cost": 8.17,
                                           "Plan Rows": 1,
                                           "Plan Width": 24,
                                           "Actual Startup Time": 0.000,
                                           "Actual Total Time": 0.000,
                                           "Actual Rows": 0,
                                           "Actual Loops": 0,
                                           "Disabled": false,
                                           "Index Cond": "((account_id = c_1.account_id) AND (collection_id = c_1.id))",
                                           "Rows Removed by Index Recheck": 0,
                                           "Index Searches": 0,
                                           "Shared Hit Blocks": 0,
                                           "Shared Read Blocks": 0,
                                           "Shared Dirtied Blocks": 0,
                                           "Shared Written Blocks": 0,
                                           "Local Hit Blocks": 0,
                                           "Local Read Blocks": 0,
                                           "Local Dirtied Blocks": 0,
                                           "Local Written Blocks": 0,
                                           "Temp Read Blocks": 0,
                                           "Temp Written Blocks": 0
                                         }
                                       ]
                                     }
                                   ]
                                 }
                               ]
                             }
                           ]
                         }
                       ]
                     }
                   ]
                 },
                 {
                   "Node Type": "Index Only Scan",
                   "Parent Relationship": "Inner",
                   "Parallel Aware": false,
                   "Async Capable": false,
                   "Scan Direction": "Forward",
                   "Index Name": "ix_terminal_erasure_resource_id",
                   "Relation Name": "terminal_erasure",
                   "Alias": "e_4",
                   "Startup Cost": 0.15,
                   "Total Cost": 5.50,
                   "Plan Rows": 1,
                   "Plan Width": 16,
                   "Actual Startup Time": 0.000,
                   "Actual Total Time": 0.000,
                   "Actual Rows": 0,
                   "Actual Loops": 0,
                   "Disabled": false,
                   "Index Cond": "(resource_id = f.public_id)",
                   "Rows Removed by Index Recheck": 0,
                   "Heap Fetches": 0,
                   "Index Searches": 0,
                   "Shared Hit Blocks": 0,
                   "Shared Read Blocks": 0,
                   "Shared Dirtied Blocks": 0,
                   "Shared Written Blocks": 0,
                   "Local Hit Blocks": 0,
                   "Local Read Blocks": 0,
                   "Local Dirtied Blocks": 0,
                   "Local Written Blocks": 0,
                   "Temp Read Blocks": 0,
                   "Temp Written Blocks": 0
                 }
               ]
             },
             {
               "Node Type": "Nested Loop",
               "Parent Relationship": "Inner",
               "Parallel Aware": false,
               "Async Capable": false,
               "Join Type": "Anti",
               "Startup Cost": 0.50,
               "Total Cost": 21.09,
               "Plan Rows": 1,
               "Plan Width": 16,
               "Actual Startup Time": 0.022,
               "Actual Total Time": 0.024,
               "Actual Rows": 0.00,
               "Actual Loops": 1,
               "Disabled": false,
               "Inner Unique": false,
               "Shared Hit Blocks": 2,
               "Shared Read Blocks": 0,
               "Shared Dirtied Blocks": 0,
               "Shared Written Blocks": 0,
               "Local Hit Blocks": 0,
               "Local Read Blocks": 0,
               "Local Dirtied Blocks": 0,
               "Local Written Blocks": 0,
               "Temp Read Blocks": 0,
               "Temp Written Blocks": 0,
               "Plans": [
                 {
                   "Node Type": "Hash Join",
                   "Parent Relationship": "Outer",
                   "Parallel Aware": false,
                   "Async Capable": false,
                   "Join Type": "Inner",
                   "Startup Cost": 0.35,
                   "Total Cost": 15.58,
                   "Plan Rows": 1,
                   "Plan Width": 32,
                   "Actual Startup Time": 0.021,
                   "Actual Total Time": 0.023,
                   "Actual Rows": 0.00,
                   "Actual Loops": 1,
                   "Disabled": false,
                   "Inner Unique": false,
                   "Hash Cond": "((f_1.account_id = parent.account_id) AND (f_1.parent_folder_id = parent.id))",
                   "Shared Hit Blocks": 2,
                   "Shared Read Blocks": 0,
                   "Shared Dirtied Blocks": 0,
                   "Shared Written Blocks": 0,
                   "Local Hit Blocks": 0,
                   "Local Read Blocks": 0,
                   "Local Dirtied Blocks": 0,
                   "Local Written Blocks": 0,
                   "Temp Read Blocks": 0,
                   "Temp Written Blocks": 0,
                   "Plans": [
                     {
                       "Node Type": "Seq Scan",
                       "Parent Relationship": "Outer",
                       "Parallel Aware": false,
                       "Async Capable": false,
                       "Relation Name": "folder",
                       "Alias": "f_1",
                       "Startup Cost": 0.00,
                       "Total Cost": 15.20,
                       "Plan Rows": 3,
                       "Plan Width": 40,
                       "Actual Startup Time": 0.004,
                       "Actual Total Time": 0.004,
                       "Actual Rows": 1.00,
                       "Actual Loops": 1,
                       "Disabled": false,
                       "Filter": "(deleted_at IS NULL)",
                       "Rows Removed by Filter": 0,
                       "Shared Hit Blocks": 2,
                       "Shared Read Blocks": 0,
                       "Shared Dirtied Blocks": 0,
                       "Shared Written Blocks": 0,
                       "Local Hit Blocks": 0,
                       "Local Read Blocks": 0,
                       "Local Dirtied Blocks": 0,
                       "Local Written Blocks": 0,
                       "Temp Read Blocks": 0,
                       "Temp Written Blocks": 0
                     },
                     {
                       "Node Type": "Hash",
                       "Parent Relationship": "Inner",
                       "Parallel Aware": false,
                       "Async Capable": false,
                       "Startup Cost": 0.20,
                       "Total Cost": 0.20,
                       "Plan Rows": 10,
                       "Plan Width": 16,
                       "Actual Startup Time": 0.003,
                       "Actual Total Time": 0.004,
                       "Actual Rows": 0.00,
                       "Actual Loops": 1,
                       "Disabled": false,
                       "Hash Buckets": 1024,
                       "Original Hash Buckets": 1024,
                       "Hash Batches": 1,
                       "Original Hash Batches": 1,
                       "Peak Memory Usage": 8,
                       "Shared Hit Blocks": 0,
                       "Shared Read Blocks": 0,
                       "Shared Dirtied Blocks": 0,
                       "Shared Written Blocks": 0,
                       "Local Hit Blocks": 0,
                       "Local Read Blocks": 0,
                       "Local Dirtied Blocks": 0,
                       "Local Written Blocks": 0,
                       "Temp Read Blocks": 0,
                       "Temp Written Blocks": 0,
                       "Plans": [
                         {
                           "Node Type": "WorkTable Scan",
                           "Parent Relationship": "Outer",
                           "Parallel Aware": false,
                           "Async Capable": false,
                           "CTE Name": "reachable",
                           "Alias": "parent",
                           "Startup Cost": 0.00,
                           "Total Cost": 0.20,
                           "Plan Rows": 10,
                           "Plan Width": 16,
                           "Actual Startup Time": 0.003,
                           "Actual Total Time": 0.003,
                           "Actual Rows": 0.00,
                           "Actual Loops": 1,
                           "Disabled": false,
                           "Shared Hit Blocks": 0,
                           "Shared Read Blocks": 0,
                           "Shared Dirtied Blocks": 0,
                           "Shared Written Blocks": 0,
                           "Local Hit Blocks": 0,
                           "Local Read Blocks": 0,
                           "Local Dirtied Blocks": 0,
                           "Local Written Blocks": 0,
                           "Temp Read Blocks": 0,
                           "Temp Written Blocks": 0
                         }
                       ]
                     }
                   ]
                 },
                 {
                   "Node Type": "Index Only Scan",
                   "Parent Relationship": "Inner",
                   "Parallel Aware": false,
                   "Async Capable": false,
                   "Scan Direction": "Forward",
                   "Index Name": "ix_terminal_erasure_resource_id",
                   "Relation Name": "terminal_erasure",
                   "Alias": "e_5",
                   "Startup Cost": 0.15,
                   "Total Cost": 5.50,
                   "Plan Rows": 1,
                   "Plan Width": 16,
                   "Actual Startup Time": 0.000,
                   "Actual Total Time": 0.000,
                   "Actual Rows": 0,
                   "Actual Loops": 0,
                   "Disabled": false,
                   "Index Cond": "(resource_id = f_1.public_id)",
                   "Rows Removed by Index Recheck": 0,
                   "Heap Fetches": 0,
                   "Index Searches": 0,
                   "Shared Hit Blocks": 0,
                   "Shared Read Blocks": 0,
                   "Shared Dirtied Blocks": 0,
                   "Shared Written Blocks": 0,
                   "Local Hit Blocks": 0,
                   "Local Read Blocks": 0,
                   "Local Dirtied Blocks": 0,
                   "Local Written Blocks": 0,
                   "Temp Read Blocks": 0,
                   "Temp Written Blocks": 0
                 }
               ]
             }
           ]
         },
         {
           "Node Type": "Nested Loop",
           "Parent Relationship": "InitPlan",
           "Subplan Name": "CTE candidates",
           "Parallel Aware": false,
           "Async Capable": false,
           "Join Type": "Anti",
           "Startup Cost": 49.76,
           "Total Cost": 79.69,
           "Plan Rows": 1,
           "Plan Width": 128,
           "Actual Startup Time": 0.228,
           "Actual Total Time": 0.266,
           "Actual Rows": 1.00,
           "Actual Loops": 1,
           "Disabled": false,
           "Inner Unique": false,
           "Shared Hit Blocks": 16,
           "Shared Read Blocks": 0,
           "Shared Dirtied Blocks": 0,
           "Shared Written Blocks": 0,
           "Local Hit Blocks": 0,
           "Local Read Blocks": 0,
           "Local Dirtied Blocks": 0,
           "Local Written Blocks": 0,
           "Temp Read Blocks": 0,
           "Temp Written Blocks": 0,
           "Plans": [
             {
               "Node Type": "Nested Loop",
               "Parent Relationship": "Outer",
               "Parallel Aware": false,
               "Async Capable": false,
               "Join Type": "Inner",
               "Startup Cost": 47.59,
               "Total Cost": 73.94,
               "Plan Rows": 1,
               "Plan Width": 144,
               "Actual Startup Time": 0.213,
               "Actual Total Time": 0.251,
               "Actual Rows": 1.00,
               "Actual Loops": 1,
               "Disabled": false,
               "Inner Unique": true,
               "Shared Hit Blocks": 14,
               "Shared Read Blocks": 0,
               "Shared Dirtied Blocks": 0,
               "Shared Written Blocks": 0,
               "Local Hit Blocks": 0,
               "Local Read Blocks": 0,
               "Local Dirtied Blocks": 0,
               "Local Written Blocks": 0,
               "Temp Read Blocks": 0,
               "Temp Written Blocks": 0,
               "Plans": [
                 {
                   "Node Type": "Hash Join",
                   "Parent Relationship": "Outer",
                   "Parallel Aware": false,
                   "Async Capable": false,
                   "Join Type": "Inner",
                   "Startup Cost": 47.44,
                   "Total Cost": 62.65,
                   "Plan Rows": 1,
                   "Plan Width": 128,
                   "Actual Startup Time": 0.196,
                   "Actual Total Time": 0.233,
                   "Actual Rows": 1.00,
                   "Actual Loops": 1,
                   "Disabled": false,
                   "Inner Unique": true,
                   "Hash Cond": "(r.id = r_1.id)",
                   "Shared Hit Blocks": 12,
                   "Shared Read Blocks": 0,
                   "Shared Dirtied Blocks": 0,
                   "Shared Written Blocks": 0,
                   "Local Hit Blocks": 0,
                   "Local Read Blocks": 0,
                   "Local Dirtied Blocks": 0,
                   "Local Written Blocks": 0,
                   "Temp Read Blocks": 0,
                   "Temp Written Blocks": 0,
                   "Plans": [
                     {
                       "Node Type": "Seq Scan",
                       "Parent Relationship": "Outer",
                       "Parallel Aware": false,
                       "Async Capable": false,
                       "Relation Name": "record",
                       "Alias": "r",
                       "Startup Cost": 0.00,
                       "Total Cost": 15.20,
                       "Plan Rows": 3,
                       "Plan Width": 128,
                       "Actual Startup Time": 0.020,
                       "Actual Total Time": 0.042,
                       "Actual Rows": 101.00,
                       "Actual Loops": 1,
                       "Disabled": false,
                       "Filter": "(deleted_at IS NULL)",
                       "Rows Removed by Filter": 0,
                       "Shared Hit Blocks": 4,
                       "Shared Read Blocks": 0,
                       "Shared Dirtied Blocks": 0,
                       "Shared Written Blocks": 0,
                       "Local Hit Blocks": 0,
                       "Local Read Blocks": 0,
                       "Local Dirtied Blocks": 0,
                       "Local Written Blocks": 0,
                       "Temp Read Blocks": 0,
                       "Temp Written Blocks": 0
                     },
                     {
                       "Node Type": "Hash",
                       "Parent Relationship": "Inner",
                       "Parallel Aware": false,
                       "Async Capable": false,
                       "Startup Cost": 47.37,
                       "Total Cost": 47.37,
                       "Plan Rows": 6,
                       "Plan Width": 8,
                       "Actual Startup Time": 0.161,
                       "Actual Total Time": 0.168,
                       "Actual Rows": 1.00,
                       "Actual Loops": 1,
                       "Disabled": false,
                       "Hash Buckets": 1024,
                       "Original Hash Buckets": 1024,
                       "Hash Batches": 1,
                       "Original Hash Batches": 1,
                       "Peak Memory Usage": 9,
                       "Shared Hit Blocks": 8,
                       "Shared Read Blocks": 0,
                       "Shared Dirtied Blocks": 0,
                       "Shared Written Blocks": 0,
                       "Local Hit Blocks": 0,
                       "Local Read Blocks": 0,
                       "Local Dirtied Blocks": 0,
                       "Local Written Blocks": 0,
                       "Temp Read Blocks": 0,
                       "Temp Written Blocks": 0,
                       "Plans": [
                         {
                           "Node Type": "Unique",
                           "Parent Relationship": "Outer",
                           "Parallel Aware": false,
                           "Async Capable": false,
                           "Startup Cost": 47.34,
                           "Total Cost": 47.37,
                           "Plan Rows": 6,
                           "Plan Width": 8,
                           "Actual Startup Time": 0.156,
                           "Actual Total Time": 0.162,
                           "Actual Rows": 1.00,
                           "Actual Loops": 1,
                           "Disabled": false,
                           "Shared Hit Blocks": 8,
                           "Shared Read Blocks": 0,
                           "Shared Dirtied Blocks": 0,
                           "Shared Written Blocks": 0,
                           "Local Hit Blocks": 0,
                           "Local Read Blocks": 0,
                           "Local Dirtied Blocks": 0,
                           "Local Written Blocks": 0,
                           "Temp Read Blocks": 0,
                           "Temp Written Blocks": 0,
                           "Plans": [
                             {
                               "Node Type": "Sort",
                               "Parent Relationship": "Outer",
                               "Parallel Aware": false,
                               "Async Capable": false,
                               "Startup Cost": 47.34,
                               "Total Cost": 47.35,
                               "Plan Rows": 6,
                               "Plan Width": 8,
                               "Actual Startup Time": 0.154,
                               "Actual Total Time": 0.160,
                               "Actual Rows": 1.00,
                               "Actual Loops": 1,
                               "Disabled": false,
                               "Sort Key": ["r_1.id"],
                               "Sort Method": "quicksort",
                               "Sort Space Used": 25,
                               "Sort Space Type": "Memory",
                               "Shared Hit Blocks": 8,
                               "Shared Read Blocks": 0,
                               "Shared Dirtied Blocks": 0,
                               "Shared Written Blocks": 0,
                               "Local Hit Blocks": 0,
                               "Local Read Blocks": 0,
                               "Local Dirtied Blocks": 0,
                               "Local Written Blocks": 0,
                               "Temp Read Blocks": 0,
                               "Temp Written Blocks": 0,
                               "Plans": [
                                 {
                                   "Node Type": "Append",
                                   "Parent Relationship": "Outer",
                                   "Parallel Aware": false,
                                   "Async Capable": false,
                                   "Startup Cost": 4.17,
                                   "Total Cost": 47.26,
                                   "Plan Rows": 6,
                                   "Plan Width": 8,
                                   "Actual Startup Time": 0.021,
                                   "Actual Total Time": 0.140,
                                   "Actual Rows": 1.00,
                                   "Actual Loops": 1,
                                   "Disabled": false,
                                   "Shared Hit Blocks": 8,
                                   "Shared Read Blocks": 0,
                                   "Shared Dirtied Blocks": 0,
                                   "Shared Written Blocks": 0,
                                   "Local Hit Blocks": 0,
                                   "Local Read Blocks": 0,
                                   "Local Dirtied Blocks": 0,
                                   "Local Written Blocks": 0,
                                   "Temp Read Blocks": 0,
                                   "Temp Written Blocks": 0,
                                   "Subplans Removed": 0,
                                   "Plans": [
                                     {
                                       "Node Type": "Nested Loop",
                                       "Parent Relationship": "Member",
                                       "Parallel Aware": false,
                                       "Async Capable": false,
                                       "Join Type": "Inner",
                                       "Startup Cost": 4.17,
                                       "Total Cost": 11.33,
                                       "Plan Rows": 3,
                                       "Plan Width": 8,
                                       "Actual Startup Time": 0.019,
                                       "Actual Total Time": 0.025,
                                       "Actual Rows": 1.00,
                                       "Actual Loops": 1,
                                       "Disabled": false,
                                       "Inner Unique": false,
                                       "Shared Hit Blocks": 2,
                                       "Shared Read Blocks": 0,
                                       "Shared Dirtied Blocks": 0,
                                       "Shared Written Blocks": 0,
                                       "Local Hit Blocks": 0,
                                       "Local Read Blocks": 0,
                                       "Local Dirtied Blocks": 0,
                                       "Local Written Blocks": 0,
                                       "Temp Read Blocks": 0,
                                       "Temp Written Blocks": 0,
                                       "Plans": [
                                         {
                                           "Node Type": "CTE Scan",
                                           "Parent Relationship": "Outer",
                                           "Parallel Aware": false,
                                           "Async Capable": false,
                                           "CTE Name": "session",
                                           "Alias": "s_3",
                                           "Startup Cost": 0.00,
                                           "Total Cost": 0.02,
                                           "Plan Rows": 1,
                                           "Plan Width": 8,
                                           "Actual Startup Time": 0.002,
                                           "Actual Total Time": 0.005,
                                           "Actual Rows": 1.00,
                                           "Actual Loops": 1,
                                           "Disabled": false,
                                           "Filter": "(profile_id IS NULL)",
                                           "Rows Removed by Filter": 0,
                                           "Storage": "Memory",
                                           "Maximum Storage": 17,
                                           "Shared Hit Blocks": 0,
                                           "Shared Read Blocks": 0,
                                           "Shared Dirtied Blocks": 0,
                                           "Shared Written Blocks": 0,
                                           "Local Hit Blocks": 0,
                                           "Local Read Blocks": 0,
                                           "Local Dirtied Blocks": 0,
                                           "Local Written Blocks": 0,
                                           "Temp Read Blocks": 0,
                                           "Temp Written Blocks": 0
                                         },
                                         {
                                           "Node Type": "Bitmap Heap Scan",
                                           "Parent Relationship": "Inner",
                                           "Parallel Aware": false,
                                           "Async Capable": false,
                                           "Relation Name": "record",
                                           "Alias": "r_1",
                                           "Startup Cost": 4.17,
                                           "Total Cost": 11.28,
                                           "Plan Rows": 3,
                                           "Plan Width": 16,
                                           "Actual Startup Time": 0.013,
                                           "Actual Total Time": 0.015,
                                           "Actual Rows": 1.00,
                                           "Actual Loops": 1,
                                           "Disabled": false,
                                           "Recheck Cond": "(account_id = s_3.account_id)",
                                           "Rows Removed by Index Recheck": 0,
                                           "Exact Heap Blocks": 1,
                                           "Lossy Heap Blocks": 0,
                                           "Shared Hit Blocks": 2,
                                           "Shared Read Blocks": 0,
                                           "Shared Dirtied Blocks": 0,
                                           "Shared Written Blocks": 0,
                                           "Local Hit Blocks": 0,
                                           "Local Read Blocks": 0,
                                           "Local Dirtied Blocks": 0,
                                           "Local Written Blocks": 0,
                                           "Temp Read Blocks": 0,
                                           "Temp Written Blocks": 0,
                                           "Plans": [
                                             {
                                               "Node Type": "Bitmap Index Scan",
                                               "Parent Relationship": "Outer",
                                               "Parallel Aware": false,
                                               "Async Capable": false,
                                               "Index Name": "ix_record_account_id_server_sequence",
                                               "Startup Cost": 0.00,
                                               "Total Cost": 4.17,
                                               "Plan Rows": 3,
                                               "Plan Width": 0,
                                               "Actual Startup Time": 0.007,
                                               "Actual Total Time": 0.007,
                                               "Actual Rows": 1.00,
                                               "Actual Loops": 1,
                                               "Disabled": false,
                                               "Index Cond": "(account_id = s_3.account_id)",
                                               "Index Searches": 1,
                                               "Shared Hit Blocks": 1,
                                               "Shared Read Blocks": 0,
                                               "Shared Dirtied Blocks": 0,
                                               "Shared Written Blocks": 0,
                                               "Local Hit Blocks": 0,
                                               "Local Read Blocks": 0,
                                               "Local Dirtied Blocks": 0,
                                               "Local Written Blocks": 0,
                                               "Temp Read Blocks": 0,
                                               "Temp Written Blocks": 0
                                             }
                                           ]
                                         }
                                       ]
                                     },
                                     {
                                       "Node Type": "Nested Loop",
                                       "Parent Relationship": "Member",
                                       "Parallel Aware": false,
                                       "Async Capable": false,
                                       "Join Type": "Inner",
                                       "Startup Cost": 0.15,
                                       "Total Cost": 8.20,
                                       "Plan Rows": 1,
                                       "Plan Width": 8,
                                       "Actual Startup Time": 0.013,
                                       "Actual Total Time": 0.013,
                                       "Actual Rows": 0.00,
                                       "Actual Loops": 1,
                                       "Disabled": false,
                                       "Inner Unique": false,
                                       "Shared Hit Blocks": 0,
                                       "Shared Read Blocks": 0,
                                       "Shared Dirtied Blocks": 0,
                                       "Shared Written Blocks": 0,
                                       "Local Hit Blocks": 0,
                                       "Local Read Blocks": 0,
                                       "Local Dirtied Blocks": 0,
                                       "Local Written Blocks": 0,
                                       "Temp Read Blocks": 0,
                                       "Temp Written Blocks": 0,
                                       "Plans": [
                                         {
                                           "Node Type": "CTE Scan",
                                           "Parent Relationship": "Outer",
                                           "Parallel Aware": false,
                                           "Async Capable": false,
                                           "CTE Name": "session",
                                           "Alias": "s_4",
                                           "Startup Cost": 0.00,
                                           "Total Cost": 0.02,
                                           "Plan Rows": 1,
                                           "Plan Width": 16,
                                           "Actual Startup Time": 0.001,
                                           "Actual Total Time": 0.001,
                                           "Actual Rows": 1.00,
                                           "Actual Loops": 1,
                                           "Disabled": false,
                                           "Storage": "Memory",
                                           "Maximum Storage": 17,
                                           "Shared Hit Blocks": 0,
                                           "Shared Read Blocks": 0,
                                           "Shared Dirtied Blocks": 0,
                                           "Shared Written Blocks": 0,
                                           "Local Hit Blocks": 0,
                                           "Local Read Blocks": 0,
                                           "Local Dirtied Blocks": 0,
                                           "Local Written Blocks": 0,
                                           "Temp Read Blocks": 0,
                                           "Temp Written Blocks": 0
                                         },
                                         {
                                           "Node Type": "Index Scan",
                                           "Parent Relationship": "Inner",
                                           "Parallel Aware": false,
                                           "Async Capable": false,
                                           "Scan Direction": "Forward",
                                           "Index Name": "ix_profile_record_account_id_profile_id",
                                           "Relation Name": "profile_record",
                                           "Alias": "pr",
                                           "Startup Cost": 0.15,
                                           "Total Cost": 8.17,
                                           "Plan Rows": 1,
                                           "Plan Width": 24,
                                           "Actual Startup Time": 0.008,
                                           "Actual Total Time": 0.008,
                                           "Actual Rows": 0.00,
                                           "Actual Loops": 1,
                                           "Disabled": false,
                                           "Index Cond": "((account_id = s_4.account_id) AND (profile_id = s_4.profile_id))",
                                           "Rows Removed by Index Recheck": 0,
                                           "Index Searches": 0,
                                           "Shared Hit Blocks": 0,
                                           "Shared Read Blocks": 0,
                                           "Shared Dirtied Blocks": 0,
                                           "Shared Written Blocks": 0,
                                           "Local Hit Blocks": 0,
                                           "Local Read Blocks": 0,
                                           "Local Dirtied Blocks": 0,
                                           "Local Written Blocks": 0,
                                           "Temp Read Blocks": 0,
                                           "Temp Written Blocks": 0
                                         }
                                       ]
                                     },
                                     {
                                       "Node Type": "Nested Loop",
                                       "Parent Relationship": "Member",
                                       "Parallel Aware": false,
                                       "Async Capable": false,
                                       "Join Type": "Inner",
                                       "Startup Cost": 0.15,
                                       "Total Cost": 8.20,
                                       "Plan Rows": 1,
                                       "Plan Width": 8,
                                       "Actual Startup Time": 0.008,
                                       "Actual Total Time": 0.009,
                                       "Actual Rows": 0.00,
                                       "Actual Loops": 1,
                                       "Disabled": false,
                                       "Inner Unique": false,
                                       "Shared Hit Blocks": 0,
                                       "Shared Read Blocks": 0,
                                       "Shared Dirtied Blocks": 0,
                                       "Shared Written Blocks": 0,
                                       "Local Hit Blocks": 0,
                                       "Local Read Blocks": 0,
                                       "Local Dirtied Blocks": 0,
                                       "Local Written Blocks": 0,
                                       "Temp Read Blocks": 0,
                                       "Temp Written Blocks": 0,
                                       "Plans": [
                                         {
                                           "Node Type": "CTE Scan",
                                           "Parent Relationship": "Outer",
                                           "Parallel Aware": false,
                                           "Async Capable": false,
                                           "CTE Name": "collections",
                                           "Alias": "c_2",
                                           "Startup Cost": 0.00,
                                           "Total Cost": 0.02,
                                           "Plan Rows": 1,
                                           "Plan Width": 16,
                                           "Actual Startup Time": 0.008,
                                           "Actual Total Time": 0.008,
                                           "Actual Rows": 0.00,
                                           "Actual Loops": 1,
                                           "Disabled": false,
                                           "Storage": "Memory",
                                           "Maximum Storage": 17,
                                           "Shared Hit Blocks": 0,
                                           "Shared Read Blocks": 0,
                                           "Shared Dirtied Blocks": 0,
                                           "Shared Written Blocks": 0,
                                           "Local Hit Blocks": 0,
                                           "Local Read Blocks": 0,
                                           "Local Dirtied Blocks": 0,
                                           "Local Written Blocks": 0,
                                           "Temp Read Blocks": 0,
                                           "Temp Written Blocks": 0
                                         },
                                         {
                                           "Node Type": "Index Scan",
                                           "Parent Relationship": "Inner",
                                           "Parallel Aware": false,
                                           "Async Capable": false,
                                           "Scan Direction": "Forward",
                                           "Index Name": "ix_collection_record_account_id_collection_id",
                                           "Relation Name": "collection_record",
                                           "Alias": "cr",
                                           "Startup Cost": 0.15,
                                           "Total Cost": 8.17,
                                           "Plan Rows": 1,
                                           "Plan Width": 24,
                                           "Actual Startup Time": 0.000,
                                           "Actual Total Time": 0.000,
                                           "Actual Rows": 0,
                                           "Actual Loops": 0,
                                           "Disabled": false,
                                           "Index Cond": "((account_id = c_2.account_id) AND (collection_id = c_2.id))",
                                           "Rows Removed by Index Recheck": 0,
                                           "Index Searches": 0,
                                           "Shared Hit Blocks": 0,
                                           "Shared Read Blocks": 0,
                                           "Shared Dirtied Blocks": 0,
                                           "Shared Written Blocks": 0,
                                           "Local Hit Blocks": 0,
                                           "Local Read Blocks": 0,
                                           "Local Dirtied Blocks": 0,
                                           "Local Written Blocks": 0,
                                           "Temp Read Blocks": 0,
                                           "Temp Written Blocks": 0
                                         }
                                       ]
                                     },
                                     {
                                       "Node Type": "Hash Join",
                                       "Parent Relationship": "Member",
                                       "Parallel Aware": false,
                                       "Async Capable": false,
                                       "Join Type": "Inner",
                                       "Startup Cost": 0.39,
                                       "Total Cost": 19.50,
                                       "Plan Rows": 1,
                                       "Plan Width": 8,
                                       "Actual Startup Time": 0.088,
                                       "Actual Total Time": 0.089,
                                       "Actual Rows": 0.00,
                                       "Actual Loops": 1,
                                       "Disabled": false,
                                       "Inner Unique": false,
                                       "Hash Cond": "((r_2.account_id = f_2.account_id) AND (r_2.folder_id = f_2.id))",
                                       "Shared Hit Blocks": 6,
                                       "Shared Read Blocks": 0,
                                       "Shared Dirtied Blocks": 0,
                                       "Shared Written Blocks": 0,
                                       "Local Hit Blocks": 0,
                                       "Local Read Blocks": 0,
                                       "Local Dirtied Blocks": 0,
                                       "Local Written Blocks": 0,
                                       "Temp Read Blocks": 0,
                                       "Temp Written Blocks": 0,
                                       "Plans": [
                                         {
                                           "Node Type": "Seq Scan",
                                           "Parent Relationship": "Outer",
                                           "Parallel Aware": false,
                                           "Async Capable": false,
                                           "Relation Name": "record",
                                           "Alias": "r_2",
                                           "Startup Cost": 0.00,
                                           "Total Cost": 15.20,
                                           "Plan Rows": 520,
                                           "Plan Width": 24,
                                           "Actual Startup Time": 0.003,
                                           "Actual Total Time": 0.003,
                                           "Actual Rows": 1.00,
                                           "Actual Loops": 1,
                                           "Disabled": false,
                                           "Shared Hit Blocks": 2,
                                           "Shared Read Blocks": 0,
                                           "Shared Dirtied Blocks": 0,
                                           "Shared Written Blocks": 0,
                                           "Local Hit Blocks": 0,
                                           "Local Read Blocks": 0,
                                           "Local Dirtied Blocks": 0,
                                           "Local Written Blocks": 0,
                                           "Temp Read Blocks": 0,
                                           "Temp Written Blocks": 0
                                         },
                                         {
                                           "Node Type": "Hash",
                                           "Parent Relationship": "Inner",
                                           "Parallel Aware": false,
                                           "Async Capable": false,
                                           "Startup Cost": 0.22,
                                           "Total Cost": 0.22,
                                           "Plan Rows": 11,
                                           "Plan Width": 16,
                                           "Actual Startup Time": 0.070,
                                           "Actual Total Time": 0.070,
                                           "Actual Rows": 0.00,
                                           "Actual Loops": 1,
                                           "Disabled": false,
                                           "Hash Buckets": 1024,
                                           "Original Hash Buckets": 1024,
                                           "Hash Batches": 1,
                                           "Original Hash Batches": 1,
                                           "Peak Memory Usage": 8,
                                           "Shared Hit Blocks": 4,
                                           "Shared Read Blocks": 0,
                                           "Shared Dirtied Blocks": 0,
                                           "Shared Written Blocks": 0,
                                           "Local Hit Blocks": 0,
                                           "Local Read Blocks": 0,
                                           "Local Dirtied Blocks": 0,
                                           "Local Written Blocks": 0,
                                           "Temp Read Blocks": 0,
                                           "Temp Written Blocks": 0,
                                           "Plans": [
                                             {
                                               "Node Type": "CTE Scan",
                                               "Parent Relationship": "Outer",
                                               "Parallel Aware": false,
                                               "Async Capable": false,
                                               "CTE Name": "reachable",
                                               "Alias": "f_2",
                                               "Startup Cost": 0.00,
                                               "Total Cost": 0.22,
                                               "Plan Rows": 11,
                                               "Plan Width": 16,
                                               "Actual Startup Time": 0.069,
                                               "Actual Total Time": 0.069,
                                               "Actual Rows": 0.00,
                                               "Actual Loops": 1,
                                               "Disabled": false,
                                               "Storage": "Memory",
                                               "Maximum Storage": 17,
                                               "Shared Hit Blocks": 4,
                                               "Shared Read Blocks": 0,
                                               "Shared Dirtied Blocks": 0,
                                               "Shared Written Blocks": 0,
                                               "Local Hit Blocks": 0,
                                               "Local Read Blocks": 0,
                                               "Local Dirtied Blocks": 0,
                                               "Local Written Blocks": 0,
                                               "Temp Read Blocks": 0,
                                               "Temp Written Blocks": 0
                                             }
                                           ]
                                         }
                                       ]
                                     }
                                   ]
                                 }
                               ]
                             }
                           ]
                         }
                       ]
                     }
                   ]
                 },
                 {
                   "Node Type": "Index Scan",
                   "Parent Relationship": "Inner",
                   "Parallel Aware": false,
                   "Async Capable": false,
                   "Scan Direction": "Forward",
                   "Index Name": "pk_account",
                   "Relation Name": "account",
                   "Alias": "owner_1",
                   "Startup Cost": 0.15,
                   "Total Cost": 6.83,
                   "Plan Rows": 1,
                   "Plan Width": 24,
                   "Actual Startup Time": 0.013,
                   "Actual Total Time": 0.014,
                   "Actual Rows": 1.00,
                   "Actual Loops": 1,
                   "Disabled": false,
                   "Index Cond": "(id = r.account_id)",
                   "Rows Removed by Index Recheck": 0,
                   "Filter": "(state = 0)",
                   "Rows Removed by Filter": 0,
                   "Index Searches": 1,
                   "Shared Hit Blocks": 2,
                   "Shared Read Blocks": 0,
                   "Shared Dirtied Blocks": 0,
                   "Shared Written Blocks": 0,
                   "Local Hit Blocks": 0,
                   "Local Read Blocks": 0,
                   "Local Dirtied Blocks": 0,
                   "Local Written Blocks": 0,
                   "Temp Read Blocks": 0,
                   "Temp Written Blocks": 0
                 }
               ]
             },
             {
               "Node Type": "Bitmap Heap Scan",
               "Parent Relationship": "Inner",
               "Parallel Aware": false,
               "Async Capable": false,
               "Relation Name": "terminal_erasure",
               "Alias": "e_6",
               "Startup Cost": 2.17,
               "Total Cost": 7.51,
               "Plan Rows": 2,
               "Plan Width": 16,
               "Actual Startup Time": 0.011,
               "Actual Total Time": 0.012,
               "Actual Rows": 0.00,
               "Actual Loops": 1,
               "Disabled": false,
               "Recheck Cond": "((resource_id = r.public_id) OR (resource_id = owner_1.public_id))",
               "Rows Removed by Index Recheck": 0,
               "Exact Heap Blocks": 0,
               "Lossy Heap Blocks": 0,
               "Shared Hit Blocks": 2,
               "Shared Read Blocks": 0,
               "Shared Dirtied Blocks": 0,
               "Shared Written Blocks": 0,
               "Local Hit Blocks": 0,
               "Local Read Blocks": 0,
               "Local Dirtied Blocks": 0,
               "Local Written Blocks": 0,
               "Temp Read Blocks": 0,
               "Temp Written Blocks": 0,
               "Plans": [
                 {
                   "Node Type": "Bitmap Index Scan",
                   "Parent Relationship": "Outer",
                   "Parallel Aware": false,
                   "Async Capable": false,
                   "Index Name": "ix_terminal_erasure_resource_id",
                   "Startup Cost": 0.00,
                   "Total Cost": 2.17,
                   "Plan Rows": 2,
                   "Plan Width": 0,
                   "Actual Startup Time": 0.004,
                   "Actual Total Time": 0.004,
                   "Actual Rows": 0.00,
                   "Actual Loops": 1,
                   "Disabled": false,
                   "Index Cond": "(resource_id = ANY (ARRAY[r.public_id, owner_1.public_id]))",
                   "Index Searches": 1,
                   "Shared Hit Blocks": 2,
                   "Shared Read Blocks": 0,
                   "Shared Dirtied Blocks": 0,
                   "Shared Written Blocks": 0,
                   "Local Hit Blocks": 0,
                   "Local Read Blocks": 0,
                   "Local Dirtied Blocks": 0,
                   "Local Written Blocks": 0,
                   "Temp Read Blocks": 0,
                   "Temp Written Blocks": 0
                 }
               ]
             }
           ]
         },
         {
           "Node Type": "Recursive Union",
           "Parent Relationship": "InitPlan",
           "Subplan Name": "CTE ancestry",
           "Parallel Aware": false,
           "Async Capable": false,
           "Startup Cost": 0.15,
           "Total Cost": 292.17,
           "Plan Rows": 11,
           "Plan Width": 66,
           "Actual Startup Time": 0.288,
           "Actual Total Time": 0.292,
           "Actual Rows": 0.00,
           "Actual Loops": 1,
           "Disabled": false,
           "Storage": "Memory",
           "Maximum Storage": 33,
           "Shared Hit Blocks": 18,
           "Shared Read Blocks": 0,
           "Shared Dirtied Blocks": 0,
           "Shared Written Blocks": 0,
           "Local Hit Blocks": 0,
           "Local Read Blocks": 0,
           "Local Dirtied Blocks": 0,
           "Local Written Blocks": 0,
           "Temp Read Blocks": 0,
           "Temp Written Blocks": 0,
           "Plans": [
             {
               "Node Type": "Nested Loop",
               "Parent Relationship": "Outer",
               "Parallel Aware": false,
               "Async Capable": false,
               "Join Type": "Inner",
               "Startup Cost": 0.15,
               "Total Cost": 16.39,
               "Plan Rows": 1,
               "Plan Width": 66,
               "Actual Startup Time": 0.269,
               "Actual Total Time": 0.271,
               "Actual Rows": 0.00,
               "Actual Loops": 1,
               "Disabled": false,
               "Inner Unique": true,
               "Shared Hit Blocks": 16,
               "Shared Read Blocks": 0,
               "Shared Dirtied Blocks": 0,
               "Shared Written Blocks": 0,
               "Local Hit Blocks": 0,
               "Local Read Blocks": 0,
               "Local Dirtied Blocks": 0,
               "Local Written Blocks": 0,
               "Temp Read Blocks": 0,
               "Temp Written Blocks": 0,
               "Plans": [
                 {
                   "Node Type": "CTE Scan",
                   "Parent Relationship": "Outer",
                   "Parallel Aware": false,
                   "Async Capable": false,
                   "CTE Name": "candidates",
                   "Alias": "r_3",
                   "Startup Cost": 0.00,
                   "Total Cost": 0.02,
                   "Plan Rows": 1,
                   "Plan Width": 24,
                   "Actual Startup Time": 0.230,
                   "Actual Total Time": 0.261,
                   "Actual Rows": 1.00,
                   "Actual Loops": 1,
                   "Disabled": false,
                   "Storage": "Memory",
                   "Maximum Storage": 17,
                   "Shared Hit Blocks": 16,
                   "Shared Read Blocks": 0,
                   "Shared Dirtied Blocks": 0,
                   "Shared Written Blocks": 0,
                   "Local Hit Blocks": 0,
                   "Local Read Blocks": 0,
                   "Local Dirtied Blocks": 0,
                   "Local Written Blocks": 0,
                   "Temp Read Blocks": 0,
                   "Temp Written Blocks": 0
                 },
                 {
                   "Node Type": "Index Scan",
                   "Parent Relationship": "Inner",
                   "Parallel Aware": false,
                   "Async Capable": false,
                   "Scan Direction": "Forward",
                   "Index Name": "ak_folder_account_id_id",
                   "Relation Name": "folder",
                   "Alias": "f_3",
                   "Startup Cost": 0.15,
                   "Total Cost": 8.17,
                   "Plan Rows": 1,
                   "Plan Width": 48,
                   "Actual Startup Time": 0.005,
                   "Actual Total Time": 0.006,
                   "Actual Rows": 0.00,
                   "Actual Loops": 1,
                   "Disabled": false,
                   "Index Cond": "((account_id = r_3.account_id) AND (id = r_3.folder_id))",
                   "Rows Removed by Index Recheck": 0,
                   "Index Searches": 0,
                   "Shared Hit Blocks": 0,
                   "Shared Read Blocks": 0,
                   "Shared Dirtied Blocks": 0,
                   "Shared Written Blocks": 0,
                   "Local Hit Blocks": 0,
                   "Local Read Blocks": 0,
                   "Local Dirtied Blocks": 0,
                   "Local Written Blocks": 0,
                   "Temp Read Blocks": 0,
                   "Temp Written Blocks": 0
                 },
                 {
                   "Node Type": "Index Only Scan",
                   "Parent Relationship": "SubPlan",
                   "Subplan Name": "SubPlan 10",
                   "Parallel Aware": false,
                   "Async Capable": false,
                   "Scan Direction": "Forward",
                   "Index Name": "ix_terminal_erasure_resource_id",
                   "Relation Name": "terminal_erasure",
                   "Alias": "e_7",
                   "Startup Cost": 0.15,
                   "Total Cost": 8.17,
                   "Plan Rows": 1,
                   "Plan Width": 0,
                   "Actual Startup Time": 0.000,
                   "Actual Total Time": 0.000,
                   "Actual Rows": 0,
                   "Actual Loops": 0,
                   "Disabled": false,
                   "Index Cond": "(resource_id = f_3.public_id)",
                   "Rows Removed by Index Recheck": 0,
                   "Heap Fetches": 0,
                   "Index Searches": 0,
                   "Shared Hit Blocks": 0,
                   "Shared Read Blocks": 0,
                   "Shared Dirtied Blocks": 0,
                   "Shared Written Blocks": 0,
                   "Local Hit Blocks": 0,
                   "Local Read Blocks": 0,
                   "Local Dirtied Blocks": 0,
                   "Local Written Blocks": 0,
                   "Temp Read Blocks": 0,
                   "Temp Written Blocks": 0
                 }
               ]
             },
             {
               "Node Type": "Hash Join",
               "Parent Relationship": "Inner",
               "Parallel Aware": false,
               "Async Capable": false,
               "Join Type": "Inner",
               "Startup Cost": 0.28,
               "Total Cost": 27.57,
               "Plan Rows": 1,
               "Plan Width": 66,
               "Actual Startup Time": 0.018,
               "Actual Total Time": 0.020,
               "Actual Rows": 0.00,
               "Actual Loops": 1,
               "Disabled": false,
               "Inner Unique": false,
               "Hash Cond": "((f_4.id = t.parent_folder_id) AND (f_4.account_id = t.account_id))",
               "Shared Hit Blocks": 2,
               "Shared Read Blocks": 0,
               "Shared Dirtied Blocks": 0,
               "Shared Written Blocks": 0,
               "Local Hit Blocks": 0,
               "Local Read Blocks": 0,
               "Local Dirtied Blocks": 0,
               "Local Written Blocks": 0,
               "Temp Read Blocks": 0,
               "Temp Written Blocks": 0,
               "Plans": [
                 {
                   "Node Type": "Seq Scan",
                   "Parent Relationship": "Outer",
                   "Parallel Aware": false,
                   "Async Capable": false,
                   "Relation Name": "folder",
                   "Alias": "f_4",
                   "Startup Cost": 0.00,
                   "Total Cost": 15.20,
                   "Plan Rows": 520,
                   "Plan Width": 48,
                   "Actual Startup Time": 0.003,
                   "Actual Total Time": 0.003,
                   "Actual Rows": 1.00,
                   "Actual Loops": 1,
                   "Disabled": false,
                   "Shared Hit Blocks": 2,
                   "Shared Read Blocks": 0,
                   "Shared Dirtied Blocks": 0,
                   "Shared Written Blocks": 0,
                   "Local Hit Blocks": 0,
                   "Local Read Blocks": 0,
                   "Local Dirtied Blocks": 0,
                   "Local Written Blocks": 0,
                   "Temp Read Blocks": 0,
                   "Temp Written Blocks": 0
                 },
                 {
                   "Node Type": "Hash",
                   "Parent Relationship": "Inner",
                   "Parallel Aware": false,
                   "Async Capable": false,
                   "Startup Cost": 0.20,
                   "Total Cost": 0.20,
                   "Plan Rows": 5,
                   "Plan Width": 57,
                   "Actual Startup Time": 0.003,
                   "Actual Total Time": 0.004,
                   "Actual Rows": 0.00,
                   "Actual Loops": 1,
                   "Disabled": false,
                   "Hash Buckets": 1024,
                   "Original Hash Buckets": 1024,
                   "Hash Batches": 1,
                   "Original Hash Batches": 1,
                   "Peak Memory Usage": 8,
                   "Shared Hit Blocks": 0,
                   "Shared Read Blocks": 0,
                   "Shared Dirtied Blocks": 0,
                   "Shared Written Blocks": 0,
                   "Local Hit Blocks": 0,
                   "Local Read Blocks": 0,
                   "Local Dirtied Blocks": 0,
                   "Local Written Blocks": 0,
                   "Temp Read Blocks": 0,
                   "Temp Written Blocks": 0,
                   "Plans": [
                     {
                       "Node Type": "WorkTable Scan",
                       "Parent Relationship": "Outer",
                       "Parallel Aware": false,
                       "Async Capable": false,
                       "CTE Name": "ancestry",
                       "Alias": "t",
                       "Startup Cost": 0.00,
                       "Total Cost": 0.20,
                       "Plan Rows": 5,
                       "Plan Width": 57,
                       "Actual Startup Time": 0.003,
                       "Actual Total Time": 0.003,
                       "Actual Rows": 0.00,
                       "Actual Loops": 1,
                       "Disabled": false,
                       "Filter": "(NOT cycle)",
                       "Rows Removed by Filter": 0,
                       "Shared Hit Blocks": 0,
                       "Shared Read Blocks": 0,
                       "Shared Dirtied Blocks": 0,
                       "Shared Written Blocks": 0,
                       "Local Hit Blocks": 0,
                       "Local Read Blocks": 0,
                       "Local Dirtied Blocks": 0,
                       "Local Written Blocks": 0,
                       "Temp Read Blocks": 0,
                       "Temp Written Blocks": 0
                     }
                   ]
                 },
                 {
                   "Node Type": "Index Only Scan",
                   "Parent Relationship": "SubPlan",
                   "Subplan Name": "SubPlan 12",
                   "Parallel Aware": false,
                   "Async Capable": false,
                   "Scan Direction": "Forward",
                   "Index Name": "ix_terminal_erasure_resource_id",
                   "Relation Name": "terminal_erasure",
                   "Alias": "e_8",
                   "Startup Cost": 0.15,
                   "Total Cost": 8.17,
                   "Plan Rows": 1,
                   "Plan Width": 0,
                   "Actual Startup Time": 0.000,
                   "Actual Total Time": 0.000,
                   "Actual Rows": 0,
                   "Actual Loops": 0,
                   "Disabled": false,
                   "Index Cond": "(resource_id = f_4.public_id)",
                   "Rows Removed by Index Recheck": 0,
                   "Heap Fetches": 0,
                   "Index Searches": 0,
                   "Shared Hit Blocks": 0,
                   "Shared Read Blocks": 0,
                   "Shared Dirtied Blocks": 0,
                   "Shared Written Blocks": 0,
                   "Local Hit Blocks": 0,
                   "Local Read Blocks": 0,
                   "Local Dirtied Blocks": 0,
                   "Local Written Blocks": 0,
                   "Temp Read Blocks": 0,
                   "Temp Written Blocks": 0
                 }
               ]
             }
           ]
         },
         {
           "Node Type": "Nested Loop",
           "Parent Relationship": "InitPlan",
           "Subplan Name": "CTE included",
           "Parallel Aware": false,
           "Async Capable": false,
           "Join Type": "Inner",
           "Startup Cost": 0.00,
           "Total Cost": 16.66,
           "Plan Rows": 1,
           "Plan Width": 24,
           "Actual Startup Time": 0.003,
           "Actual Total Time": 0.005,
           "Actual Rows": 0.00,
           "Actual Loops": 1,
           "Disabled": false,
           "Inner Unique": false,
           "Join Filter": "((r_4.account_id = c_3.account_id) AND (EXISTS(SubPlan 15) OR EXISTS(SubPlan 17)))",
           "Rows Removed by Join Filter": 0,
           "Shared Hit Blocks": 0,
           "Shared Read Blocks": 0,
           "Shared Dirtied Blocks": 0,
           "Shared Written Blocks": 0,
           "Local Hit Blocks": 0,
           "Local Read Blocks": 0,
           "Local Dirtied Blocks": 0,
           "Local Written Blocks": 0,
           "Temp Read Blocks": 0,
           "Temp Written Blocks": 0,
           "Plans": [
             {
               "Node Type": "CTE Scan",
               "Parent Relationship": "Outer",
               "Parallel Aware": false,
               "Async Capable": false,
               "CTE Name": "candidates",
               "Alias": "r_4",
               "Startup Cost": 0.00,
               "Total Cost": 0.02,
               "Plan Rows": 1,
               "Plan Width": 16,
               "Actual Startup Time": 0.001,
               "Actual Total Time": 0.002,
               "Actual Rows": 1.00,
               "Actual Loops": 1,
               "Disabled": false,
               "Storage": "Memory",
               "Maximum Storage": 17,
               "Shared Hit Blocks": 0,
               "Shared Read Blocks": 0,
               "Shared Dirtied Blocks": 0,
               "Shared Written Blocks": 0,
               "Local Hit Blocks": 0,
               "Local Read Blocks": 0,
               "Local Dirtied Blocks": 0,
               "Local Written Blocks": 0,
               "Temp Read Blocks": 0,
               "Temp Written Blocks": 0
             },
             {
               "Node Type": "CTE Scan",
               "Parent Relationship": "Inner",
               "Parallel Aware": false,
               "Async Capable": false,
               "CTE Name": "collections",
               "Alias": "c_3",
               "Startup Cost": 0.00,
               "Total Cost": 0.02,
               "Plan Rows": 1,
               "Plan Width": 24,
               "Actual Startup Time": 0.000,
               "Actual Total Time": 0.000,
               "Actual Rows": 0.00,
               "Actual Loops": 1,
               "Disabled": false,
               "Storage": "Memory",
               "Maximum Storage": 17,
               "Shared Hit Blocks": 0,
               "Shared Read Blocks": 0,
               "Shared Dirtied Blocks": 0,
               "Shared Written Blocks": 0,
               "Local Hit Blocks": 0,
               "Local Read Blocks": 0,
               "Local Dirtied Blocks": 0,
               "Local Written Blocks": 0,
               "Temp Read Blocks": 0,
               "Temp Written Blocks": 0
             },
             {
               "Node Type": "Index Scan",
               "Parent Relationship": "SubPlan",
               "Subplan Name": "SubPlan 15",
               "Parallel Aware": false,
               "Async Capable": false,
               "Scan Direction": "Forward",
               "Index Name": "ix_collection_record_account_id_record_id",
               "Relation Name": "collection_record",
               "Alias": "cr_1",
               "Startup Cost": 0.15,
               "Total Cost": 8.17,
               "Plan Rows": 1,
               "Plan Width": 0,
               "Actual Startup Time": 0.000,
               "Actual Total Time": 0.000,
               "Actual Rows": 0,
               "Actual Loops": 0,
               "Disabled": false,
               "Index Cond": "((account_id = r_4.account_id) AND (record_id = r_4.id))",
               "Rows Removed by Index Recheck": 0,
               "Filter": "(collection_id = c_3.id)",
               "Rows Removed by Filter": 0,
               "Index Searches": 0,
               "Shared Hit Blocks": 0,
               "Shared Read Blocks": 0,
               "Shared Dirtied Blocks": 0,
               "Shared Written Blocks": 0,
               "Local Hit Blocks": 0,
               "Local Read Blocks": 0,
               "Local Dirtied Blocks": 0,
               "Local Written Blocks": 0,
               "Temp Read Blocks": 0,
               "Temp Written Blocks": 0
             },
             {
               "Node Type": "Nested Loop",
               "Parent Relationship": "SubPlan",
               "Subplan Name": "SubPlan 17",
               "Parallel Aware": false,
               "Async Capable": false,
               "Join Type": "Inner",
               "Startup Cost": 0.15,
               "Total Cost": 8.43,
               "Plan Rows": 1,
               "Plan Width": 0,
               "Actual Startup Time": 0.000,
               "Actual Total Time": 0.000,
               "Actual Rows": 0,
               "Actual Loops": 0,
               "Disabled": false,
               "Inner Unique": false,
               "Join Filter": "(cf_1.folder_id = t_1.id)",
               "Rows Removed by Join Filter": 0,
               "Shared Hit Blocks": 0,
               "Shared Read Blocks": 0,
               "Shared Dirtied Blocks": 0,
               "Shared Written Blocks": 0,
               "Local Hit Blocks": 0,
               "Local Read Blocks": 0,
               "Local Dirtied Blocks": 0,
               "Local Written Blocks": 0,
               "Temp Read Blocks": 0,
               "Temp Written Blocks": 0,
               "Plans": [
                 {
                   "Node Type": "Index Scan",
                   "Parent Relationship": "Outer",
                   "Parallel Aware": false,
                   "Async Capable": false,
                   "Scan Direction": "Forward",
                   "Index Name": "ix_collection_folder_account_id_collection_id",
                   "Relation Name": "collection_folder",
                   "Alias": "cf_1",
                   "Startup Cost": 0.15,
                   "Total Cost": 8.17,
                   "Plan Rows": 1,
                   "Plan Width": 8,
                   "Actual Startup Time": 0.000,
                   "Actual Total Time": 0.000,
                   "Actual Rows": 0,
                   "Actual Loops": 0,
                   "Disabled": false,
                   "Index Cond": "((account_id = r_4.account_id) AND (collection_id = c_3.id))",
                   "Rows Removed by Index Recheck": 0,
                   "Index Searches": 0,
                   "Shared Hit Blocks": 0,
                   "Shared Read Blocks": 0,
                   "Shared Dirtied Blocks": 0,
                   "Shared Written Blocks": 0,
                   "Local Hit Blocks": 0,
                   "Local Read Blocks": 0,
                   "Local Dirtied Blocks": 0,
                   "Local Written Blocks": 0,
                   "Temp Read Blocks": 0,
                   "Temp Written Blocks": 0
                 },
                 {
                   "Node Type": "CTE Scan",
                   "Parent Relationship": "Inner",
                   "Parallel Aware": false,
                   "Async Capable": false,
                   "CTE Name": "ancestry",
                   "Alias": "t_1",
                   "Startup Cost": 0.00,
                   "Total Cost": 0.25,
                   "Plan Rows": 1,
                   "Plan Width": 8,
                   "Actual Startup Time": 0.000,
                   "Actual Total Time": 0.000,
                   "Actual Rows": 0,
                   "Actual Loops": 0,
                   "Disabled": false,
                   "Filter": "(record_id = r_4.id)",
                   "Rows Removed by Filter": 0,
                   "Storage": "Memory",
                   "Maximum Storage": 17,
                   "Shared Hit Blocks": 0,
                   "Shared Read Blocks": 0,
                   "Shared Dirtied Blocks": 0,
                   "Shared Written Blocks": 0,
                   "Local Hit Blocks": 0,
                   "Local Read Blocks": 0,
                   "Local Dirtied Blocks": 0,
                   "Local Written Blocks": 0,
                   "Temp Read Blocks": 0,
                   "Temp Written Blocks": 0
                 }
               ]
             }
           ]
         },
         {
           "Node Type": "Nested Loop",
           "Parent Relationship": "InitPlan",
           "Subplan Name": "CTE scoped",
           "Parallel Aware": false,
           "Async Capable": false,
           "Join Type": "Inner",
           "Startup Cost": 0.00,
           "Total Cost": 16.68,
           "Plan Rows": 1,
           "Plan Width": 128,
           "Actual Startup Time": 0.006,
           "Actual Total Time": 0.009,
           "Actual Rows": 1.00,
           "Actual Loops": 1,
           "Disabled": false,
           "Inner Unique": false,
           "Join Filter": "(((r_5.account_id = s_5.account_id) AND ((s_5.profile_id IS NULL) OR EXISTS(SubPlan 20) OR EXISTS(SubPlan 22))) OR (ANY (r_5.id = (hashed SubPlan 25).col1)))",
           "Rows Removed by Join Filter": 0,
           "Shared Hit Blocks": 0,
           "Shared Read Blocks": 0,
           "Shared Dirtied Blocks": 0,
           "Shared Written Blocks": 0,
           "Local Hit Blocks": 0,
           "Local Read Blocks": 0,
           "Local Dirtied Blocks": 0,
           "Local Written Blocks": 0,
           "Temp Read Blocks": 0,
           "Temp Written Blocks": 0,
           "Plans": [
             {
               "Node Type": "CTE Scan",
               "Parent Relationship": "Outer",
               "Parallel Aware": false,
               "Async Capable": false,
               "CTE Name": "candidates",
               "Alias": "r_5",
               "Startup Cost": 0.00,
               "Total Cost": 0.02,
               "Plan Rows": 1,
               "Plan Width": 128,
               "Actual Startup Time": 0.001,
               "Actual Total Time": 0.001,
               "Actual Rows": 1.00,
               "Actual Loops": 1,
               "Disabled": false,
               "Storage": "Memory",
               "Maximum Storage": 17,
               "Shared Hit Blocks": 0,
               "Shared Read Blocks": 0,
               "Shared Dirtied Blocks": 0,
               "Shared Written Blocks": 0,
               "Local Hit Blocks": 0,
               "Local Read Blocks": 0,
               "Local Dirtied Blocks": 0,
               "Local Written Blocks": 0,
               "Temp Read Blocks": 0,
               "Temp Written Blocks": 0
             },
             {
               "Node Type": "CTE Scan",
               "Parent Relationship": "Inner",
               "Parallel Aware": false,
               "Async Capable": false,
               "CTE Name": "session",
               "Alias": "s_5",
               "Startup Cost": 0.00,
               "Total Cost": 0.02,
               "Plan Rows": 1,
               "Plan Width": 16,
               "Actual Startup Time": 0.000,
               "Actual Total Time": 0.000,
               "Actual Rows": 1.00,
               "Actual Loops": 1,
               "Disabled": false,
               "Storage": "Memory",
               "Maximum Storage": 17,
               "Shared Hit Blocks": 0,
               "Shared Read Blocks": 0,
               "Shared Dirtied Blocks": 0,
               "Shared Written Blocks": 0,
               "Local Hit Blocks": 0,
               "Local Read Blocks": 0,
               "Local Dirtied Blocks": 0,
               "Local Written Blocks": 0,
               "Temp Read Blocks": 0,
               "Temp Written Blocks": 0
             },
             {
               "Node Type": "Index Scan",
               "Parent Relationship": "SubPlan",
               "Subplan Name": "SubPlan 20",
               "Parallel Aware": false,
               "Async Capable": false,
               "Scan Direction": "Forward",
               "Index Name": "ix_profile_record_account_id_record_id",
               "Relation Name": "profile_record",
               "Alias": "pr_1",
               "Startup Cost": 0.15,
               "Total Cost": 8.17,
               "Plan Rows": 1,
               "Plan Width": 0,
               "Actual Startup Time": 0.000,
               "Actual Total Time": 0.000,
               "Actual Rows": 0,
               "Actual Loops": 0,
               "Disabled": false,
               "Index Cond": "((account_id = s_5.account_id) AND (record_id = r_5.id))",
               "Rows Removed by Index Recheck": 0,
               "Filter": "(profile_id = s_5.profile_id)",
               "Rows Removed by Filter": 0,
               "Index Searches": 0,
               "Shared Hit Blocks": 0,
               "Shared Read Blocks": 0,
               "Shared Dirtied Blocks": 0,
               "Shared Written Blocks": 0,
               "Local Hit Blocks": 0,
               "Local Read Blocks": 0,
               "Local Dirtied Blocks": 0,
               "Local Written Blocks": 0,
               "Temp Read Blocks": 0,
               "Temp Written Blocks": 0
             },
             {
               "Node Type": "Nested Loop",
               "Parent Relationship": "SubPlan",
               "Subplan Name": "SubPlan 22",
               "Parallel Aware": false,
               "Async Capable": false,
               "Join Type": "Inner",
               "Startup Cost": 0.15,
               "Total Cost": 8.43,
               "Plan Rows": 1,
               "Plan Width": 0,
               "Actual Startup Time": 0.000,
               "Actual Total Time": 0.000,
               "Actual Rows": 0,
               "Actual Loops": 0,
               "Disabled": false,
               "Inner Unique": false,
               "Join Filter": "(pf_1.folder_id = t_2.id)",
               "Rows Removed by Join Filter": 0,
               "Shared Hit Blocks": 0,
               "Shared Read Blocks": 0,
               "Shared Dirtied Blocks": 0,
               "Shared Written Blocks": 0,
               "Local Hit Blocks": 0,
               "Local Read Blocks": 0,
               "Local Dirtied Blocks": 0,
               "Local Written Blocks": 0,
               "Temp Read Blocks": 0,
               "Temp Written Blocks": 0,
               "Plans": [
                 {
                   "Node Type": "Index Scan",
                   "Parent Relationship": "Outer",
                   "Parallel Aware": false,
                   "Async Capable": false,
                   "Scan Direction": "Forward",
                   "Index Name": "ix_profile_folder_account_id_profile_id",
                   "Relation Name": "profile_folder",
                   "Alias": "pf_1",
                   "Startup Cost": 0.15,
                   "Total Cost": 8.17,
                   "Plan Rows": 1,
                   "Plan Width": 8,
                   "Actual Startup Time": 0.000,
                   "Actual Total Time": 0.000,
                   "Actual Rows": 0,
                   "Actual Loops": 0,
                   "Disabled": false,
                   "Index Cond": "((account_id = s_5.account_id) AND (profile_id = s_5.profile_id))",
                   "Rows Removed by Index Recheck": 0,
                   "Index Searches": 0,
                   "Shared Hit Blocks": 0,
                   "Shared Read Blocks": 0,
                   "Shared Dirtied Blocks": 0,
                   "Shared Written Blocks": 0,
                   "Local Hit Blocks": 0,
                   "Local Read Blocks": 0,
                   "Local Dirtied Blocks": 0,
                   "Local Written Blocks": 0,
                   "Temp Read Blocks": 0,
                   "Temp Written Blocks": 0
                 },
                 {
                   "Node Type": "CTE Scan",
                   "Parent Relationship": "Inner",
                   "Parallel Aware": false,
                   "Async Capable": false,
                   "CTE Name": "ancestry",
                   "Alias": "t_2",
                   "Startup Cost": 0.00,
                   "Total Cost": 0.25,
                   "Plan Rows": 1,
                   "Plan Width": 8,
                   "Actual Startup Time": 0.000,
                   "Actual Total Time": 0.000,
                   "Actual Rows": 0,
                   "Actual Loops": 0,
                   "Disabled": false,
                   "Filter": "(record_id = r_5.id)",
                   "Rows Removed by Filter": 0,
                   "Storage": "Memory",
                   "Maximum Storage": 17,
                   "Shared Hit Blocks": 0,
                   "Shared Read Blocks": 0,
                   "Shared Dirtied Blocks": 0,
                   "Shared Written Blocks": 0,
                   "Local Hit Blocks": 0,
                   "Local Read Blocks": 0,
                   "Local Dirtied Blocks": 0,
                   "Local Written Blocks": 0,
                   "Temp Read Blocks": 0,
                   "Temp Written Blocks": 0
                 }
               ]
             },
             {
               "Node Type": "CTE Scan",
               "Parent Relationship": "SubPlan",
               "Subplan Name": "SubPlan 25",
               "Parallel Aware": false,
               "Async Capable": false,
               "CTE Name": "included",
               "Alias": "i",
               "Startup Cost": 0.00,
               "Total Cost": 0.02,
               "Plan Rows": 1,
               "Plan Width": 8,
               "Actual Startup Time": 0.000,
               "Actual Total Time": 0.000,
               "Actual Rows": 0,
               "Actual Loops": 0,
               "Disabled": false,
               "Storage": "Memory",
               "Maximum Storage": 17,
               "Shared Hit Blocks": 0,
               "Shared Read Blocks": 0,
               "Shared Dirtied Blocks": 0,
               "Shared Written Blocks": 0,
               "Local Hit Blocks": 0,
               "Local Read Blocks": 0,
               "Local Dirtied Blocks": 0,
               "Local Written Blocks": 0,
               "Temp Read Blocks": 0,
               "Temp Written Blocks": 0
             }
           ]
         },
         {
           "Node Type": "Hash Join",
           "Parent Relationship": "InitPlan",
           "Subplan Name": "CTE visible",
           "Parallel Aware": false,
           "Async Capable": false,
           "Join Type": "Right Anti",
           "Startup Cost": 0.28,
           "Total Cost": 0.54,
           "Plan Rows": 1,
           "Plan Width": 128,
           "Actual Startup Time": 0.033,
           "Actual Total Time": 0.035,
           "Actual Rows": 1.00,
           "Actual Loops": 1,
           "Disabled": false,
           "Inner Unique": false,
           "Hash Cond": "(t_4.record_id = r_6.id)",
           "Shared Hit Blocks": 0,
           "Shared Read Blocks": 0,
           "Shared Dirtied Blocks": 0,
           "Shared Written Blocks": 0,
           "Local Hit Blocks": 0,
           "Local Read Blocks": 0,
           "Local Dirtied Blocks": 0,
           "Local Written Blocks": 0,
           "Temp Read Blocks": 0,
           "Temp Written Blocks": 0,
           "Plans": [
             {
               "Node Type": "CTE Scan",
               "Parent Relationship": "Outer",
               "Parallel Aware": false,
               "Async Capable": false,
               "CTE Name": "ancestry",
               "Alias": "t_4",
               "Startup Cost": 0.00,
               "Total Cost": 0.22,
               "Plan Rows": 8,
               "Plan Width": 8,
               "Actual Startup Time": 0.000,
               "Actual Total Time": 0.000,
               "Actual Rows": 0.00,
               "Actual Loops": 1,
               "Disabled": false,
               "Filter": "(hidden OR cycle)",
               "Rows Removed by Filter": 0,
               "Storage": "Memory",
               "Maximum Storage": 17,
               "Shared Hit Blocks": 0,
               "Shared Read Blocks": 0,
               "Shared Dirtied Blocks": 0,
               "Shared Written Blocks": 0,
               "Local Hit Blocks": 0,
               "Local Read Blocks": 0,
               "Local Dirtied Blocks": 0,
               "Local Written Blocks": 0,
               "Temp Read Blocks": 0,
               "Temp Written Blocks": 0
             },
             {
               "Node Type": "Hash",
               "Parent Relationship": "Inner",
               "Parallel Aware": false,
               "Async Capable": false,
               "Startup Cost": 0.27,
               "Total Cost": 0.27,
               "Plan Rows": 1,
               "Plan Width": 128,
               "Actual Startup Time": 0.015,
               "Actual Total Time": 0.016,
               "Actual Rows": 1.00,
               "Actual Loops": 1,
               "Disabled": false,
               "Hash Buckets": 1024,
               "Original Hash Buckets": 1024,
               "Hash Batches": 1,
               "Original Hash Batches": 1,
               "Peak Memory Usage": 9,
               "Shared Hit Blocks": 0,
               "Shared Read Blocks": 0,
               "Shared Dirtied Blocks": 0,
               "Shared Written Blocks": 0,
               "Local Hit Blocks": 0,
               "Local Read Blocks": 0,
               "Local Dirtied Blocks": 0,
               "Local Written Blocks": 0,
               "Temp Read Blocks": 0,
               "Temp Written Blocks": 0,
               "Plans": [
                 {
                   "Node Type": "CTE Scan",
                   "Parent Relationship": "Outer",
                   "Parallel Aware": false,
                   "Async Capable": false,
                   "CTE Name": "scoped",
                   "Alias": "r_6",
                   "Startup Cost": 0.00,
                   "Total Cost": 0.27,
                   "Plan Rows": 1,
                   "Plan Width": 128,
                   "Actual Startup Time": 0.010,
                   "Actual Total Time": 0.011,
                   "Actual Rows": 1.00,
                   "Actual Loops": 1,
                   "Disabled": false,
                   "Filter": "((folder_id IS NULL) OR (ANY (id = (hashed SubPlan 28).col1)))",
                   "Rows Removed by Filter": 0,
                   "Storage": "Memory",
                   "Maximum Storage": 17,
                   "Shared Hit Blocks": 0,
                   "Shared Read Blocks": 0,
                   "Shared Dirtied Blocks": 0,
                   "Shared Written Blocks": 0,
                   "Local Hit Blocks": 0,
                   "Local Read Blocks": 0,
                   "Local Dirtied Blocks": 0,
                   "Local Written Blocks": 0,
                   "Temp Read Blocks": 0,
                   "Temp Written Blocks": 0,
                   "Plans": [
                     {
                       "Node Type": "CTE Scan",
                       "Parent Relationship": "SubPlan",
                       "Subplan Name": "SubPlan 28",
                       "Parallel Aware": false,
                       "Async Capable": false,
                       "CTE Name": "ancestry",
                       "Alias": "t_3",
                       "Startup Cost": 0.00,
                       "Total Cost": 0.22,
                       "Plan Rows": 1,
                       "Plan Width": 8,
                       "Actual Startup Time": 0.000,
                       "Actual Total Time": 0.000,
                       "Actual Rows": 0,
                       "Actual Loops": 0,
                       "Disabled": false,
                       "Filter": "(parent_folder_id IS NULL)",
                       "Rows Removed by Filter": 0,
                       "Storage": "Memory",
                       "Maximum Storage": 17,
                       "Shared Hit Blocks": 0,
                       "Shared Read Blocks": 0,
                       "Shared Dirtied Blocks": 0,
                       "Shared Written Blocks": 0,
                       "Local Hit Blocks": 0,
                       "Local Read Blocks": 0,
                       "Local Dirtied Blocks": 0,
                       "Local Written Blocks": 0,
                       "Temp Read Blocks": 0,
                       "Temp Written Blocks": 0
                     }
                   ]
                 }
               ]
             }
           ]
         },
         {
           "Node Type": "Result",
           "Parent Relationship": "InitPlan",
           "Subplan Name": "CTE boundary",
           "Parallel Aware": false,
           "Async Capable": false,
           "Startup Cost": 0.03,
           "Total Cost": 0.04,
           "Plan Rows": 1,
           "Plan Width": 8,
           "Actual Startup Time": 0.009,
           "Actual Total Time": 0.010,
           "Actual Rows": 1.00,
           "Actual Loops": 1,
           "Disabled": false,
           "Shared Hit Blocks": 0,
           "Shared Read Blocks": 0,
           "Shared Dirtied Blocks": 0,
           "Shared Written Blocks": 0,
           "Local Hit Blocks": 0,
           "Local Read Blocks": 0,
           "Local Dirtied Blocks": 0,
           "Local Written Blocks": 0,
           "Temp Read Blocks": 0,
           "Temp Written Blocks": 0,
           "Plans": [
             {
               "Node Type": "Aggregate",
               "Strategy": "Plain",
               "Partial Mode": "Simple",
               "Parent Relationship": "InitPlan",
               "Subplan Name": "InitPlan 30",
               "Parallel Aware": false,
               "Async Capable": false,
               "Startup Cost": 0.02,
               "Total Cost": 0.03,
               "Plan Rows": 1,
               "Plan Width": 8,
               "Actual Startup Time": 0.006,
               "Actual Total Time": 0.007,
               "Actual Rows": 1.00,
               "Actual Loops": 1,
               "Disabled": false,
               "Shared Hit Blocks": 0,
               "Shared Read Blocks": 0,
               "Shared Dirtied Blocks": 0,
               "Shared Written Blocks": 0,
               "Local Hit Blocks": 0,
               "Local Read Blocks": 0,
               "Local Dirtied Blocks": 0,
               "Local Written Blocks": 0,
               "Temp Read Blocks": 0,
               "Temp Written Blocks": 0,
               "Plans": [
                 {
                   "Node Type": "CTE Scan",
                   "Parent Relationship": "Outer",
                   "Parallel Aware": false,
                   "Async Capable": false,
                   "CTE Name": "visible",
                   "Alias": "r_7",
                   "Startup Cost": 0.00,
                   "Total Cost": 0.02,
                   "Plan Rows": 1,
                   "Plan Width": 8,
                   "Actual Startup Time": 0.002,
                   "Actual Total Time": 0.002,
                   "Actual Rows": 1.00,
                   "Actual Loops": 1,
                   "Disabled": false,
                   "Storage": "Memory",
                   "Maximum Storage": 17,
                   "Shared Hit Blocks": 0,
                   "Shared Read Blocks": 0,
                   "Shared Dirtied Blocks": 0,
                   "Shared Written Blocks": 0,
                   "Local Hit Blocks": 0,
                   "Local Read Blocks": 0,
                   "Local Dirtied Blocks": 0,
                   "Local Written Blocks": 0,
                   "Temp Read Blocks": 0,
                   "Temp Written Blocks": 0
                 }
               ]
             }
           ]
         },
         {
           "Node Type": "Sort",
           "Parent Relationship": "InitPlan",
           "Subplan Name": "CTE page",
           "Parallel Aware": false,
           "Async Capable": false,
           "Startup Cost": 0.07,
           "Total Cost": 0.07,
           "Plan Rows": 1,
           "Plan Width": 128,
           "Actual Startup Time": 0.014,
           "Actual Total Time": 0.015,
           "Actual Rows": 1.00,
           "Actual Loops": 1,
           "Disabled": false,
           "Sort Key": ["r_8.server_sequence"],
           "Sort Method": "quicksort",
           "Sort Space Used": 25,
           "Sort Space Type": "Memory",
           "Shared Hit Blocks": 0,
           "Shared Read Blocks": 0,
           "Shared Dirtied Blocks": 0,
           "Shared Written Blocks": 0,
           "Local Hit Blocks": 0,
           "Local Read Blocks": 0,
           "Local Dirtied Blocks": 0,
           "Local Written Blocks": 0,
           "Temp Read Blocks": 0,
           "Temp Written Blocks": 0,
           "Plans": [
             {
               "Node Type": "Nested Loop",
               "Parent Relationship": "Outer",
               "Parallel Aware": false,
               "Async Capable": false,
               "Join Type": "Inner",
               "Startup Cost": 0.00,
               "Total Cost": 0.05,
               "Plan Rows": 1,
               "Plan Width": 128,
               "Actual Startup Time": 0.004,
               "Actual Total Time": 0.005,
               "Actual Rows": 1.00,
               "Actual Loops": 1,
               "Disabled": false,
               "Inner Unique": false,
               "Join Filter": "(r_8.server_sequence <= b.value)",
               "Rows Removed by Join Filter": 0,
               "Shared Hit Blocks": 0,
               "Shared Read Blocks": 0,
               "Shared Dirtied Blocks": 0,
               "Shared Written Blocks": 0,
               "Local Hit Blocks": 0,
               "Local Read Blocks": 0,
               "Local Dirtied Blocks": 0,
               "Local Written Blocks": 0,
               "Temp Read Blocks": 0,
               "Temp Written Blocks": 0,
               "Plans": [
                 {
                   "Node Type": "CTE Scan",
                   "Parent Relationship": "Outer",
                   "Parallel Aware": false,
                   "Async Capable": false,
                   "CTE Name": "visible",
                   "Alias": "r_8",
                   "Startup Cost": 0.00,
                   "Total Cost": 0.02,
                   "Plan Rows": 1,
                   "Plan Width": 128,
                   "Actual Startup Time": 0.001,
                   "Actual Total Time": 0.001,
                   "Actual Rows": 1.00,
                   "Actual Loops": 1,
                   "Disabled": false,
                   "Filter": "(server_sequence > '0'::bigint)",
                   "Rows Removed by Filter": 0,
                   "Storage": "Memory",
                   "Maximum Storage": 17,
                   "Shared Hit Blocks": 0,
                   "Shared Read Blocks": 0,
                   "Shared Dirtied Blocks": 0,
                   "Shared Written Blocks": 0,
                   "Local Hit Blocks": 0,
                   "Local Read Blocks": 0,
                   "Local Dirtied Blocks": 0,
                   "Local Written Blocks": 0,
                   "Temp Read Blocks": 0,
                   "Temp Written Blocks": 0
                 },
                 {
                   "Node Type": "CTE Scan",
                   "Parent Relationship": "Inner",
                   "Parallel Aware": false,
                   "Async Capable": false,
                   "CTE Name": "boundary",
                   "Alias": "b",
                   "Startup Cost": 0.00,
                   "Total Cost": 0.02,
                   "Plan Rows": 1,
                   "Plan Width": 8,
                   "Actual Startup Time": 0.000,
                   "Actual Total Time": 0.000,
                   "Actual Rows": 1.00,
                   "Actual Loops": 1,
                   "Disabled": false,
                   "Storage": "Memory",
                   "Maximum Storage": 17,
                   "Shared Hit Blocks": 0,
                   "Shared Read Blocks": 0,
                   "Shared Dirtied Blocks": 0,
                   "Shared Written Blocks": 0,
                   "Local Hit Blocks": 0,
                   "Local Read Blocks": 0,
                   "Local Dirtied Blocks": 0,
                   "Local Written Blocks": 0,
                   "Temp Read Blocks": 0,
                   "Temp Written Blocks": 0
                 }
               ]
             }
           ]
         },
         {
           "Node Type": "Nested Loop",
           "Parent Relationship": "InitPlan",
           "Subplan Name": "InitPlan 33",
           "Parallel Aware": false,
           "Async Capable": false,
           "Join Type": "Anti",
           "Startup Cost": 0.15,
           "Total Cost": 8.20,
           "Plan Rows": 1,
           "Plan Width": 0,
           "Actual Startup Time": 0.050,
           "Actual Total Time": 0.051,
           "Actual Rows": 1.00,
           "Actual Loops": 1,
           "Disabled": false,
           "Inner Unique": false,
           "Shared Hit Blocks": 4,
           "Shared Read Blocks": 0,
           "Shared Dirtied Blocks": 0,
           "Shared Written Blocks": 0,
           "Local Hit Blocks": 0,
           "Local Read Blocks": 0,
           "Local Dirtied Blocks": 0,
           "Local Written Blocks": 0,
           "Temp Read Blocks": 0,
           "Temp Written Blocks": 0,
           "Plans": [
             {
               "Node Type": "CTE Scan",
               "Parent Relationship": "Outer",
               "Parallel Aware": false,
               "Async Capable": false,
               "CTE Name": "actor",
               "Alias": "a_2",
               "Startup Cost": 0.00,
               "Total Cost": 0.02,
               "Plan Rows": 1,
               "Plan Width": 16,
               "Actual Startup Time": 0.036,
               "Actual Total Time": 0.036,
               "Actual Rows": 1.00,
               "Actual Loops": 1,
               "Disabled": false,
               "Filter": "(state = 0)",
               "Rows Removed by Filter": 0,
               "Storage": "Memory",
               "Maximum Storage": 17,
               "Shared Hit Blocks": 2,
               "Shared Read Blocks": 0,
               "Shared Dirtied Blocks": 0,
               "Shared Written Blocks": 0,
               "Local Hit Blocks": 0,
               "Local Read Blocks": 0,
               "Local Dirtied Blocks": 0,
               "Local Written Blocks": 0,
               "Temp Read Blocks": 0,
               "Temp Written Blocks": 0
             },
             {
               "Node Type": "Index Only Scan",
               "Parent Relationship": "Inner",
               "Parallel Aware": false,
               "Async Capable": false,
               "Scan Direction": "Forward",
               "Index Name": "ix_terminal_erasure_resource_id",
               "Relation Name": "terminal_erasure",
               "Alias": "e_9",
               "Startup Cost": 0.15,
               "Total Cost": 8.17,
               "Plan Rows": 1,
               "Plan Width": 16,
               "Actual Startup Time": 0.011,
               "Actual Total Time": 0.011,
               "Actual Rows": 0.00,
               "Actual Loops": 1,
               "Disabled": false,
               "Index Cond": "(resource_id = a_2.public_id)",
               "Rows Removed by Index Recheck": 0,
               "Heap Fetches": 0,
               "Index Searches": 1,
               "Shared Hit Blocks": 2,
               "Shared Read Blocks": 0,
               "Shared Dirtied Blocks": 0,
               "Shared Written Blocks": 0,
               "Local Hit Blocks": 0,
               "Local Read Blocks": 0,
               "Local Dirtied Blocks": 0,
               "Local Written Blocks": 0,
               "Temp Read Blocks": 0,
               "Temp Written Blocks": 0
             }
           ]
         },
         {
           "Node Type": "CTE Scan",
           "Parent Relationship": "InitPlan",
           "Subplan Name": "InitPlan 34",
           "Parallel Aware": false,
           "Async Capable": false,
           "CTE Name": "session",
           "Alias": "session",
           "Startup Cost": 0.00,
           "Total Cost": 0.02,
           "Plan Rows": 1,
           "Plan Width": 0,
           "Actual Startup Time": 0.640,
           "Actual Total Time": 0.640,
           "Actual Rows": 1.00,
           "Actual Loops": 1,
           "Disabled": false,
           "Storage": "Memory",
           "Maximum Storage": 17,
           "Shared Hit Blocks": 4,
           "Shared Read Blocks": 0,
           "Shared Dirtied Blocks": 0,
           "Shared Written Blocks": 0,
           "Local Hit Blocks": 0,
           "Local Read Blocks": 0,
           "Local Dirtied Blocks": 0,
           "Local Written Blocks": 0,
           "Temp Read Blocks": 0,
           "Temp Written Blocks": 0
         },
         {
           "Node Type": "Hash Join",
           "Parent Relationship": "InitPlan",
           "Subplan Name": "InitPlan 35",
           "Parallel Aware": false,
           "Async Capable": false,
           "Join Type": "Right Anti",
           "Startup Cost": 0.30,
           "Total Cost": 0.55,
           "Plan Rows": 1,
           "Plan Width": 0,
           "Actual Startup Time": 0.315,
           "Actual Total Time": 0.317,
           "Actual Rows": 0.00,
           "Actual Loops": 1,
           "Disabled": false,
           "Inner Unique": false,
           "Hash Cond": "(hidden.record_id = r_9.id)",
           "Shared Hit Blocks": 18,
           "Shared Read Blocks": 0,
           "Shared Dirtied Blocks": 0,
           "Shared Written Blocks": 0,
           "Local Hit Blocks": 0,
           "Local Read Blocks": 0,
           "Local Dirtied Blocks": 0,
           "Local Written Blocks": 0,
           "Temp Read Blocks": 0,
           "Temp Written Blocks": 0,
           "Plans": [
             {
               "Node Type": "CTE Scan",
               "Parent Relationship": "Outer",
               "Parallel Aware": false,
               "Async Capable": false,
               "CTE Name": "ancestry",
               "Alias": "hidden",
               "Startup Cost": 0.00,
               "Total Cost": 0.22,
               "Plan Rows": 6,
               "Plan Width": 8,
               "Actual Startup Time": 0.000,
               "Actual Total Time": 0.000,
               "Actual Rows": 0,
               "Actual Loops": 0,
               "Disabled": false,
               "Filter": "hidden",
               "Rows Removed by Filter": 0,
               "Storage": "Memory",
               "Maximum Storage": 17,
               "Shared Hit Blocks": 0,
               "Shared Read Blocks": 0,
               "Shared Dirtied Blocks": 0,
               "Shared Written Blocks": 0,
               "Local Hit Blocks": 0,
               "Local Read Blocks": 0,
               "Local Dirtied Blocks": 0,
               "Local Written Blocks": 0,
               "Temp Read Blocks": 0,
               "Temp Written Blocks": 0
             },
             {
               "Node Type": "Hash",
               "Parent Relationship": "Inner",
               "Parallel Aware": false,
               "Async Capable": false,
               "Startup Cost": 0.29,
               "Total Cost": 0.29,
               "Plan Rows": 1,
               "Plan Width": 8,
               "Actual Startup Time": 0.291,
               "Actual Total Time": 0.293,
               "Actual Rows": 0.00,
               "Actual Loops": 1,
               "Disabled": false,
               "Hash Buckets": 1024,
               "Original Hash Buckets": 1024,
               "Hash Batches": 1,
               "Original Hash Batches": 1,
               "Peak Memory Usage": 8,
               "Shared Hit Blocks": 18,
               "Shared Read Blocks": 0,
               "Shared Dirtied Blocks": 0,
               "Shared Written Blocks": 0,
               "Local Hit Blocks": 0,
               "Local Read Blocks": 0,
               "Local Dirtied Blocks": 0,
               "Local Written Blocks": 0,
               "Temp Read Blocks": 0,
               "Temp Written Blocks": 0,
               "Plans": [
                 {
                   "Node Type": "Hash Join",
                   "Parent Relationship": "Outer",
                   "Parallel Aware": false,
                   "Async Capable": false,
                   "Join Type": "Inner",
                   "Startup Cost": 0.03,
                   "Total Cost": 0.29,
                   "Plan Rows": 1,
                   "Plan Width": 8,
                   "Actual Startup Time": 0.291,
                   "Actual Total Time": 0.292,
                   "Actual Rows": 0.00,
                   "Actual Loops": 1,
                   "Disabled": false,
                   "Inner Unique": false,
                   "Hash Cond": "(t_5.record_id = r_9.id)",
                   "Shared Hit Blocks": 18,
                   "Shared Read Blocks": 0,
                   "Shared Dirtied Blocks": 0,
                   "Shared Written Blocks": 0,
                   "Local Hit Blocks": 0,
                   "Local Read Blocks": 0,
                   "Local Dirtied Blocks": 0,
                   "Local Written Blocks": 0,
                   "Temp Read Blocks": 0,
                   "Temp Written Blocks": 0,
                   "Plans": [
                     {
                       "Node Type": "CTE Scan",
                       "Parent Relationship": "Outer",
                       "Parallel Aware": false,
                       "Async Capable": false,
                       "CTE Name": "ancestry",
                       "Alias": "t_5",
                       "Startup Cost": 0.00,
                       "Total Cost": 0.22,
                       "Plan Rows": 6,
                       "Plan Width": 8,
                       "Actual Startup Time": 0.290,
                       "Actual Total Time": 0.290,
                       "Actual Rows": 0.00,
                       "Actual Loops": 1,
                       "Disabled": false,
                       "Filter": "cycle",
                       "Rows Removed by Filter": 0,
                       "Storage": "Memory",
                       "Maximum Storage": 17,
                       "Shared Hit Blocks": 18,
                       "Shared Read Blocks": 0,
                       "Shared Dirtied Blocks": 0,
                       "Shared Written Blocks": 0,
                       "Local Hit Blocks": 0,
                       "Local Read Blocks": 0,
                       "Local Dirtied Blocks": 0,
                       "Local Written Blocks": 0,
                       "Temp Read Blocks": 0,
                       "Temp Written Blocks": 0
                     },
                     {
                       "Node Type": "Hash",
                       "Parent Relationship": "Inner",
                       "Parallel Aware": false,
                       "Async Capable": false,
                       "Startup Cost": 0.02,
                       "Total Cost": 0.02,
                       "Plan Rows": 1,
                       "Plan Width": 8,
                       "Actual Startup Time": 0.000,
                       "Actual Total Time": 0.000,
                       "Actual Rows": 0,
                       "Actual Loops": 0,
                       "Disabled": false,
                       "Shared Hit Blocks": 0,
                       "Shared Read Blocks": 0,
                       "Shared Dirtied Blocks": 0,
                       "Shared Written Blocks": 0,
                       "Local Hit Blocks": 0,
                       "Local Read Blocks": 0,
                       "Local Dirtied Blocks": 0,
                       "Local Written Blocks": 0,
                       "Temp Read Blocks": 0,
                       "Temp Written Blocks": 0,
                       "Plans": [
                         {
                           "Node Type": "CTE Scan",
                           "Parent Relationship": "Outer",
                           "Parallel Aware": false,
                           "Async Capable": false,
                           "CTE Name": "scoped",
                           "Alias": "r_9",
                           "Startup Cost": 0.00,
                           "Total Cost": 0.02,
                           "Plan Rows": 1,
                           "Plan Width": 8,
                           "Actual Startup Time": 0.000,
                           "Actual Total Time": 0.000,
                           "Actual Rows": 0,
                           "Actual Loops": 0,
                           "Disabled": false,
                           "Storage": "Memory",
                           "Maximum Storage": 17,
                           "Shared Hit Blocks": 0,
                           "Shared Read Blocks": 0,
                           "Shared Dirtied Blocks": 0,
                           "Shared Written Blocks": 0,
                           "Local Hit Blocks": 0,
                           "Local Read Blocks": 0,
                           "Local Dirtied Blocks": 0,
                           "Local Written Blocks": 0,
                           "Temp Read Blocks": 0,
                           "Temp Written Blocks": 0
                         }
                       ]
                     }
                   ]
                 }
               ]
             }
           ]
         },
         {
           "Node Type": "Aggregate",
           "Strategy": "Hashed",
           "Partial Mode": "Simple",
           "Parent Relationship": "InitPlan",
           "Subplan Name": "InitPlan 36",
           "Parallel Aware": false,
           "Async Capable": false,
           "Startup Cost": 0.02,
           "Total Cost": 0.04,
           "Plan Rows": 1,
           "Plan Width": 8,
           "Actual Startup Time": 0.044,
           "Actual Total Time": 0.045,
           "Actual Rows": 0.00,
           "Actual Loops": 1,
           "Disabled": false,
           "Group Key": ["r_10.server_sequence"],
           "Filter": "((r_10.server_sequence <= 0) OR (r_10.server_sequence > '9007199254740991'::bigint) OR (count(*) > 1))",
           "Planned Partitions": 0,
           "HashAgg Batches": 1,
           "Peak Memory Usage": 32,
           "Disk Usage": 0,
           "Rows Removed by Filter": 1,
           "Shared Hit Blocks": 0,
           "Shared Read Blocks": 0,
           "Shared Dirtied Blocks": 0,
           "Shared Written Blocks": 0,
           "Local Hit Blocks": 0,
           "Local Read Blocks": 0,
           "Local Dirtied Blocks": 0,
           "Local Written Blocks": 0,
           "Temp Read Blocks": 0,
           "Temp Written Blocks": 0,
           "Plans": [
             {
               "Node Type": "CTE Scan",
               "Parent Relationship": "Outer",
               "Parallel Aware": false,
               "Async Capable": false,
               "CTE Name": "visible",
               "Alias": "r_10",
               "Startup Cost": 0.00,
               "Total Cost": 0.02,
               "Plan Rows": 1,
               "Plan Width": 8,
               "Actual Startup Time": 0.035,
               "Actual Total Time": 0.036,
               "Actual Rows": 1.00,
               "Actual Loops": 1,
               "Disabled": false,
               "Storage": "Memory",
               "Maximum Storage": 17,
               "Shared Hit Blocks": 0,
               "Shared Read Blocks": 0,
               "Shared Dirtied Blocks": 0,
               "Shared Written Blocks": 0,
               "Local Hit Blocks": 0,
               "Local Read Blocks": 0,
               "Local Dirtied Blocks": 0,
               "Local Written Blocks": 0,
               "Temp Read Blocks": 0,
               "Temp Written Blocks": 0
             }
           ]
         },
         {
           "Node Type": "CTE Scan",
           "Parent Relationship": "InitPlan",
           "Subplan Name": "InitPlan 37",
           "Parallel Aware": false,
           "Async Capable": false,
           "CTE Name": "boundary",
           "Alias": "boundary",
           "Startup Cost": 0.00,
           "Total Cost": 0.02,
           "Plan Rows": 1,
           "Plan Width": 8,
           "Actual Startup Time": 0.010,
           "Actual Total Time": 0.010,
           "Actual Rows": 1.00,
           "Actual Loops": 1,
           "Disabled": false,
           "Storage": "Memory",
           "Maximum Storage": 17,
           "Shared Hit Blocks": 0,
           "Shared Read Blocks": 0,
           "Shared Dirtied Blocks": 0,
           "Shared Written Blocks": 0,
           "Local Hit Blocks": 0,
           "Local Read Blocks": 0,
           "Local Dirtied Blocks": 0,
           "Local Written Blocks": 0,
           "Temp Read Blocks": 0,
           "Temp Written Blocks": 0
         },
         {
           "Node Type": "Limit",
           "Parent Relationship": "InitPlan",
           "Subplan Name": "InitPlan 38",
           "Parallel Aware": false,
           "Async Capable": false,
           "Startup Cost": 0.02,
           "Total Cost": 0.02,
           "Plan Rows": 1,
           "Plan Width": 0,
           "Actual Startup Time": 0.017,
           "Actual Total Time": 0.018,
           "Actual Rows": 0.00,
           "Actual Loops": 1,
           "Disabled": false,
           "Shared Hit Blocks": 0,
           "Shared Read Blocks": 0,
           "Shared Dirtied Blocks": 0,
           "Shared Written Blocks": 0,
           "Local Hit Blocks": 0,
           "Local Read Blocks": 0,
           "Local Dirtied Blocks": 0,
           "Local Written Blocks": 0,
           "Temp Read Blocks": 0,
           "Temp Written Blocks": 0,
           "Plans": [
             {
               "Node Type": "CTE Scan",
               "Parent Relationship": "Outer",
               "Parallel Aware": false,
               "Async Capable": false,
               "CTE Name": "page",
               "Alias": "page",
               "Startup Cost": 0.00,
               "Total Cost": 0.02,
               "Plan Rows": 1,
               "Plan Width": 0,
               "Actual Startup Time": 0.015,
               "Actual Total Time": 0.016,
               "Actual Rows": 1.00,
               "Actual Loops": 1,
               "Disabled": false,
               "Storage": "Memory",
               "Maximum Storage": 17,
               "Shared Hit Blocks": 0,
               "Shared Read Blocks": 0,
               "Shared Dirtied Blocks": 0,
               "Shared Written Blocks": 0,
               "Local Hit Blocks": 0,
               "Local Read Blocks": 0,
               "Local Dirtied Blocks": 0,
               "Local Written Blocks": 0,
               "Temp Read Blocks": 0,
               "Temp Written Blocks": 0
             }
           ]
         },
         {
           "Node Type": "Aggregate",
           "Strategy": "Plain",
           "Partial Mode": "Simple",
           "Parent Relationship": "InitPlan",
           "Subplan Name": "InitPlan 39",
           "Parallel Aware": false,
           "Async Capable": false,
           "Startup Cost": 0.06,
           "Total Cost": 0.07,
           "Plan Rows": 1,
           "Plan Width": 32,
           "Actual Startup Time": 0.061,
           "Actual Total Time": 0.063,
           "Actual Rows": 1.00,
           "Actual Loops": 1,
           "Disabled": false,
           "Shared Hit Blocks": 0,
           "Shared Read Blocks": 0,
           "Shared Dirtied Blocks": 0,
           "Shared Written Blocks": 0,
           "Local Hit Blocks": 0,
           "Local Read Blocks": 0,
           "Local Dirtied Blocks": 0,
           "Local Written Blocks": 0,
           "Temp Read Blocks": 0,
           "Temp Written Blocks": 0,
           "Plans": [
             {
               "Node Type": "Sort",
               "Parent Relationship": "Outer",
               "Parallel Aware": false,
               "Async Capable": false,
               "Startup Cost": 0.04,
               "Total Cost": 0.05,
               "Plan Rows": 1,
               "Plan Width": 72,
               "Actual Startup Time": 0.014,
               "Actual Total Time": 0.016,
               "Actual Rows": 1.00,
               "Actual Loops": 1,
               "Disabled": false,
               "Sort Key": ["p_1.server_sequence"],
               "Sort Method": "quicksort",
               "Sort Space Used": 25,
               "Sort Space Type": "Memory",
               "Shared Hit Blocks": 0,
               "Shared Read Blocks": 0,
               "Shared Dirtied Blocks": 0,
               "Shared Written Blocks": 0,
               "Local Hit Blocks": 0,
               "Local Read Blocks": 0,
               "Local Dirtied Blocks": 0,
               "Local Written Blocks": 0,
               "Temp Read Blocks": 0,
               "Temp Written Blocks": 0,
               "Plans": [
                 {
                   "Node Type": "Subquery Scan",
                   "Parent Relationship": "Outer",
                   "Parallel Aware": false,
                   "Async Capable": false,
                   "Alias": "p_1",
                   "Startup Cost": 0.00,
                   "Total Cost": 0.03,
                   "Plan Rows": 1,
                   "Plan Width": 72,
                   "Actual Startup Time": 0.005,
                   "Actual Total Time": 0.006,
                   "Actual Rows": 1.00,
                   "Actual Loops": 1,
                   "Disabled": false,
                   "Shared Hit Blocks": 0,
                   "Shared Read Blocks": 0,
                   "Shared Dirtied Blocks": 0,
                   "Shared Written Blocks": 0,
                   "Local Hit Blocks": 0,
                   "Local Read Blocks": 0,
                   "Local Dirtied Blocks": 0,
                   "Local Written Blocks": 0,
                   "Temp Read Blocks": 0,
                   "Temp Written Blocks": 0,
                   "Plans": [
                     {
                       "Node Type": "Limit",
                       "Parent Relationship": "Subquery",
                       "Parallel Aware": false,
                       "Async Capable": false,
                       "Startup Cost": 0.00,
                       "Total Cost": 0.02,
                       "Plan Rows": 1,
                       "Plan Width": 128,
                       "Actual Startup Time": 0.003,
                       "Actual Total Time": 0.004,
                       "Actual Rows": 1.00,
                       "Actual Loops": 1,
                       "Disabled": false,
                       "Shared Hit Blocks": 0,
                       "Shared Read Blocks": 0,
                       "Shared Dirtied Blocks": 0,
                       "Shared Written Blocks": 0,
                       "Local Hit Blocks": 0,
                       "Local Read Blocks": 0,
                       "Local Dirtied Blocks": 0,
                       "Local Written Blocks": 0,
                       "Temp Read Blocks": 0,
                       "Temp Written Blocks": 0,
                       "Plans": [
                         {
                           "Node Type": "CTE Scan",
                           "Parent Relationship": "Outer",
                           "Parallel Aware": false,
                           "Async Capable": false,
                           "CTE Name": "page",
                           "Alias": "page_1",
                           "Startup Cost": 0.00,
                           "Total Cost": 0.02,
                           "Plan Rows": 1,
                           "Plan Width": 128,
                           "Actual Startup Time": 0.002,
                           "Actual Total Time": 0.002,
                           "Actual Rows": 1.00,
                           "Actual Loops": 1,
                           "Disabled": false,
                           "Storage": "Memory",
                           "Maximum Storage": 17,
                           "Shared Hit Blocks": 0,
                           "Shared Read Blocks": 0,
                           "Shared Dirtied Blocks": 0,
                           "Shared Written Blocks": 0,
                           "Local Hit Blocks": 0,
                           "Local Read Blocks": 0,
                           "Local Dirtied Blocks": 0,
                           "Local Written Blocks": 0,
                           "Temp Read Blocks": 0,
                           "Temp Written Blocks": 0
                         }
                       ]
                     }
                   ]
                 }
               ]
             }
           ]
         },
         {
           "Node Type": "Aggregate",
           "Strategy": "Plain",
           "Partial Mode": "Simple",
           "Parent Relationship": "InitPlan",
           "Subplan Name": "InitPlan 40",
           "Parallel Aware": false,
           "Async Capable": false,
           "Startup Cost": 17.31,
           "Total Cost": 17.32,
           "Plan Rows": 1,
           "Plan Width": 32,
           "Actual Startup Time": 0.514,
           "Actual Total Time": 0.518,
           "Actual Rows": 1.00,
           "Actual Loops": 1,
           "Disabled": false,
           "Shared Hit Blocks": 2,
           "Shared Read Blocks": 0,
           "Shared Dirtied Blocks": 0,
           "Shared Written Blocks": 0,
           "Local Hit Blocks": 0,
           "Local Read Blocks": 0,
           "Local Dirtied Blocks": 0,
           "Local Written Blocks": 0,
           "Temp Read Blocks": 0,
           "Temp Written Blocks": 0,
           "Plans": [
             {
               "Node Type": "Nested Loop",
               "Parent Relationship": "Outer",
               "Parallel Aware": false,
               "Async Capable": false,
               "Join Type": "Left",
               "Startup Cost": 0.83,
               "Total Cost": 17.28,
               "Plan Rows": 2,
               "Plan Width": 256,
               "Actual Startup Time": 0.512,
               "Actual Total Time": 0.515,
               "Actual Rows": 0.00,
               "Actual Loops": 1,
               "Disabled": false,
               "Inner Unique": true,
               "Shared Hit Blocks": 2,
               "Shared Read Blocks": 0,
               "Shared Dirtied Blocks": 0,
               "Shared Written Blocks": 0,
               "Local Hit Blocks": 0,
               "Local Read Blocks": 0,
               "Local Dirtied Blocks": 0,
               "Local Written Blocks": 0,
               "Temp Read Blocks": 0,
               "Temp Written Blocks": 0,
               "Plans": [
                 {
                   "Node Type": "Nested Loop",
                   "Parent Relationship": "Outer",
                   "Parallel Aware": false,
                   "Async Capable": false,
                   "Join Type": "Inner",
                   "Startup Cost": 0.68,
                   "Total Cost": 17.01,
                   "Plan Rows": 1,
                   "Plan Width": 208,
                   "Actual Startup Time": 0.511,
                   "Actual Total Time": 0.514,
                   "Actual Rows": 0.00,
                   "Actual Loops": 1,
                   "Disabled": false,
                   "Inner Unique": true,
                   "Shared Hit Blocks": 2,
                   "Shared Read Blocks": 0,
                   "Shared Dirtied Blocks": 0,
                   "Shared Written Blocks": 0,
                   "Local Hit Blocks": 0,
                   "Local Read Blocks": 0,
                   "Local Dirtied Blocks": 0,
                   "Local Written Blocks": 0,
                   "Temp Read Blocks": 0,
                   "Temp Written Blocks": 0,
                   "Plans": [
                     {
                       "Node Type": "Nested Loop",
                       "Parent Relationship": "Outer",
                       "Parallel Aware": false,
                       "Async Capable": false,
                       "Join Type": "Inner",
                       "Startup Cost": 0.54,
                       "Total Cost": 16.75,
                       "Plan Rows": 1,
                       "Plan Width": 192,
                       "Actual Startup Time": 0.510,
                       "Actual Total Time": 0.513,
                       "Actual Rows": 0.00,
                       "Actual Loops": 1,
                       "Disabled": false,
                       "Inner Unique": true,
                       "Shared Hit Blocks": 2,
                       "Shared Read Blocks": 0,
                       "Shared Dirtied Blocks": 0,
                       "Shared Written Blocks": 0,
                       "Local Hit Blocks": 0,
                       "Local Read Blocks": 0,
                       "Local Dirtied Blocks": 0,
                       "Local Written Blocks": 0,
                       "Temp Read Blocks": 0,
                       "Temp Written Blocks": 0,
                       "Plans": [
                         {
                           "Node Type": "Nested Loop",
                           "Parent Relationship": "Outer",
                           "Parallel Aware": false,
                           "Async Capable": false,
                           "Join Type": "Inner",
                           "Startup Cost": 0.39,
                           "Total Cost": 16.51,
                           "Plan Rows": 1,
                           "Plan Width": 136,
                           "Actual Startup Time": 0.509,
                           "Actual Total Time": 0.512,
                           "Actual Rows": 0.00,
                           "Actual Loops": 1,
                           "Disabled": false,
                           "Inner Unique": true,
                           "Shared Hit Blocks": 2,
                           "Shared Read Blocks": 0,
                           "Shared Dirtied Blocks": 0,
                           "Shared Written Blocks": 0,
                           "Local Hit Blocks": 0,
                           "Local Read Blocks": 0,
                           "Local Dirtied Blocks": 0,
                           "Local Written Blocks": 0,
                           "Temp Read Blocks": 0,
                           "Temp Written Blocks": 0,
                           "Plans": [
                             {
                               "Node Type": "Nested Loop",
                               "Parent Relationship": "Outer",
                               "Parallel Aware": false,
                               "Async Capable": false,
                               "Join Type": "Inner",
                               "Startup Cost": 0.24,
                               "Total Cost": 8.31,
                               "Plan Rows": 1,
                               "Plan Width": 80,
                               "Actual Startup Time": 0.509,
                               "Actual Total Time": 0.511,
                               "Actual Rows": 0.00,
                               "Actual Loops": 1,
                               "Disabled": false,
                               "Inner Unique": false,
                               "Shared Hit Blocks": 2,
                               "Shared Read Blocks": 0,
                               "Shared Dirtied Blocks": 0,
                               "Shared Written Blocks": 0,
                               "Local Hit Blocks": 0,
                               "Local Read Blocks": 0,
                               "Local Dirtied Blocks": 0,
                               "Local Written Blocks": 0,
                               "Temp Read Blocks": 0,
                               "Temp Written Blocks": 0,
                               "Plans": [
                                 {
                                   "Node Type": "Nested Loop",
                                   "Parent Relationship": "Outer",
                                   "Parallel Aware": false,
                                   "Async Capable": false,
                                   "Join Type": "Left",
                                   "Startup Cost": 0.15,
                                   "Total Cost": 8.21,
                                   "Plan Rows": 1,
                                   "Plan Width": 72,
                                   "Actual Startup Time": 0.014,
                                   "Actual Total Time": 0.016,
                                   "Actual Rows": 1.00,
                                   "Actual Loops": 1,
                                   "Disabled": false,
                                   "Inner Unique": true,
                                   "Shared Hit Blocks": 2,
                                   "Shared Read Blocks": 0,
                                   "Shared Dirtied Blocks": 0,
                                   "Shared Written Blocks": 0,
                                   "Local Hit Blocks": 0,
                                   "Local Read Blocks": 0,
                                   "Local Dirtied Blocks": 0,
                                   "Local Written Blocks": 0,
                                   "Temp Read Blocks": 0,
                                   "Temp Written Blocks": 0,
                                   "Plans": [
                                     {
                                       "Node Type": "CTE Scan",
                                       "Parent Relationship": "Outer",
                                       "Parallel Aware": false,
                                       "Async Capable": false,
                                       "CTE Name": "actor",
                                       "Alias": "a_3",
                                       "Startup Cost": 0.00,
                                       "Total Cost": 0.02,
                                       "Plan Rows": 1,
                                       "Plan Width": 24,
                                       "Actual Startup Time": 0.001,
                                       "Actual Total Time": 0.001,
                                       "Actual Rows": 1.00,
                                       "Actual Loops": 1,
                                       "Disabled": false,
                                       "Storage": "Memory",
                                       "Maximum Storage": 17,
                                       "Shared Hit Blocks": 0,
                                       "Shared Read Blocks": 0,
                                       "Shared Dirtied Blocks": 0,
                                       "Shared Written Blocks": 0,
                                       "Local Hit Blocks": 0,
                                       "Local Read Blocks": 0,
                                       "Local Dirtied Blocks": 0,
                                       "Local Written Blocks": 0,
                                       "Temp Read Blocks": 0,
                                       "Temp Written Blocks": 0
                                     },
                                     {
                                       "Node Type": "Index Scan",
                                       "Parent Relationship": "Inner",
                                       "Parallel Aware": false,
                                       "Async Capable": false,
                                       "Scan Direction": "Forward",
                                       "Index Name": "ix_vault_protection_account_id",
                                       "Relation Name": "vault_protection",
                                       "Alias": "rp",
                                       "Startup Cost": 0.15,
                                       "Total Cost": 8.17,
                                       "Plan Rows": 1,
                                       "Plan Width": 64,
                                       "Actual Startup Time": 0.010,
                                       "Actual Total Time": 0.010,
                                       "Actual Rows": 1.00,
                                       "Actual Loops": 1,
                                       "Disabled": false,
                                       "Index Cond": "(account_id = a_3.id)",
                                       "Rows Removed by Index Recheck": 0,
                                       "Index Searches": 1,
                                       "Shared Hit Blocks": 2,
                                       "Shared Read Blocks": 0,
                                       "Shared Dirtied Blocks": 0,
                                       "Shared Written Blocks": 0,
                                       "Local Hit Blocks": 0,
                                       "Local Read Blocks": 0,
                                       "Local Dirtied Blocks": 0,
                                       "Local Written Blocks": 0,
                                       "Temp Read Blocks": 0,
                                       "Temp Written Blocks": 0
                                     }
                                   ]
                                 },
                                 {
                                   "Node Type": "Aggregate",
                                   "Strategy": "Hashed",
                                   "Partial Mode": "Simple",
                                   "Parent Relationship": "Inner",
                                   "Parallel Aware": false,
                                   "Async Capable": false,
                                   "Startup Cost": 0.09,
                                   "Total Cost": 0.10,
                                   "Plan Rows": 1,
                                   "Plan Width": 8,
                                   "Actual Startup Time": 0.492,
                                   "Actual Total Time": 0.493,
                                   "Actual Rows": 0.00,
                                   "Actual Loops": 1,
                                   "Disabled": false,
                                   "Group Key": ["i_1.grant_id"],
                                   "Planned Partitions": 0,
                                   "HashAgg Batches": 1,
                                   "Peak Memory Usage": 32,
                                   "Disk Usage": 0,
                                   "Shared Hit Blocks": 0,
                                   "Shared Read Blocks": 0,
                                   "Shared Dirtied Blocks": 0,
                                   "Shared Written Blocks": 0,
                                   "Local Hit Blocks": 0,
                                   "Local Read Blocks": 0,
                                   "Local Dirtied Blocks": 0,
                                   "Local Written Blocks": 0,
                                   "Temp Read Blocks": 0,
                                   "Temp Written Blocks": 0,
                                   "Plans": [
                                     {
                                       "Node Type": "Nested Loop",
                                       "Parent Relationship": "Outer",
                                       "Parallel Aware": false,
                                       "Async Capable": false,
                                       "Join Type": "Inner",
                                       "Startup Cost": 0.00,
                                       "Total Cost": 0.09,
                                       "Plan Rows": 1,
                                       "Plan Width": 8,
                                       "Actual Startup Time": 0.005,
                                       "Actual Total Time": 0.006,
                                       "Actual Rows": 0.00,
                                       "Actual Loops": 1,
                                       "Disabled": false,
                                       "Inner Unique": false,
                                       "Join Filter": "(r_11.account_id <> s_6.account_id)",
                                       "Rows Removed by Join Filter": 0,
                                       "Shared Hit Blocks": 0,
                                       "Shared Read Blocks": 0,
                                       "Shared Dirtied Blocks": 0,
                                       "Shared Written Blocks": 0,
                                       "Local Hit Blocks": 0,
                                       "Local Read Blocks": 0,
                                       "Local Dirtied Blocks": 0,
                                       "Local Written Blocks": 0,
                                       "Temp Read Blocks": 0,
                                       "Temp Written Blocks": 0,
                                       "Plans": [
                                         {
                                           "Node Type": "Nested Loop",
                                           "Parent Relationship": "Outer",
                                           "Parallel Aware": false,
                                           "Async Capable": false,
                                           "Join Type": "Inner",
                                           "Startup Cost": 0.00,
                                           "Total Cost": 0.05,
                                           "Plan Rows": 1,
                                           "Plan Width": 16,
                                           "Actual Startup Time": 0.005,
                                           "Actual Total Time": 0.005,
                                           "Actual Rows": 0.00,
                                           "Actual Loops": 1,
                                           "Disabled": false,
                                           "Inner Unique": false,
                                           "Join Filter": "(i_1.record_id = r_11.id)",
                                           "Rows Removed by Join Filter": 0,
                                           "Shared Hit Blocks": 0,
                                           "Shared Read Blocks": 0,
                                           "Shared Dirtied Blocks": 0,
                                           "Shared Written Blocks": 0,
                                           "Local Hit Blocks": 0,
                                           "Local Read Blocks": 0,
                                           "Local Dirtied Blocks": 0,
                                           "Local Written Blocks": 0,
                                           "Temp Read Blocks": 0,
                                           "Temp Written Blocks": 0,
                                           "Plans": [
                                             {
                                               "Node Type": "CTE Scan",
                                               "Parent Relationship": "Outer",
                                               "Parallel Aware": false,
                                               "Async Capable": false,
                                               "CTE Name": "included",
                                               "Alias": "i_1",
                                               "Startup Cost": 0.00,
                                               "Total Cost": 0.02,
                                               "Plan Rows": 1,
                                               "Plan Width": 16,
                                               "Actual Startup Time": 0.004,
                                               "Actual Total Time": 0.004,
                                               "Actual Rows": 0.00,
                                               "Actual Loops": 1,
                                               "Disabled": false,
                                               "Filter": "(grant_id IS NOT NULL)",
                                               "Rows Removed by Filter": 0,
                                               "Storage": "Memory",
                                               "Maximum Storage": 17,
                                               "Shared Hit Blocks": 0,
                                               "Shared Read Blocks": 0,
                                               "Shared Dirtied Blocks": 0,
                                               "Shared Written Blocks": 0,
                                               "Local Hit Blocks": 0,
                                               "Local Read Blocks": 0,
                                               "Local Dirtied Blocks": 0,
                                               "Local Written Blocks": 0,
                                               "Temp Read Blocks": 0,
                                               "Temp Written Blocks": 0
                                             },
                                             {
                                               "Node Type": "CTE Scan",
                                               "Parent Relationship": "Inner",
                                               "Parallel Aware": false,
                                               "Async Capable": false,
                                               "CTE Name": "visible",
                                               "Alias": "r_11",
                                               "Startup Cost": 0.00,
                                               "Total Cost": 0.02,
                                               "Plan Rows": 1,
                                               "Plan Width": 16,
                                               "Actual Startup Time": 0.000,
                                               "Actual Total Time": 0.000,
                                               "Actual Rows": 0,
                                               "Actual Loops": 0,
                                               "Disabled": false,
                                               "Storage": "Memory",
                                               "Maximum Storage": 17,
                                               "Shared Hit Blocks": 0,
                                               "Shared Read Blocks": 0,
                                               "Shared Dirtied Blocks": 0,
                                               "Shared Written Blocks": 0,
                                               "Local Hit Blocks": 0,
                                               "Local Read Blocks": 0,
                                               "Local Dirtied Blocks": 0,
                                               "Local Written Blocks": 0,
                                               "Temp Read Blocks": 0,
                                               "Temp Written Blocks": 0
                                             }
                                           ]
                                         },
                                         {
                                           "Node Type": "CTE Scan",
                                           "Parent Relationship": "Inner",
                                           "Parallel Aware": false,
                                           "Async Capable": false,
                                           "CTE Name": "session",
                                           "Alias": "s_6",
                                           "Startup Cost": 0.00,
                                           "Total Cost": 0.02,
                                           "Plan Rows": 1,
                                           "Plan Width": 8,
                                           "Actual Startup Time": 0.000,
                                           "Actual Total Time": 0.000,
                                           "Actual Rows": 0,
                                           "Actual Loops": 0,
                                           "Disabled": false,
                                           "Storage": "Memory",
                                           "Maximum Storage": 17,
                                           "Shared Hit Blocks": 0,
                                           "Shared Read Blocks": 0,
                                           "Shared Dirtied Blocks": 0,
                                           "Shared Written Blocks": 0,
                                           "Local Hit Blocks": 0,
                                           "Local Read Blocks": 0,
                                           "Local Dirtied Blocks": 0,
                                           "Local Written Blocks": 0,
                                           "Temp Read Blocks": 0,
                                           "Temp Written Blocks": 0
                                         }
                                       ]
                                     }
                                   ]
                                 }
                               ]
                             },
                             {
                               "Node Type": "Index Scan",
                               "Parent Relationship": "Inner",
                               "Parallel Aware": false,
                               "Async Capable": false,
                               "Scan Direction": "Forward",
                               "Index Name": "pk_collection_grant",
                               "Relation Name": "collection_grant",
                               "Alias": "g_1",
                               "Startup Cost": 0.15,
                               "Total Cost": 8.17,
                               "Plan Rows": 1,
                               "Plan Width": 72,
                               "Actual Startup Time": 0.000,
                               "Actual Total Time": 0.000,
                               "Actual Rows": 0,
                               "Actual Loops": 0,
                               "Disabled": false,
                               "Index Cond": "(id = i_1.grant_id)",
                               "Rows Removed by Index Recheck": 0,
                               "Index Searches": 0,
                               "Shared Hit Blocks": 0,
                               "Shared Read Blocks": 0,
                               "Shared Dirtied Blocks": 0,
                               "Shared Written Blocks": 0,
                               "Local Hit Blocks": 0,
                               "Local Read Blocks": 0,
                               "Local Dirtied Blocks": 0,
                               "Local Written Blocks": 0,
                               "Temp Read Blocks": 0,
                               "Temp Written Blocks": 0
                             }
                           ]
                         },
                         {
                           "Node Type": "Index Scan",
                           "Parent Relationship": "Inner",
                           "Parallel Aware": false,
                           "Async Capable": false,
                           "Scan Direction": "Forward",
                           "Index Name": "pk_collection",
                           "Relation Name": "collection",
                           "Alias": "c_4",
                           "Startup Cost": 0.15,
                           "Total Cost": 0.24,
                           "Plan Rows": 1,
                           "Plan Width": 72,
                           "Actual Startup Time": 0.000,
                           "Actual Total Time": 0.000,
                           "Actual Rows": 0,
                           "Actual Loops": 0,
                           "Disabled": false,
                           "Index Cond": "(id = g_1.collection_id)",
                           "Rows Removed by Index Recheck": 0,
                           "Index Searches": 0,
                           "Shared Hit Blocks": 0,
                           "Shared Read Blocks": 0,
                           "Shared Dirtied Blocks": 0,
                           "Shared Written Blocks": 0,
                           "Local Hit Blocks": 0,
                           "Local Read Blocks": 0,
                           "Local Dirtied Blocks": 0,
                           "Local Written Blocks": 0,
                           "Temp Read Blocks": 0,
                           "Temp Written Blocks": 0
                         }
                       ]
                     },
                     {
                       "Node Type": "Index Scan",
                       "Parent Relationship": "Inner",
                       "Parallel Aware": false,
                       "Async Capable": false,
                       "Scan Direction": "Forward",
                       "Index Name": "pk_account",
                       "Relation Name": "account",
                       "Alias": "owner_2",
                       "Startup Cost": 0.15,
                       "Total Cost": 0.26,
                       "Plan Rows": 1,
                       "Plan Width": 24,
                       "Actual Startup Time": 0.000,
                       "Actual Total Time": 0.000,
                       "Actual Rows": 0,
                       "Actual Loops": 0,
                       "Disabled": false,
                       "Index Cond": "(id = c_4.account_id)",
                       "Rows Removed by Index Recheck": 0,
                       "Index Searches": 0,
                       "Shared Hit Blocks": 0,
                       "Shared Read Blocks": 0,
                       "Shared Dirtied Blocks": 0,
                       "Shared Written Blocks": 0,
                       "Local Hit Blocks": 0,
                       "Local Read Blocks": 0,
                       "Local Dirtied Blocks": 0,
                       "Local Written Blocks": 0,
                       "Temp Read Blocks": 0,
                       "Temp Written Blocks": 0
                     }
                   ]
                 },
                 {
                   "Node Type": "Index Scan",
                   "Parent Relationship": "Inner",
                   "Parallel Aware": false,
                   "Async Capable": false,
                   "Scan Direction": "Forward",
                   "Index Name": "ix_vault_protection_account_id",
                   "Relation Name": "vault_protection",
                   "Alias": "op",
                   "Startup Cost": 0.15,
                   "Total Cost": 0.27,
                   "Plan Rows": 1,
                   "Plan Width": 64,
                   "Actual Startup Time": 0.000,
                   "Actual Total Time": 0.000,
                   "Actual Rows": 0,
                   "Actual Loops": 0,
                   "Disabled": false,
                   "Index Cond": "(account_id = owner_2.id)",
                   "Rows Removed by Index Recheck": 0,
                   "Index Searches": 0,
                   "Shared Hit Blocks": 0,
                   "Shared Read Blocks": 0,
                   "Shared Dirtied Blocks": 0,
                   "Shared Written Blocks": 0,
                   "Local Hit Blocks": 0,
                   "Local Read Blocks": 0,
                   "Local Dirtied Blocks": 0,
                   "Local Written Blocks": 0,
                   "Temp Read Blocks": 0,
                   "Temp Written Blocks": 0
                 }
               ]
             }
           ]
         }
       ]
     },
     "Planning": {
       "Shared Hit Blocks": 73,
       "Shared Read Blocks": 0,
       "Shared Dirtied Blocks": 0,
       "Shared Written Blocks": 0,
       "Local Hit Blocks": 0,
       "Local Read Blocks": 0,
       "Local Dirtied Blocks": 0,
       "Local Written Blocks": 0,
       "Temp Read Blocks": 0,
       "Temp Written Blocks": 0
     },
     "Planning Time": 18.769,
     "Triggers": [
     ],
     "Execution Time": 5.861
   }
 ]


  Passed ArturRios.Cerberus.Data.Tests.RecordListStoreTests.GivenUnrelatedDeepFolderInventory_WhenListingOnePermittedRecord_ThenDoNotAdmitOrTraverseUnrelatedRows(selected: True, foreign: True, shared: True) [1 s]
  Standard Output Messages:
 [
   {
     "Plan": {
       "Node Type": "Result",
       "Parallel Aware": false,
       "Async Capable": false,
       "Startup Cost": 766.27,
       "Total Cost": 766.29,
       "Plan Rows": 1,
       "Plan Width": 77,
       "Actual Startup Time": 0.668,
       "Actual Total Time": 0.710,
       "Actual Rows": 1.00,
       "Actual Loops": 1,
       "Disabled": false,
       "Shared Hit Blocks": 62,
       "Shared Read Blocks": 0,
       "Shared Dirtied Blocks": 0,
       "Shared Written Blocks": 0,
       "Local Hit Blocks": 0,
       "Local Read Blocks": 0,
       "Local Dirtied Blocks": 0,
       "Local Written Blocks": 0,
       "Temp Read Blocks": 0,
       "Temp Written Blocks": 0,
       "Plans": [
         {
           "Node Type": "Index Scan",
           "Parent Relationship": "InitPlan",
           "Subplan Name": "CTE actor",
           "Parallel Aware": false,
           "Async Capable": false,
           "Scan Direction": "Forward",
           "Index Name": "ix_account_heimdall_public_id",
           "Relation Name": "account",
           "Alias": "a",
           "Startup Cost": 0.15,
           "Total Cost": 8.17,
           "Plan Rows": 1,
           "Plan Width": 149,
           "Actual Startup Time": 0.022,
           "Actual Total Time": 0.023,
           "Actual Rows": 1.00,
           "Actual Loops": 1,
           "Disabled": false,
           "Index Cond": "(heimdall_public_id = '81a5d4ae-43b6-4c48-94a1-06e39f864efb'::uuid)",
           "Rows Removed by Index Recheck": 0,
           "Index Searches": 1,
           "Shared Hit Blocks": 2,
           "Shared Read Blocks": 0,
           "Shared Dirtied Blocks": 0,
           "Shared Written Blocks": 0,
           "Local Hit Blocks": 0,
           "Local Read Blocks": 0,
           "Local Dirtied Blocks": 0,
           "Local Written Blocks": 0,
           "Temp Read Blocks": 0,
           "Temp Written Blocks": 0
         },
         {
           "Node Type": "Nested Loop",
           "Parent Relationship": "InitPlan",
           "Subplan Name": "CTE session",
           "Parallel Aware": false,
           "Async Capable": false,
           "Join Type": "Anti",
           "Startup Cost": 8.34,
           "Total Cost": 16.40,
           "Plan Rows": 1,
           "Plan Width": 203,
           "Actual Startup Time": 0.095,
           "Actual Total Time": 0.098,
           "Actual Rows": 1.00,
           "Actual Loops": 1,
           "Disabled": false,
           "Inner Unique": false,
           "Shared Hit Blocks": 9,
           "Shared Read Blocks": 0,
           "Shared Dirtied Blocks": 0,
           "Shared Written Blocks": 0,
           "Local Hit Blocks": 0,
           "Local Read Blocks": 0,
           "Local Dirtied Blocks": 0,
           "Local Written Blocks": 0,
           "Temp Read Blocks": 0,
           "Temp Written Blocks": 0,
           "Plans": [
             {
               "Node Type": "Hash Join",
               "Parent Relationship": "Outer",
               "Parallel Aware": false,
               "Async Capable": false,
               "Join Type": "Inner",
               "Startup Cost": 8.19,
               "Total Cost": 8.22,
               "Plan Rows": 1,
               "Plan Width": 219,
               "Actual Startup Time": 0.085,
               "Actual Total Time": 0.088,
               "Actual Rows": 1.00,
               "Actual Loops": 1,
               "Disabled": false,
               "Inner Unique": true,
               "Hash Cond": "((a_1.id = s.account_id) AND (a_1.policy_revision = s.policy_revision) AND (a_1.revocation_generation = s.revocation_generation))",
               "Join Filter": "(CASE WHEN a_1.renewal_enabled THEN (s.expires_at > statement_timestamp()) ELSE (s.expires_at IS NULL) END AND ((s.profile_id IS NULL) OR (ANY ((s.profile_id = (hashed SubPlan 3).col1) AND (a_1.id = (hashed SubPlan 3).col2)))))",
               "Rows Removed by Join Filter": 0,
               "Shared Hit Blocks": 7,
               "Shared Read Blocks": 0,
               "Shared Dirtied Blocks": 0,
               "Shared Written Blocks": 0,
               "Local Hit Blocks": 0,
               "Local Read Blocks": 0,
               "Local Dirtied Blocks": 0,
               "Local Written Blocks": 0,
               "Temp Read Blocks": 0,
               "Temp Written Blocks": 0,
               "Plans": [
                 {
                   "Node Type": "CTE Scan",
                   "Parent Relationship": "Outer",
                   "Parallel Aware": false,
                   "Async Capable": false,
                   "CTE Name": "actor",
                   "Alias": "a_1",
                   "Startup Cost": 0.00,
                   "Total Cost": 0.02,
                   "Plan Rows": 1,
                   "Plan Width": 41,
                   "Actual Startup Time": 0.001,
                   "Actual Total Time": 0.002,
                   "Actual Rows": 1.00,
                   "Actual Loops": 1,
                   "Disabled": false,
                   "Filter": "(state = 0)",
                   "Rows Removed by Filter": 0,
                   "Storage": "Memory",
                   "Maximum Storage": 17,
                   "Shared Hit Blocks": 0,
                   "Shared Read Blocks": 0,
                   "Shared Dirtied Blocks": 0,
                   "Shared Written Blocks": 0,
                   "Local Hit Blocks": 0,
                   "Local Read Blocks": 0,
                   "Local Dirtied Blocks": 0,
                   "Local Written Blocks": 0,
                   "Temp Read Blocks": 0,
                   "Temp Written Blocks": 0
                 },
                 {
                   "Node Type": "Hash",
                   "Parent Relationship": "Inner",
                   "Parallel Aware": false,
                   "Async Capable": false,
                   "Startup Cost": 8.18,
                   "Total Cost": 8.18,
                   "Plan Rows": 1,
                   "Plan Width": 203,
                   "Actual Startup Time": 0.022,
                   "Actual Total Time": 0.023,
                   "Actual Rows": 1.00,
                   "Actual Loops": 1,
                   "Disabled": false,
                   "Hash Buckets": 1024,
                   "Original Hash Buckets": 1024,
                   "Hash Batches": 1,
                   "Original Hash Batches": 1,
                   "Peak Memory Usage": 9,
                   "Shared Hit Blocks": 2,
                   "Shared Read Blocks": 0,
                   "Shared Dirtied Blocks": 0,
                   "Shared Written Blocks": 0,
                   "Local Hit Blocks": 0,
                   "Local Read Blocks": 0,
                   "Local Dirtied Blocks": 0,
                   "Local Written Blocks": 0,
                   "Temp Read Blocks": 0,
                   "Temp Written Blocks": 0,
                   "Plans": [
                     {
                       "Node Type": "Index Scan",
                       "Parent Relationship": "Outer",
                       "Parallel Aware": false,
                       "Async Capable": false,
                       "Scan Direction": "Forward",
                       "Index Name": "ix_vault_access_session_handle_verifier",
                       "Relation Name": "vault_access_session",
                       "Alias": "s",
                       "Startup Cost": 0.15,
                       "Total Cost": 8.18,
                       "Plan Rows": 1,
                       "Plan Width": 203,
                       "Actual Startup Time": 0.016,
                       "Actual Total Time": 0.017,
                       "Actual Rows": 1.00,
                       "Actual Loops": 1,
                       "Disabled": false,
                       "Index Cond": "((handle_verifier)::text = 'babeb0a4724a967c663f81f3a560b2230379b62c320559d047c125dbb94f31ec'::text)",
                       "Rows Removed by Index Recheck": 0,
                       "Filter": "((NOT revoked) AND (policy_revision > 0) AND (revocation_generation > 0) AND (issued_at <= statement_timestamp()))",
                       "Rows Removed by Filter": 0,
                       "Index Searches": 1,
                       "Shared Hit Blocks": 2,
                       "Shared Read Blocks": 0,
                       "Shared Dirtied Blocks": 0,
                       "Shared Written Blocks": 0,
                       "Local Hit Blocks": 0,
                       "Local Read Blocks": 0,
                       "Local Dirtied Blocks": 0,
                       "Local Written Blocks": 0,
                       "Temp Read Blocks": 0,
                       "Temp Written Blocks": 0
                     }
                   ]
                 },
                 {
                   "Node Type": "Nested Loop",
                   "Parent Relationship": "SubPlan",
                   "Subplan Name": "SubPlan 3",
                   "Parallel Aware": false,
                   "Async Capable": false,
                   "Join Type": "Anti",
                   "Startup Cost": 0.15,
                   "Total Cost": 26.86,
                   "Plan Rows": 1,
                   "Plan Width": 16,
                   "Actual Startup Time": 0.027,
                   "Actual Total Time": 0.029,
                   "Actual Rows": 2.00,
                   "Actual Loops": 1,
                   "Disabled": false,
                   "Inner Unique": false,
                   "Shared Hit Blocks": 5,
                   "Shared Read Blocks": 0,
                   "Shared Dirtied Blocks": 0,
                   "Shared Written Blocks": 0,
                   "Local Hit Blocks": 0,
                   "Local Read Blocks": 0,
                   "Local Dirtied Blocks": 0,
                   "Local Written Blocks": 0,
                   "Temp Read Blocks": 0,
                   "Temp Written Blocks": 0,
                   "Plans": [
                     {
                       "Node Type": "Seq Scan",
                       "Parent Relationship": "Outer",
                       "Parallel Aware": false,
                       "Async Capable": false,
                       "Relation Name": "profile",
                       "Alias": "p",
                       "Startup Cost": 0.00,
                       "Total Cost": 14.50,
                       "Plan Rows": 2,
                       "Plan Width": 32,
                       "Actual Startup Time": 0.012,
                       "Actual Total Time": 0.013,
                       "Actual Rows": 2.00,
                       "Actual Loops": 1,
                       "Disabled": false,
                       "Filter": "(deleted_at IS NULL)",
                       "Rows Removed by Filter": 0,
                       "Shared Hit Blocks": 1,
                       "Shared Read Blocks": 0,
                       "Shared Dirtied Blocks": 0,
                       "Shared Written Blocks": 0,
                       "Local Hit Blocks": 0,
                       "Local Read Blocks": 0,
                       "Local Dirtied Blocks": 0,
                       "Local Written Blocks": 0,
                       "Temp Read Blocks": 0,
                       "Temp Written Blocks": 0
                     },
                     {
                       "Node Type": "Index Only Scan",
                       "Parent Relationship": "Inner",
                       "Parallel Aware": false,
                       "Async Capable": false,
                       "Scan Direction": "Forward",
                       "Index Name": "ix_terminal_erasure_resource_id",
                       "Relation Name": "terminal_erasure",
                       "Alias": "e",
                       "Startup Cost": 0.15,
                       "Total Cost": 6.17,
                       "Plan Rows": 1,
                       "Plan Width": 16,
                       "Actual Startup Time": 0.006,
                       "Actual Total Time": 0.007,
                       "Actual Rows": 0.00,
                       "Actual Loops": 2,
                       "Disabled": false,
                       "Index Cond": "(resource_id = p.public_id)",
                       "Rows Removed by Index Recheck": 0,
                       "Heap Fetches": 0,
                       "Index Searches": 2,
                       "Shared Hit Blocks": 4,
                       "Shared Read Blocks": 0,
                       "Shared Dirtied Blocks": 0,
                       "Shared Written Blocks": 0,
                       "Local Hit Blocks": 0,
                       "Local Read Blocks": 0,
                       "Local Dirtied Blocks": 0,
                       "Local Written Blocks": 0,
                       "Temp Read Blocks": 0,
                       "Temp Written Blocks": 0
                     }
                   ]
                 }
               ]
             },
             {
               "Node Type": "Index Only Scan",
               "Parent Relationship": "Inner",
               "Parallel Aware": false,
               "Async Capable": false,
               "Scan Direction": "Forward",
               "Index Name": "ix_terminal_erasure_resource_id",
               "Relation Name": "terminal_erasure",
               "Alias": "e_1",
               "Startup Cost": 0.15,
               "Total Cost": 8.17,
               "Plan Rows": 1,
               "Plan Width": 16,
               "Actual Startup Time": 0.008,
               "Actual Total Time": 0.008,
               "Actual Rows": 0.00,
               "Actual Loops": 1,
               "Disabled": false,
               "Index Cond": "(resource_id = a_1.public_id)",
               "Rows Removed by Index Recheck": 0,
               "Heap Fetches": 0,
               "Index Searches": 1,
               "Shared Hit Blocks": 2,
               "Shared Read Blocks": 0,
               "Shared Dirtied Blocks": 0,
               "Shared Written Blocks": 0,
               "Local Hit Blocks": 0,
               "Local Read Blocks": 0,
               "Local Dirtied Blocks": 0,
               "Local Written Blocks": 0,
               "Temp Read Blocks": 0,
               "Temp Written Blocks": 0
             }
           ]
         },
         {
           "Node Type": "Nested Loop",
           "Parent Relationship": "InitPlan",
           "Subplan Name": "CTE collections",
           "Parallel Aware": false,
           "Async Capable": false,
           "Join Type": "Anti",
           "Startup Cost": 2.47,
           "Total Cost": 61.36,
           "Plan Rows": 1,
           "Plan Width": 136,
           "Actual Startup Time": 0.064,
           "Actual Total Time": 0.068,
           "Actual Rows": 1.00,
           "Actual Loops": 1,
           "Disabled": false,
           "Inner Unique": false,
           "Shared Hit Blocks": 10,
           "Shared Read Blocks": 0,
           "Shared Dirtied Blocks": 0,
           "Shared Written Blocks": 0,
           "Local Hit Blocks": 0,
           "Local Read Blocks": 0,
           "Local Dirtied Blocks": 0,
           "Local Written Blocks": 0,
           "Temp Read Blocks": 0,
           "Temp Written Blocks": 0,
           "Plans": [
             {
               "Node Type": "Nested Loop",
               "Parent Relationship": "Outer",
               "Parallel Aware": false,
               "Async Capable": false,
               "Join Type": "Left",
               "Startup Cost": 0.30,
               "Total Cost": 55.62,
               "Plan Rows": 1,
               "Plan Width": 152,
               "Actual Startup Time": 0.054,
               "Actual Total Time": 0.057,
               "Actual Rows": 1.00,
               "Actual Loops": 1,
               "Disabled": false,
               "Inner Unique": false,
               "Filter": "((c.account_id = s_1.account_id) OR (g.id IS NOT NULL))",
               "Rows Removed by Filter": 0,
               "Shared Hit Blocks": 8,
               "Shared Read Blocks": 0,
               "Shared Dirtied Blocks": 0,
               "Shared Written Blocks": 0,
               "Local Hit Blocks": 0,
               "Local Read Blocks": 0,
               "Local Dirtied Blocks": 0,
               "Local Written Blocks": 0,
               "Temp Read Blocks": 0,
               "Temp Written Blocks": 0,
               "Plans": [
                 {
                   "Node Type": "Nested Loop",
                   "Parent Relationship": "Outer",
                   "Parallel Aware": false,
                   "Async Capable": false,
                   "Join Type": "Inner",
                   "Startup Cost": 0.00,
                   "Total Cost": 39.25,
                   "Plan Rows": 1,
                   "Plan Width": 152,
                   "Actual Startup Time": 0.033,
                   "Actual Total Time": 0.035,
                   "Actual Rows": 1.00,
                   "Actual Loops": 1,
                   "Disabled": false,
                   "Inner Unique": false,
                   "Join Filter": "((s_1.profile_id IS NULL) OR EXISTS(SubPlan 5))",
                   "Rows Removed by Join Filter": 0,
                   "Shared Hit Blocks": 4,
                   "Shared Read Blocks": 0,
                   "Shared Dirtied Blocks": 0,
                   "Shared Written Blocks": 0,
                   "Local Hit Blocks": 0,
                   "Local Read Blocks": 0,
                   "Local Dirtied Blocks": 0,
                   "Local Written Blocks": 0,
                   "Temp Read Blocks": 0,
                   "Temp Written Blocks": 0,
                   "Plans": [
                     {
                       "Node Type": "Nested Loop",
                       "Parent Relationship": "Outer",
                       "Parallel Aware": false,
                       "Async Capable": false,
                       "Join Type": "Inner",
                       "Startup Cost": 0.00,
                       "Total Cost": 31.05,
                       "Plan Rows": 1,
                       "Plan Width": 144,
                       "Actual Startup Time": 0.018,
                       "Actual Total Time": 0.019,
                       "Actual Rows": 1.00,
                       "Actual Loops": 1,
                       "Disabled": false,
                       "Inner Unique": true,
                       "Join Filter": "(c.account_id = owner.id)",
                       "Rows Removed by Join Filter": 3,
                       "Shared Hit Blocks": 2,
                       "Shared Read Blocks": 0,
                       "Shared Dirtied Blocks": 0,
                       "Shared Written Blocks": 0,
                       "Local Hit Blocks": 0,
                       "Local Read Blocks": 0,
                       "Local Dirtied Blocks": 0,
                       "Local Written Blocks": 0,
                       "Temp Read Blocks": 0,
                       "Temp Written Blocks": 0,
                       "Plans": [
                         {
                           "Node Type": "Seq Scan",
                           "Parent Relationship": "Outer",
                           "Parallel Aware": false,
                           "Async Capable": false,
                           "Relation Name": "collection",
                           "Alias": "c",
                           "Startup Cost": 0.00,
                           "Total Cost": 15.20,
                           "Plan Rows": 3,
                           "Plan Width": 128,
                           "Actual Startup Time": 0.004,
                           "Actual Total Time": 0.004,
                           "Actual Rows": 1.00,
                           "Actual Loops": 1,
                           "Disabled": false,
                           "Filter": "(deleted_at IS NULL)",
                           "Rows Removed by Filter": 0,
                           "Shared Hit Blocks": 1,
                           "Shared Read Blocks": 0,
                           "Shared Dirtied Blocks": 0,
                           "Shared Written Blocks": 0,
                           "Local Hit Blocks": 0,
                           "Local Read Blocks": 0,
                           "Local Dirtied Blocks": 0,
                           "Local Written Blocks": 0,
                           "Temp Read Blocks": 0,
                           "Temp Written Blocks": 0
                         },
                         {
                           "Node Type": "Materialize",
                           "Parent Relationship": "Inner",
                           "Parallel Aware": false,
                           "Async Capable": false,
                           "Startup Cost": 0.00,
                           "Total Cost": 15.76,
                           "Plan Rows": 2,
                           "Plan Width": 24,
                           "Actual Startup Time": 0.010,
                           "Actual Total Time": 0.012,
                           "Actual Rows": 4.00,
                           "Actual Loops": 1,
                           "Disabled": false,
                           "Storage": "Memory",
                           "Maximum Storage": 17,
                           "Shared Hit Blocks": 1,
                           "Shared Read Blocks": 0,
                           "Shared Dirtied Blocks": 0,
                           "Shared Written Blocks": 0,
                           "Local Hit Blocks": 0,
                           "Local Read Blocks": 0,
                           "Local Dirtied Blocks": 0,
                           "Local Written Blocks": 0,
                           "Temp Read Blocks": 0,
                           "Temp Written Blocks": 0,
                           "Plans": [
                             {
                               "Node Type": "Seq Scan",
                               "Parent Relationship": "Outer",
                               "Parallel Aware": false,
                               "Async Capable": false,
                               "Relation Name": "account",
                               "Alias": "owner",
                               "Startup Cost": 0.00,
                               "Total Cost": 15.75,
                               "Plan Rows": 2,
                               "Plan Width": 24,
                               "Actual Startup Time": 0.005,
                               "Actual Total Time": 0.006,
                               "Actual Rows": 4.00,
                               "Actual Loops": 1,
                               "Disabled": false,
                               "Filter": "(state = 0)",
                               "Rows Removed by Filter": 0,
                               "Shared Hit Blocks": 1,
                               "Shared Read Blocks": 0,
                               "Shared Dirtied Blocks": 0,
                               "Shared Written Blocks": 0,
                               "Local Hit Blocks": 0,
                               "Local Read Blocks": 0,
                               "Local Dirtied Blocks": 0,
                               "Local Written Blocks": 0,
                               "Temp Read Blocks": 0,
                               "Temp Written Blocks": 0
                             }
                           ]
                         }
                       ]
                     },
                     {
                       "Node Type": "CTE Scan",
                       "Parent Relationship": "Inner",
                       "Parallel Aware": false,
                       "Async Capable": false,
                       "CTE Name": "session",
                       "Alias": "s_1",
                       "Startup Cost": 0.00,
                       "Total Cost": 0.02,
                       "Plan Rows": 1,
                       "Plan Width": 16,
                       "Actual Startup Time": 0.000,
                       "Actual Total Time": 0.000,
                       "Actual Rows": 1.00,
                       "Actual Loops": 1,
                       "Disabled": false,
                       "Storage": "Memory",
                       "Maximum Storage": 17,
                       "Shared Hit Blocks": 0,
                       "Shared Read Blocks": 0,
                       "Shared Dirtied Blocks": 0,
                       "Shared Written Blocks": 0,
                       "Local Hit Blocks": 0,
                       "Local Read Blocks": 0,
                       "Local Dirtied Blocks": 0,
                       "Local Written Blocks": 0,
                       "Temp Read Blocks": 0,
                       "Temp Written Blocks": 0
                     },
                     {
                       "Node Type": "Index Only Scan",
                       "Parent Relationship": "SubPlan",
                       "Subplan Name": "SubPlan 5",
                       "Parallel Aware": false,
                       "Async Capable": false,
                       "Scan Direction": "Forward",
                       "Index Name": "pk_profile_collection",
                       "Relation Name": "profile_collection",
                       "Alias": "pc",
                       "Startup Cost": 0.15,
                       "Total Cost": 8.17,
                       "Plan Rows": 1,
                       "Plan Width": 0,
                       "Actual Startup Time": 0.011,
                       "Actual Total Time": 0.011,
                       "Actual Rows": 1.00,
                       "Actual Loops": 1,
                       "Disabled": false,
                       "Index Cond": "((profile_id = s_1.profile_id) AND (collection_id = c.id))",
                       "Rows Removed by Index Recheck": 0,
                       "Heap Fetches": 1,
                       "Index Searches": 1,
                       "Shared Hit Blocks": 2,
                       "Shared Read Blocks": 0,
                       "Shared Dirtied Blocks": 0,
                       "Shared Written Blocks": 0,
                       "Local Hit Blocks": 0,
                       "Local Read Blocks": 0,
                       "Local Dirtied Blocks": 0,
                       "Local Written Blocks": 0,
                       "Temp Read Blocks": 0,
                       "Temp Written Blocks": 0
                     }
                   ]
                 },
                 {
                   "Node Type": "Nested Loop",
                   "Parent Relationship": "Inner",
                   "Parallel Aware": false,
                   "Async Capable": false,
                   "Join Type": "Anti",
                   "Startup Cost": 0.30,
                   "Total Cost": 16.36,
                   "Plan Rows": 1,
                   "Plan Width": 24,
                   "Actual Startup Time": 0.018,
                   "Actual Total Time": 0.019,
                   "Actual Rows": 1.00,
                   "Actual Loops": 1,
                   "Disabled": false,
                   "Inner Unique": false,
                   "Shared Hit Blocks": 4,
                   "Shared Read Blocks": 0,
                   "Shared Dirtied Blocks": 0,
                   "Shared Written Blocks": 0,
                   "Local Hit Blocks": 0,
                   "Local Read Blocks": 0,
                   "Local Dirtied Blocks": 0,
                   "Local Written Blocks": 0,
                   "Temp Read Blocks": 0,
                   "Temp Written Blocks": 0,
                   "Plans": [
                     {
                       "Node Type": "Index Scan",
                       "Parent Relationship": "Outer",
                       "Parallel Aware": false,
                       "Async Capable": false,
                       "Scan Direction": "Forward",
                       "Index Name": "ix_collection_grant_collection_id_recipient_account_id",
                       "Relation Name": "collection_grant",
                       "Alias": "g",
                       "Startup Cost": 0.15,
                       "Total Cost": 8.18,
                       "Plan Rows": 1,
                       "Plan Width": 40,
                       "Actual Startup Time": 0.009,
                       "Actual Total Time": 0.010,
                       "Actual Rows": 1.00,
                       "Actual Loops": 1,
                       "Disabled": false,
                       "Index Cond": "((collection_id = c.id) AND (recipient_account_id = s_1.account_id))",
                       "Rows Removed by Index Recheck": 0,
                       "Filter": "((access = ANY ('{0,1}'::integer[])) AND (revision > 0) AND (revision <= '9007199254740991'::bigint) AND (state = 0))",
                       "Rows Removed by Filter": 0,
                       "Index Searches": 1,
                       "Shared Hit Blocks": 2,
                       "Shared Read Blocks": 0,
                       "Shared Dirtied Blocks": 0,
                       "Shared Written Blocks": 0,
                       "Local Hit Blocks": 0,
                       "Local Read Blocks": 0,
                       "Local Dirtied Blocks": 0,
                       "Local Written Blocks": 0,
                       "Temp Read Blocks": 0,
                       "Temp Written Blocks": 0
                     },
                     {
                       "Node Type": "Index Only Scan",
                       "Parent Relationship": "Inner",
                       "Parallel Aware": false,
                       "Async Capable": false,
                       "Scan Direction": "Forward",
                       "Index Name": "ix_terminal_erasure_resource_id",
                       "Relation Name": "terminal_erasure",
                       "Alias": "e_2",
                       "Startup Cost": 0.15,
                       "Total Cost": 8.17,
                       "Plan Rows": 1,
                       "Plan Width": 16,
                       "Actual Startup Time": 0.007,
                       "Actual Total Time": 0.007,
                       "Actual Rows": 0.00,
                       "Actual Loops": 1,
                       "Disabled": false,
                       "Index Cond": "(resource_id = g.public_id)",
                       "Rows Removed by Index Recheck": 0,
                       "Heap Fetches": 0,
                       "Index Searches": 1,
                       "Shared Hit Blocks": 2,
                       "Shared Read Blocks": 0,
                       "Shared Dirtied Blocks": 0,
                       "Shared Written Blocks": 0,
                       "Local Hit Blocks": 0,
                       "Local Read Blocks": 0,
                       "Local Dirtied Blocks": 0,
                       "Local Written Blocks": 0,
                       "Temp Read Blocks": 0,
                       "Temp Written Blocks": 0
                     }
                   ]
                 }
               ]
             },
             {
               "Node Type": "Bitmap Heap Scan",
               "Parent Relationship": "Inner",
               "Parallel Aware": false,
               "Async Capable": false,
               "Relation Name": "terminal_erasure",
               "Alias": "e_3",
               "Startup Cost": 2.17,
               "Total Cost": 7.51,
               "Plan Rows": 2,
               "Plan Width": 16,
               "Actual Startup Time": 0.007,
               "Actual Total Time": 0.008,
               "Actual Rows": 0.00,
               "Actual Loops": 1,
               "Disabled": false,
               "Recheck Cond": "((resource_id = owner.public_id) OR (resource_id = c.public_id))",
               "Rows Removed by Index Recheck": 0,
               "Exact Heap Blocks": 0,
               "Lossy Heap Blocks": 0,
               "Shared Hit Blocks": 2,
               "Shared Read Blocks": 0,
               "Shared Dirtied Blocks": 0,
               "Shared Written Blocks": 0,
               "Local Hit Blocks": 0,
               "Local Read Blocks": 0,
               "Local Dirtied Blocks": 0,
               "Local Written Blocks": 0,
               "Temp Read Blocks": 0,
               "Temp Written Blocks": 0,
               "Plans": [
                 {
                   "Node Type": "Bitmap Index Scan",
                   "Parent Relationship": "Outer",
                   "Parallel Aware": false,
                   "Async Capable": false,
                   "Index Name": "ix_terminal_erasure_resource_id",
                   "Startup Cost": 0.00,
                   "Total Cost": 2.17,
                   "Plan Rows": 2,
                   "Plan Width": 0,
                   "Actual Startup Time": 0.002,
                   "Actual Total Time": 0.002,
                   "Actual Rows": 0.00,
                   "Actual Loops": 1,
                   "Disabled": false,
                   "Index Cond": "(resource_id = ANY (ARRAY[owner.public_id, c.public_id]))",
                   "Index Searches": 1,
                   "Shared Hit Blocks": 2,
                   "Shared Read Blocks": 0,
                   "Shared Dirtied Blocks": 0,
                   "Shared Written Blocks": 0,
                   "Local Hit Blocks": 0,
                   "Local Read Blocks": 0,
                   "Local Dirtied Blocks": 0,
                   "Local Written Blocks": 0,
                   "Temp Read Blocks": 0,
                   "Temp Written Blocks": 0
                 }
               ]
             }
           ]
         },
         {
           "Node Type": "Recursive Union",
           "Parent Relationship": "InitPlan",
           "Subplan Name": "CTE reachable",
           "Parallel Aware": false,
           "Async Capable": false,
           "Startup Cost": 16.62,
           "Total Cost": 248.24,
           "Plan Rows": 11,
           "Plan Width": 16,
           "Actual Startup Time": 0.055,
           "Actual Total Time": 0.066,
           "Actual Rows": 0.00,
           "Actual Loops": 1,
           "Disabled": false,
           "Storage": "Memory",
           "Maximum Storage": 33,
           "Shared Hit Blocks": 8,
           "Shared Read Blocks": 0,
           "Shared Dirtied Blocks": 0,
           "Shared Written Blocks": 0,
           "Local Hit Blocks": 0,
           "Local Read Blocks": 0,
           "Local Dirtied Blocks": 0,
           "Local Written Blocks": 0,
           "Temp Read Blocks": 0,
           "Temp Written Blocks": 0,
           "Plans": [
             {
               "Node Type": "Nested Loop",
               "Parent Relationship": "Outer",
               "Parallel Aware": false,
               "Async Capable": false,
               "Join Type": "Anti",
               "Startup Cost": 16.62,
               "Total Cost": 37.20,
               "Plan Rows": 1,
               "Plan Width": 16,
               "Actual Startup Time": 0.043,
               "Actual Total Time": 0.051,
               "Actual Rows": 0.00,
               "Actual Loops": 1,
               "Disabled": false,
               "Inner Unique": false,
               "Shared Hit Blocks": 6,
               "Shared Read Blocks": 0,
               "Shared Dirtied Blocks": 0,
               "Shared Written Blocks": 0,
               "Local Hit Blocks": 0,
               "Local Read Blocks": 0,
               "Local Dirtied Blocks": 0,
               "Local Written Blocks": 0,
               "Temp Read Blocks": 0,
               "Temp Written Blocks": 0,
               "Plans": [
                 {
                   "Node Type": "Hash Join",
                   "Parent Relationship": "Outer",
                   "Parallel Aware": false,
                   "Async Capable": false,
                   "Join Type": "Inner",
                   "Startup Cost": 16.47,
                   "Total Cost": 31.69,
                   "Plan Rows": 1,
                   "Plan Width": 32,
                   "Actual Startup Time": 0.042,
                   "Actual Total Time": 0.051,
                   "Actual Rows": 0.00,
                   "Actual Loops": 1,
                   "Disabled": false,
                   "Inner Unique": true,
                   "Hash Cond": "((f.account_id = pf.account_id) AND (f.id = pf.folder_id))",
                   "Shared Hit Blocks": 6,
                   "Shared Read Blocks": 0,
                   "Shared Dirtied Blocks": 0,
                   "Shared Written Blocks": 0,
                   "Local Hit Blocks": 0,
                   "Local Read Blocks": 0,
                   "Local Dirtied Blocks": 0,
                   "Local Written Blocks": 0,
                   "Temp Read Blocks": 0,
                   "Temp Written Blocks": 0,
                   "Plans": [
                     {
                       "Node Type": "Seq Scan",
                       "Parent Relationship": "Outer",
                       "Parallel Aware": false,
                       "Async Capable": false,
                       "Relation Name": "folder",
                       "Alias": "f",
                       "Startup Cost": 0.00,
                       "Total Cost": 15.20,
                       "Plan Rows": 3,
                       "Plan Width": 32,
                       "Actual Startup Time": 0.005,
                       "Actual Total Time": 0.005,
                       "Actual Rows": 1.00,
                       "Actual Loops": 1,
                       "Disabled": false,
                       "Filter": "(deleted_at IS NULL)",
                       "Rows Removed by Filter": 0,
                       "Shared Hit Blocks": 2,
                       "Shared Read Blocks": 0,
                       "Shared Dirtied Blocks": 0,
                       "Shared Written Blocks": 0,
                       "Local Hit Blocks": 0,
                       "Local Read Blocks": 0,
                       "Local Dirtied Blocks": 0,
                       "Local Written Blocks": 0,
                       "Temp Read Blocks": 0,
                       "Temp Written Blocks": 0
                     },
                     {
                       "Node Type": "Hash",
                       "Parent Relationship": "Inner",
                       "Parallel Aware": false,
                       "Async Capable": false,
                       "Startup Cost": 16.44,
                       "Total Cost": 16.44,
                       "Plan Rows": 2,
                       "Plan Width": 16,
                       "Actual Startup Time": 0.027,
                       "Actual Total Time": 0.034,
                       "Actual Rows": 0.00,
                       "Actual Loops": 1,
                       "Disabled": false,
                       "Hash Buckets": 1024,
                       "Original Hash Buckets": 1024,
                       "Hash Batches": 1,
                       "Original Hash Batches": 1,
                       "Peak Memory Usage": 8,
                       "Shared Hit Blocks": 4,
                       "Shared Read Blocks": 0,
                       "Shared Dirtied Blocks": 0,
                       "Shared Written Blocks": 0,
                       "Local Hit Blocks": 0,
                       "Local Read Blocks": 0,
                       "Local Dirtied Blocks": 0,
                       "Local Written Blocks": 0,
                       "Temp Read Blocks": 0,
                       "Temp Written Blocks": 0,
                       "Plans": [
                         {
                           "Node Type": "Unique",
                           "Parent Relationship": "Outer",
                           "Parallel Aware": false,
                           "Async Capable": false,
                           "Startup Cost": 16.43,
                           "Total Cost": 16.44,
                           "Plan Rows": 2,
                           "Plan Width": 16,
                           "Actual Startup Time": 0.026,
                           "Actual Total Time": 0.030,
                           "Actual Rows": 0.00,
                           "Actual Loops": 1,
                           "Disabled": false,
                           "Shared Hit Blocks": 4,
                           "Shared Read Blocks": 0,
                           "Shared Dirtied Blocks": 0,
                           "Shared Written Blocks": 0,
                           "Local Hit Blocks": 0,
                           "Local Read Blocks": 0,
                           "Local Dirtied Blocks": 0,
                           "Local Written Blocks": 0,
                           "Temp Read Blocks": 0,
                           "Temp Written Blocks": 0,
                           "Plans": [
                             {
                               "Node Type": "Sort",
                               "Parent Relationship": "Outer",
                               "Parallel Aware": false,
                               "Async Capable": false,
                               "Startup Cost": 16.43,
                               "Total Cost": 16.43,
                               "Plan Rows": 2,
                               "Plan Width": 16,
                               "Actual Startup Time": 0.026,
                               "Actual Total Time": 0.029,
                               "Actual Rows": 0.00,
                               "Actual Loops": 1,
                               "Disabled": false,
                               "Sort Key": ["pf.account_id", "pf.folder_id"],
                               "Sort Method": "quicksort",
                               "Sort Space Used": 25,
                               "Sort Space Type": "Memory",
                               "Shared Hit Blocks": 4,
                               "Shared Read Blocks": 0,
                               "Shared Dirtied Blocks": 0,
                               "Shared Written Blocks": 0,
                               "Local Hit Blocks": 0,
                               "Local Read Blocks": 0,
                               "Local Dirtied Blocks": 0,
                               "Local Written Blocks": 0,
                               "Temp Read Blocks": 0,
                               "Temp Written Blocks": 0,
                               "Plans": [
                                 {
                                   "Node Type": "Append",
                                   "Parent Relationship": "Outer",
                                   "Parallel Aware": false,
                                   "Async Capable": false,
                                   "Startup Cost": 0.15,
                                   "Total Cost": 16.41,
                                   "Plan Rows": 2,
                                   "Plan Width": 16,
                                   "Actual Startup Time": 0.015,
                                   "Actual Total Time": 0.018,
                                   "Actual Rows": 0.00,
                                   "Actual Loops": 1,
                                   "Disabled": false,
                                   "Shared Hit Blocks": 4,
                                   "Shared Read Blocks": 0,
                                   "Shared Dirtied Blocks": 0,
                                   "Shared Written Blocks": 0,
                                   "Local Hit Blocks": 0,
                                   "Local Read Blocks": 0,
                                   "Local Dirtied Blocks": 0,
                                   "Local Written Blocks": 0,
                                   "Temp Read Blocks": 0,
                                   "Temp Written Blocks": 0,
                                   "Subplans Removed": 0,
                                   "Plans": [
                                     {
                                       "Node Type": "Nested Loop",
                                       "Parent Relationship": "Member",
                                       "Parallel Aware": false,
                                       "Async Capable": false,
                                       "Join Type": "Inner",
                                       "Startup Cost": 0.15,
                                       "Total Cost": 8.20,
                                       "Plan Rows": 1,
                                       "Plan Width": 16,
                                       "Actual Startup Time": 0.008,
                                       "Actual Total Time": 0.008,
                                       "Actual Rows": 0.00,
                                       "Actual Loops": 1,
                                       "Disabled": false,
                                       "Inner Unique": false,
                                       "Shared Hit Blocks": 2,
                                       "Shared Read Blocks": 0,
                                       "Shared Dirtied Blocks": 0,
                                       "Shared Written Blocks": 0,
                                       "Local Hit Blocks": 0,
                                       "Local Read Blocks": 0,
                                       "Local Dirtied Blocks": 0,
                                       "Local Written Blocks": 0,
                                       "Temp Read Blocks": 0,
                                       "Temp Written Blocks": 0,
                                       "Plans": [
                                         {
                                           "Node Type": "CTE Scan",
                                           "Parent Relationship": "Outer",
                                           "Parallel Aware": false,
                                           "Async Capable": false,
                                           "CTE Name": "session",
                                           "Alias": "s_2",
                                           "Startup Cost": 0.00,
                                           "Total Cost": 0.02,
                                           "Plan Rows": 1,
                                           "Plan Width": 16,
                                           "Actual Startup Time": 0.000,
                                           "Actual Total Time": 0.000,
                                           "Actual Rows": 1.00,
                                           "Actual Loops": 1,
                                           "Disabled": false,
                                           "Storage": "Memory",
                                           "Maximum Storage": 17,
                                           "Shared Hit Blocks": 0,
                                           "Shared Read Blocks": 0,
                                           "Shared Dirtied Blocks": 0,
                                           "Shared Written Blocks": 0,
                                           "Local Hit Blocks": 0,
                                           "Local Read Blocks": 0,
                                           "Local Dirtied Blocks": 0,
                                           "Local Written Blocks": 0,
                                           "Temp Read Blocks": 0,
                                           "Temp Written Blocks": 0
                                         },
                                         {
                                           "Node Type": "Index Scan",
                                           "Parent Relationship": "Inner",
                                           "Parallel Aware": false,
                                           "Async Capable": false,
                                           "Scan Direction": "Forward",
                                           "Index Name": "ix_profile_folder_account_id_profile_id",
                                           "Relation Name": "profile_folder",
                                           "Alias": "pf",
                                           "Startup Cost": 0.15,
                                           "Total Cost": 8.17,
                                           "Plan Rows": 1,
                                           "Plan Width": 24,
                                           "Actual Startup Time": 0.006,
                                           "Actual Total Time": 0.006,
                                           "Actual Rows": 0.00,
                                           "Actual Loops": 1,
                                           "Disabled": false,
                                           "Index Cond": "((account_id = s_2.account_id) AND (profile_id = s_2.profile_id))",
                                           "Rows Removed by Index Recheck": 0,
                                           "Index Searches": 1,
                                           "Shared Hit Blocks": 2,
                                           "Shared Read Blocks": 0,
                                           "Shared Dirtied Blocks": 0,
                                           "Shared Written Blocks": 0,
                                           "Local Hit Blocks": 0,
                                           "Local Read Blocks": 0,
                                           "Local Dirtied Blocks": 0,
                                           "Local Written Blocks": 0,
                                           "Temp Read Blocks": 0,
                                           "Temp Written Blocks": 0
                                         }
                                       ]
                                     },
                                     {
                                       "Node Type": "Nested Loop",
                                       "Parent Relationship": "Member",
                                       "Parallel Aware": false,
                                       "Async Capable": false,
                                       "Join Type": "Inner",
                                       "Startup Cost": 0.15,
                                       "Total Cost": 8.20,
                                       "Plan Rows": 1,
                                       "Plan Width": 16,
                                       "Actual Startup Time": 0.007,
                                       "Actual Total Time": 0.008,
                                       "Actual Rows": 0.00,
                                       "Actual Loops": 1,
                                       "Disabled": false,
                                       "Inner Unique": false,
                                       "Shared Hit Blocks": 2,
                                       "Shared Read Blocks": 0,
                                       "Shared Dirtied Blocks": 0,
                                       "Shared Written Blocks": 0,
                                       "Local Hit Blocks": 0,
                                       "Local Read Blocks": 0,
                                       "Local Dirtied Blocks": 0,
                                       "Local Written Blocks": 0,
                                       "Temp Read Blocks": 0,
                                       "Temp Written Blocks": 0,
                                       "Plans": [
                                         {
                                           "Node Type": "CTE Scan",
                                           "Parent Relationship": "Outer",
                                           "Parallel Aware": false,
                                           "Async Capable": false,
                                           "CTE Name": "collections",
                                           "Alias": "c_1",
                                           "Startup Cost": 0.00,
                                           "Total Cost": 0.02,
                                           "Plan Rows": 1,
                                           "Plan Width": 16,
                                           "Actual Startup Time": 0.000,
                                           "Actual Total Time": 0.000,
                                           "Actual Rows": 1.00,
                                           "Actual Loops": 1,
                                           "Disabled": false,
                                           "Storage": "Memory",
                                           "Maximum Storage": 17,
                                           "Shared Hit Blocks": 0,
                                           "Shared Read Blocks": 0,
                                           "Shared Dirtied Blocks": 0,
                                           "Shared Written Blocks": 0,
                                           "Local Hit Blocks": 0,
                                           "Local Read Blocks": 0,
                                           "Local Dirtied Blocks": 0,
                                           "Local Written Blocks": 0,
                                           "Temp Read Blocks": 0,
                                           "Temp Written Blocks": 0
                                         },
                                         {
                                           "Node Type": "Index Scan",
                                           "Parent Relationship": "Inner",
                                           "Parallel Aware": false,
                                           "Async Capable": false,
                                           "Scan Direction": "Forward",
                                           "Index Name": "ix_collection_folder_account_id_collection_id",
                                           "Relation Name": "collection_folder",
                                           "Alias": "cf",
                                           "Startup Cost": 0.15,
                                           "Total Cost": 8.17,
                                           "Plan Rows": 1,
                                           "Plan Width": 24,
                                           "Actual Startup Time": 0.005,
                                           "Actual Total Time": 0.005,
                                           "Actual Rows": 0.00,
                                           "Actual Loops": 1,
                                           "Disabled": false,
                                           "Index Cond": "((account_id = c_1.account_id) AND (collection_id = c_1.id))",
                                           "Rows Removed by Index Recheck": 0,
                                           "Index Searches": 1,
                                           "Shared Hit Blocks": 2,
                                           "Shared Read Blocks": 0,
                                           "Shared Dirtied Blocks": 0,
                                           "Shared Written Blocks": 0,
                                           "Local Hit Blocks": 0,
                                           "Local Read Blocks": 0,
                                           "Local Dirtied Blocks": 0,
                                           "Local Written Blocks": 0,
                                           "Temp Read Blocks": 0,
                                           "Temp Written Blocks": 0
                                         }
                                       ]
                                     }
                                   ]
                                 }
                               ]
                             }
                           ]
                         }
                       ]
                     }
                   ]
                 },
                 {
                   "Node Type": "Index Only Scan",
                   "Parent Relationship": "Inner",
                   "Parallel Aware": false,
                   "Async Capable": false,
                   "Scan Direction": "Forward",
                   "Index Name": "ix_terminal_erasure_resource_id",
                   "Relation Name": "terminal_erasure",
                   "Alias": "e_4",
                   "Startup Cost": 0.15,
                   "Total Cost": 5.50,
                   "Plan Rows": 1,
                   "Plan Width": 16,
                   "Actual Startup Time": 0.000,
                   "Actual Total Time": 0.000,
                   "Actual Rows": 0,
                   "Actual Loops": 0,
                   "Disabled": false,
                   "Index Cond": "(resource_id = f.public_id)",
                   "Rows Removed by Index Recheck": 0,
                   "Heap Fetches": 0,
                   "Index Searches": 0,
                   "Shared Hit Blocks": 0,
                   "Shared Read Blocks": 0,
                   "Shared Dirtied Blocks": 0,
                   "Shared Written Blocks": 0,
                   "Local Hit Blocks": 0,
                   "Local Read Blocks": 0,
                   "Local Dirtied Blocks": 0,
                   "Local Written Blocks": 0,
                   "Temp Read Blocks": 0,
                   "Temp Written Blocks": 0
                 }
               ]
             },
             {
               "Node Type": "Nested Loop",
               "Parent Relationship": "Inner",
               "Parallel Aware": false,
               "Async Capable": false,
               "Join Type": "Anti",
               "Startup Cost": 0.50,
               "Total Cost": 21.09,
               "Plan Rows": 1,
               "Plan Width": 16,
               "Actual Startup Time": 0.012,
               "Actual Total Time": 0.014,
               "Actual Rows": 0.00,
               "Actual Loops": 1,
               "Disabled": false,
               "Inner Unique": false,
               "Shared Hit Blocks": 2,
               "Shared Read Blocks": 0,
               "Shared Dirtied Blocks": 0,
               "Shared Written Blocks": 0,
               "Local Hit Blocks": 0,
               "Local Read Blocks": 0,
               "Local Dirtied Blocks": 0,
               "Local Written Blocks": 0,
               "Temp Read Blocks": 0,
               "Temp Written Blocks": 0,
               "Plans": [
                 {
                   "Node Type": "Hash Join",
                   "Parent Relationship": "Outer",
                   "Parallel Aware": false,
                   "Async Capable": false,
                   "Join Type": "Inner",
                   "Startup Cost": 0.35,
                   "Total Cost": 15.58,
                   "Plan Rows": 1,
                   "Plan Width": 32,
                   "Actual Startup Time": 0.012,
                   "Actual Total Time": 0.013,
                   "Actual Rows": 0.00,
                   "Actual Loops": 1,
                   "Disabled": false,
                   "Inner Unique": false,
                   "Hash Cond": "((f_1.account_id = parent.account_id) AND (f_1.parent_folder_id = parent.id))",
                   "Shared Hit Blocks": 2,
                   "Shared Read Blocks": 0,
                   "Shared Dirtied Blocks": 0,
                   "Shared Written Blocks": 0,
                   "Local Hit Blocks": 0,
                   "Local Read Blocks": 0,
                   "Local Dirtied Blocks": 0,
                   "Local Written Blocks": 0,
                   "Temp Read Blocks": 0,
                   "Temp Written Blocks": 0,
                   "Plans": [
                     {
                       "Node Type": "Seq Scan",
                       "Parent Relationship": "Outer",
                       "Parallel Aware": false,
                       "Async Capable": false,
                       "Relation Name": "folder",
                       "Alias": "f_1",
                       "Startup Cost": 0.00,
                       "Total Cost": 15.20,
                       "Plan Rows": 3,
                       "Plan Width": 40,
                       "Actual Startup Time": 0.002,
                       "Actual Total Time": 0.002,
                       "Actual Rows": 1.00,
                       "Actual Loops": 1,
                       "Disabled": false,
                       "Filter": "(deleted_at IS NULL)",
                       "Rows Removed by Filter": 0,
                       "Shared Hit Blocks": 2,
                       "Shared Read Blocks": 0,
                       "Shared Dirtied Blocks": 0,
                       "Shared Written Blocks": 0,
                       "Local Hit Blocks": 0,
                       "Local Read Blocks": 0,
                       "Local Dirtied Blocks": 0,
                       "Local Written Blocks": 0,
                       "Temp Read Blocks": 0,
                       "Temp Written Blocks": 0
                     },
                     {
                       "Node Type": "Hash",
                       "Parent Relationship": "Inner",
                       "Parallel Aware": false,
                       "Async Capable": false,
                       "Startup Cost": 0.20,
                       "Total Cost": 0.20,
                       "Plan Rows": 10,
                       "Plan Width": 16,
                       "Actual Startup Time": 0.001,
                       "Actual Total Time": 0.002,
                       "Actual Rows": 0.00,
                       "Actual Loops": 1,
                       "Disabled": false,
                       "Hash Buckets": 1024,
                       "Original Hash Buckets": 1024,
                       "Hash Batches": 1,
                       "Original Hash Batches": 1,
                       "Peak Memory Usage": 8,
                       "Shared Hit Blocks": 0,
                       "Shared Read Blocks": 0,
                       "Shared Dirtied Blocks": 0,
                       "Shared Written Blocks": 0,
                       "Local Hit Blocks": 0,
                       "Local Read Blocks": 0,
                       "Local Dirtied Blocks": 0,
                       "Local Written Blocks": 0,
                       "Temp Read Blocks": 0,
                       "Temp Written Blocks": 0,
                       "Plans": [
                         {
                           "Node Type": "WorkTable Scan",
                           "Parent Relationship": "Outer",
                           "Parallel Aware": false,
                           "Async Capable": false,
                           "CTE Name": "reachable",
                           "Alias": "parent",
                           "Startup Cost": 0.00,
                           "Total Cost": 0.20,
                           "Plan Rows": 10,
                           "Plan Width": 16,
                           "Actual Startup Time": 0.001,
                           "Actual Total Time": 0.001,
                           "Actual Rows": 0.00,
                           "Actual Loops": 1,
                           "Disabled": false,
                           "Shared Hit Blocks": 0,
                           "Shared Read Blocks": 0,
                           "Shared Dirtied Blocks": 0,
                           "Shared Written Blocks": 0,
                           "Local Hit Blocks": 0,
                           "Local Read Blocks": 0,
                           "Local Dirtied Blocks": 0,
                           "Local Written Blocks": 0,
                           "Temp Read Blocks": 0,
                           "Temp Written Blocks": 0
                         }
                       ]
                     }
                   ]
                 },
                 {
                   "Node Type": "Index Only Scan",
                   "Parent Relationship": "Inner",
                   "Parallel Aware": false,
                   "Async Capable": false,
                   "Scan Direction": "Forward",
                   "Index Name": "ix_terminal_erasure_resource_id",
                   "Relation Name": "terminal_erasure",
                   "Alias": "e_5",
                   "Startup Cost": 0.15,
                   "Total Cost": 5.50,
                   "Plan Rows": 1,
                   "Plan Width": 16,
                   "Actual Startup Time": 0.000,
                   "Actual Total Time": 0.000,
                   "Actual Rows": 0,
                   "Actual Loops": 0,
                   "Disabled": false,
                   "Index Cond": "(resource_id = f_1.public_id)",
                   "Rows Removed by Index Recheck": 0,
                   "Heap Fetches": 0,
                   "Index Searches": 0,
                   "Shared Hit Blocks": 0,
                   "Shared Read Blocks": 0,
                   "Shared Dirtied Blocks": 0,
                   "Shared Written Blocks": 0,
                   "Local Hit Blocks": 0,
                   "Local Read Blocks": 0,
                   "Local Dirtied Blocks": 0,
                   "Local Written Blocks": 0,
                   "Temp Read Blocks": 0,
                   "Temp Written Blocks": 0
                 }
               ]
             }
           ]
         },
         {
           "Node Type": "Nested Loop",
           "Parent Relationship": "InitPlan",
           "Subplan Name": "CTE candidates",
           "Parallel Aware": false,
           "Async Capable": false,
           "Join Type": "Anti",
           "Startup Cost": 49.76,
           "Total Cost": 79.69,
           "Plan Rows": 1,
           "Plan Width": 128,
           "Actual Startup Time": 0.227,
           "Actual Total Time": 0.250,
           "Actual Rows": 1.00,
           "Actual Loops": 1,
           "Disabled": false,
           "Inner Unique": false,
           "Shared Hit Blocks": 35,
           "Shared Read Blocks": 0,
           "Shared Dirtied Blocks": 0,
           "Shared Written Blocks": 0,
           "Local Hit Blocks": 0,
           "Local Read Blocks": 0,
           "Local Dirtied Blocks": 0,
           "Local Written Blocks": 0,
           "Temp Read Blocks": 0,
           "Temp Written Blocks": 0,
           "Plans": [
             {
               "Node Type": "Nested Loop",
               "Parent Relationship": "Outer",
               "Parallel Aware": false,
               "Async Capable": false,
               "Join Type": "Inner",
               "Startup Cost": 47.59,
               "Total Cost": 73.94,
               "Plan Rows": 1,
               "Plan Width": 144,
               "Actual Startup Time": 0.222,
               "Actual Total Time": 0.244,
               "Actual Rows": 1.00,
               "Actual Loops": 1,
               "Disabled": false,
               "Inner Unique": true,
               "Shared Hit Blocks": 33,
               "Shared Read Blocks": 0,
               "Shared Dirtied Blocks": 0,
               "Shared Written Blocks": 0,
               "Local Hit Blocks": 0,
               "Local Read Blocks": 0,
               "Local Dirtied Blocks": 0,
               "Local Written Blocks": 0,
               "Temp Read Blocks": 0,
               "Temp Written Blocks": 0,
               "Plans": [
                 {
                   "Node Type": "Hash Join",
                   "Parent Relationship": "Outer",
                   "Parallel Aware": false,
                   "Async Capable": false,
                   "Join Type": "Inner",
                   "Startup Cost": 47.44,
                   "Total Cost": 62.65,
                   "Plan Rows": 1,
                   "Plan Width": 128,
                   "Actual Startup Time": 0.214,
                   "Actual Total Time": 0.236,
                   "Actual Rows": 1.00,
                   "Actual Loops": 1,
                   "Disabled": false,
                   "Inner Unique": true,
                   "Hash Cond": "(r.id = r_1.id)",
                   "Shared Hit Blocks": 31,
                   "Shared Read Blocks": 0,
                   "Shared Dirtied Blocks": 0,
                   "Shared Written Blocks": 0,
                   "Local Hit Blocks": 0,
                   "Local Read Blocks": 0,
                   "Local Dirtied Blocks": 0,
                   "Local Written Blocks": 0,
                   "Temp Read Blocks": 0,
                   "Temp Written Blocks": 0,
                   "Plans": [
                     {
                       "Node Type": "Seq Scan",
                       "Parent Relationship": "Outer",
                       "Parallel Aware": false,
                       "Async Capable": false,
                       "Relation Name": "record",
                       "Alias": "r",
                       "Startup Cost": 0.00,
                       "Total Cost": 15.20,
                       "Plan Rows": 3,
                       "Plan Width": 128,
                       "Actual Startup Time": 0.005,
                       "Actual Total Time": 0.033,
                       "Actual Rows": 203.00,
                       "Actual Loops": 1,
                       "Disabled": false,
                       "Filter": "(deleted_at IS NULL)",
                       "Rows Removed by Filter": 0,
                       "Shared Hit Blocks": 8,
                       "Shared Read Blocks": 0,
                       "Shared Dirtied Blocks": 0,
                       "Shared Written Blocks": 0,
                       "Local Hit Blocks": 0,
                       "Local Read Blocks": 0,
                       "Local Dirtied Blocks": 0,
                       "Local Written Blocks": 0,
                       "Temp Read Blocks": 0,
                       "Temp Written Blocks": 0
                     },
                     {
                       "Node Type": "Hash",
                       "Parent Relationship": "Inner",
                       "Parallel Aware": false,
                       "Async Capable": false,
                       "Startup Cost": 47.37,
                       "Total Cost": 47.37,
                       "Plan Rows": 6,
                       "Plan Width": 8,
                       "Actual Startup Time": 0.177,
                       "Actual Total Time": 0.180,
                       "Actual Rows": 1.00,
                       "Actual Loops": 1,
                       "Disabled": false,
                       "Hash Buckets": 1024,
                       "Original Hash Buckets": 1024,
                       "Hash Batches": 1,
                       "Original Hash Batches": 1,
                       "Peak Memory Usage": 9,
                       "Shared Hit Blocks": 23,
                       "Shared Read Blocks": 0,
                       "Shared Dirtied Blocks": 0,
                       "Shared Written Blocks": 0,
                       "Local Hit Blocks": 0,
                       "Local Read Blocks": 0,
                       "Local Dirtied Blocks": 0,
                       "Local Written Blocks": 0,
                       "Temp Read Blocks": 0,
                       "Temp Written Blocks": 0,
                       "Plans": [
                         {
                           "Node Type": "Unique",
                           "Parent Relationship": "Outer",
                           "Parallel Aware": false,
                           "Async Capable": false,
                           "Startup Cost": 47.34,
                           "Total Cost": 47.37,
                           "Plan Rows": 6,
                           "Plan Width": 8,
                           "Actual Startup Time": 0.173,
                           "Actual Total Time": 0.176,
                           "Actual Rows": 1.00,
                           "Actual Loops": 1,
                           "Disabled": false,
                           "Shared Hit Blocks": 23,
                           "Shared Read Blocks": 0,
                           "Shared Dirtied Blocks": 0,
                           "Shared Written Blocks": 0,
                           "Local Hit Blocks": 0,
                           "Local Read Blocks": 0,
                           "Local Dirtied Blocks": 0,
                           "Local Written Blocks": 0,
                           "Temp Read Blocks": 0,
                           "Temp Written Blocks": 0,
                           "Plans": [
                             {
                               "Node Type": "Sort",
                               "Parent Relationship": "Outer",
                               "Parallel Aware": false,
                               "Async Capable": false,
                               "Startup Cost": 47.34,
                               "Total Cost": 47.35,
                               "Plan Rows": 6,
                               "Plan Width": 8,
                               "Actual Startup Time": 0.172,
                               "Actual Total Time": 0.175,
                               "Actual Rows": 1.00,
                               "Actual Loops": 1,
                               "Disabled": false,
                               "Sort Key": ["r_1.id"],
                               "Sort Method": "quicksort",
                               "Sort Space Used": 25,
                               "Sort Space Type": "Memory",
                               "Shared Hit Blocks": 23,
                               "Shared Read Blocks": 0,
                               "Shared Dirtied Blocks": 0,
                               "Shared Written Blocks": 0,
                               "Local Hit Blocks": 0,
                               "Local Read Blocks": 0,
                               "Local Dirtied Blocks": 0,
                               "Local Written Blocks": 0,
                               "Temp Read Blocks": 0,
                               "Temp Written Blocks": 0,
                               "Plans": [
                                 {
                                   "Node Type": "Append",
                                   "Parent Relationship": "Outer",
                                   "Parallel Aware": false,
                                   "Async Capable": false,
                                   "Startup Cost": 4.17,
                                   "Total Cost": 47.26,
                                   "Plan Rows": 6,
                                   "Plan Width": 8,
                                   "Actual Startup Time": 0.092,
                                   "Actual Total Time": 0.164,
                                   "Actual Rows": 1.00,
                                   "Actual Loops": 1,
                                   "Disabled": false,
                                   "Shared Hit Blocks": 23,
                                   "Shared Read Blocks": 0,
                                   "Shared Dirtied Blocks": 0,
                                   "Shared Written Blocks": 0,
                                   "Local Hit Blocks": 0,
                                   "Local Read Blocks": 0,
                                   "Local Dirtied Blocks": 0,
                                   "Local Written Blocks": 0,
                                   "Temp Read Blocks": 0,
                                   "Temp Written Blocks": 0,
                                   "Subplans Removed": 0,
                                   "Plans": [
                                     {
                                       "Node Type": "Nested Loop",
                                       "Parent Relationship": "Member",
                                       "Parallel Aware": false,
                                       "Async Capable": false,
                                       "Join Type": "Inner",
                                       "Startup Cost": 4.17,
                                       "Total Cost": 11.33,
                                       "Plan Rows": 3,
                                       "Plan Width": 8,
                                       "Actual Startup Time": 0.003,
                                       "Actual Total Time": 0.004,
                                       "Actual Rows": 0.00,
                                       "Actual Loops": 1,
                                       "Disabled": false,
                                       "Inner Unique": false,
                                       "Shared Hit Blocks": 0,
                                       "Shared Read Blocks": 0,
                                       "Shared Dirtied Blocks": 0,
                                       "Shared Written Blocks": 0,
                                       "Local Hit Blocks": 0,
                                       "Local Read Blocks": 0,
                                       "Local Dirtied Blocks": 0,
                                       "Local Written Blocks": 0,
                                       "Temp Read Blocks": 0,
                                       "Temp Written Blocks": 0,
                                       "Plans": [
                                         {
                                           "Node Type": "CTE Scan",
                                           "Parent Relationship": "Outer",
                                           "Parallel Aware": false,
                                           "Async Capable": false,
                                           "CTE Name": "session",
                                           "Alias": "s_3",
                                           "Startup Cost": 0.00,
                                           "Total Cost": 0.02,
                                           "Plan Rows": 1,
                                           "Plan Width": 8,
                                           "Actual Startup Time": 0.003,
                                           "Actual Total Time": 0.003,
                                           "Actual Rows": 0.00,
                                           "Actual Loops": 1,
                                           "Disabled": false,
                                           "Filter": "(profile_id IS NULL)",
                                           "Rows Removed by Filter": 1,
                                           "Storage": "Memory",
                                           "Maximum Storage": 17,
                                           "Shared Hit Blocks": 0,
                                           "Shared Read Blocks": 0,
                                           "Shared Dirtied Blocks": 0,
                                           "Shared Written Blocks": 0,
                                           "Local Hit Blocks": 0,
                                           "Local Read Blocks": 0,
                                           "Local Dirtied Blocks": 0,
                                           "Local Written Blocks": 0,
                                           "Temp Read Blocks": 0,
                                           "Temp Written Blocks": 0
                                         },
                                         {
                                           "Node Type": "Bitmap Heap Scan",
                                           "Parent Relationship": "Inner",
                                           "Parallel Aware": false,
                                           "Async Capable": false,
                                           "Relation Name": "record",
                                           "Alias": "r_1",
                                           "Startup Cost": 4.17,
                                           "Total Cost": 11.28,
                                           "Plan Rows": 3,
                                           "Plan Width": 16,
                                           "Actual Startup Time": 0.000,
                                           "Actual Total Time": 0.000,
                                           "Actual Rows": 0,
                                           "Actual Loops": 0,
                                           "Disabled": false,
                                           "Recheck Cond": "(account_id = s_3.account_id)",
                                           "Rows Removed by Index Recheck": 0,
                                           "Exact Heap Blocks": 0,
                                           "Lossy Heap Blocks": 0,
                                           "Shared Hit Blocks": 0,
                                           "Shared Read Blocks": 0,
                                           "Shared Dirtied Blocks": 0,
                                           "Shared Written Blocks": 0,
                                           "Local Hit Blocks": 0,
                                           "Local Read Blocks": 0,
                                           "Local Dirtied Blocks": 0,
                                           "Local Written Blocks": 0,
                                           "Temp Read Blocks": 0,
                                           "Temp Written Blocks": 0,
                                           "Plans": [
                                             {
                                               "Node Type": "Bitmap Index Scan",
                                               "Parent Relationship": "Outer",
                                               "Parallel Aware": false,
                                               "Async Capable": false,
                                               "Index Name": "ix_record_account_id_server_sequence",
                                               "Startup Cost": 0.00,
                                               "Total Cost": 4.17,
                                               "Plan Rows": 3,
                                               "Plan Width": 0,
                                               "Actual Startup Time": 0.000,
                                               "Actual Total Time": 0.000,
                                               "Actual Rows": 0,
                                               "Actual Loops": 0,
                                               "Disabled": false,
                                               "Index Cond": "(account_id = s_3.account_id)",
                                               "Index Searches": 0,
                                               "Shared Hit Blocks": 0,
                                               "Shared Read Blocks": 0,
                                               "Shared Dirtied Blocks": 0,
                                               "Shared Written Blocks": 0,
                                               "Local Hit Blocks": 0,
                                               "Local Read Blocks": 0,
                                               "Local Dirtied Blocks": 0,
                                               "Local Written Blocks": 0,
                                               "Temp Read Blocks": 0,
                                               "Temp Written Blocks": 0
                                             }
                                           ]
                                         }
                                       ]
                                     },
                                     {
                                       "Node Type": "Nested Loop",
                                       "Parent Relationship": "Member",
                                       "Parallel Aware": false,
                                       "Async Capable": false,
                                       "Join Type": "Inner",
                                       "Startup Cost": 0.15,
                                       "Total Cost": 8.20,
                                       "Plan Rows": 1,
                                       "Plan Width": 8,
                                       "Actual Startup Time": 0.012,
                                       "Actual Total Time": 0.013,
                                       "Actual Rows": 0.00,
                                       "Actual Loops": 1,
                                       "Disabled": false,
                                       "Inner Unique": false,
                                       "Shared Hit Blocks": 1,
                                       "Shared Read Blocks": 0,
                                       "Shared Dirtied Blocks": 0,
                                       "Shared Written Blocks": 0,
                                       "Local Hit Blocks": 0,
                                       "Local Read Blocks": 0,
                                       "Local Dirtied Blocks": 0,
                                       "Local Written Blocks": 0,
                                       "Temp Read Blocks": 0,
                                       "Temp Written Blocks": 0,
                                       "Plans": [
                                         {
                                           "Node Type": "CTE Scan",
                                           "Parent Relationship": "Outer",
                                           "Parallel Aware": false,
                                           "Async Capable": false,
                                           "CTE Name": "session",
                                           "Alias": "s_4",
                                           "Startup Cost": 0.00,
                                           "Total Cost": 0.02,
                                           "Plan Rows": 1,
                                           "Plan Width": 16,
                                           "Actual Startup Time": 0.000,
                                           "Actual Total Time": 0.000,
                                           "Actual Rows": 1.00,
                                           "Actual Loops": 1,
                                           "Disabled": false,
                                           "Storage": "Memory",
                                           "Maximum Storage": 17,
                                           "Shared Hit Blocks": 0,
                                           "Shared Read Blocks": 0,
                                           "Shared Dirtied Blocks": 0,
                                           "Shared Written Blocks": 0,
                                           "Local Hit Blocks": 0,
                                           "Local Read Blocks": 0,
                                           "Local Dirtied Blocks": 0,
                                           "Local Written Blocks": 0,
                                           "Temp Read Blocks": 0,
                                           "Temp Written Blocks": 0
                                         },
                                         {
                                           "Node Type": "Index Scan",
                                           "Parent Relationship": "Inner",
                                           "Parallel Aware": false,
                                           "Async Capable": false,
                                           "Scan Direction": "Forward",
                                           "Index Name": "ix_profile_record_account_id_profile_id",
                                           "Relation Name": "profile_record",
                                           "Alias": "pr",
                                           "Startup Cost": 0.15,
                                           "Total Cost": 8.17,
                                           "Plan Rows": 1,
                                           "Plan Width": 24,
                                           "Actual Startup Time": 0.009,
                                           "Actual Total Time": 0.009,
                                           "Actual Rows": 0.00,
                                           "Actual Loops": 1,
                                           "Disabled": false,
                                           "Index Cond": "((account_id = s_4.account_id) AND (profile_id = s_4.profile_id))",
                                           "Rows Removed by Index Recheck": 0,
                                           "Index Searches": 1,
                                           "Shared Hit Blocks": 1,
                                           "Shared Read Blocks": 0,
                                           "Shared Dirtied Blocks": 0,
                                           "Shared Written Blocks": 0,
                                           "Local Hit Blocks": 0,
                                           "Local Read Blocks": 0,
                                           "Local Dirtied Blocks": 0,
                                           "Local Written Blocks": 0,
                                           "Temp Read Blocks": 0,
                                           "Temp Written Blocks": 0
                                         }
                                       ]
                                     },
                                     {
                                       "Node Type": "Nested Loop",
                                       "Parent Relationship": "Member",
                                       "Parallel Aware": false,
                                       "Async Capable": false,
                                       "Join Type": "Inner",
                                       "Startup Cost": 0.15,
                                       "Total Cost": 8.20,
                                       "Plan Rows": 1,
                                       "Plan Width": 8,
                                       "Actual Startup Time": 0.075,
                                       "Actual Total Time": 0.077,
                                       "Actual Rows": 1.00,
                                       "Actual Loops": 1,
                                       "Disabled": false,
                                       "Inner Unique": false,
                                       "Shared Hit Blocks": 12,
                                       "Shared Read Blocks": 0,
                                       "Shared Dirtied Blocks": 0,
                                       "Shared Written Blocks": 0,
                                       "Local Hit Blocks": 0,
                                       "Local Read Blocks": 0,
                                       "Local Dirtied Blocks": 0,
                                       "Local Written Blocks": 0,
                                       "Temp Read Blocks": 0,
                                       "Temp Written Blocks": 0,
                                       "Plans": [
                                         {
                                           "Node Type": "CTE Scan",
                                           "Parent Relationship": "Outer",
                                           "Parallel Aware": false,
                                           "Async Capable": false,
                                           "CTE Name": "collections",
                                           "Alias": "c_2",
                                           "Startup Cost": 0.00,
                                           "Total Cost": 0.02,
                                           "Plan Rows": 1,
                                           "Plan Width": 16,
                                           "Actual Startup Time": 0.066,
                                           "Actual Total Time": 0.067,
                                           "Actual Rows": 1.00,
                                           "Actual Loops": 1,
                                           "Disabled": false,
                                           "Storage": "Memory",
                                           "Maximum Storage": 17,
                                           "Shared Hit Blocks": 10,
                                           "Shared Read Blocks": 0,
                                           "Shared Dirtied Blocks": 0,
                                           "Shared Written Blocks": 0,
                                           "Local Hit Blocks": 0,
                                           "Local Read Blocks": 0,
                                           "Local Dirtied Blocks": 0,
                                           "Local Written Blocks": 0,
                                           "Temp Read Blocks": 0,
                                           "Temp Written Blocks": 0
                                         },
                                         {
                                           "Node Type": "Index Scan",
                                           "Parent Relationship": "Inner",
                                           "Parallel Aware": false,
                                           "Async Capable": false,
                                           "Scan Direction": "Forward",
                                           "Index Name": "ix_collection_record_account_id_collection_id",
                                           "Relation Name": "collection_record",
                                           "Alias": "cr",
                                           "Startup Cost": 0.15,
                                           "Total Cost": 8.17,
                                           "Plan Rows": 1,
                                           "Plan Width": 24,
                                           "Actual Startup Time": 0.007,
                                           "Actual Total Time": 0.008,
                                           "Actual Rows": 1.00,
                                           "Actual Loops": 1,
                                           "Disabled": false,
                                           "Index Cond": "((account_id = c_2.account_id) AND (collection_id = c_2.id))",
                                           "Rows Removed by Index Recheck": 0,
                                           "Index Searches": 1,
                                           "Shared Hit Blocks": 2,
                                           "Shared Read Blocks": 0,
                                           "Shared Dirtied Blocks": 0,
                                           "Shared Written Blocks": 0,
                                           "Local Hit Blocks": 0,
                                           "Local Read Blocks": 0,
                                           "Local Dirtied Blocks": 0,
                                           "Local Written Blocks": 0,
                                           "Temp Read Blocks": 0,
                                           "Temp Written Blocks": 0
                                         }
                                       ]
                                     },
                                     {
                                       "Node Type": "Hash Join",
                                       "Parent Relationship": "Member",
                                       "Parallel Aware": false,
                                       "Async Capable": false,
                                       "Join Type": "Inner",
                                       "Startup Cost": 0.39,
                                       "Total Cost": 19.50,
                                       "Plan Rows": 1,
                                       "Plan Width": 8,
                                       "Actual Startup Time": 0.067,
                                       "Actual Total Time": 0.068,
                                       "Actual Rows": 0.00,
                                       "Actual Loops": 1,
                                       "Disabled": false,
                                       "Inner Unique": false,
                                       "Hash Cond": "((r_2.account_id = f_2.account_id) AND (r_2.folder_id = f_2.id))",
                                       "Shared Hit Blocks": 10,
                                       "Shared Read Blocks": 0,
                                       "Shared Dirtied Blocks": 0,
                                       "Shared Written Blocks": 0,
                                       "Local Hit Blocks": 0,
                                       "Local Read Blocks": 0,
                                       "Local Dirtied Blocks": 0,
                                       "Local Written Blocks": 0,
                                       "Temp Read Blocks": 0,
                                       "Temp Written Blocks": 0,
                                       "Plans": [
                                         {
                                           "Node Type": "Seq Scan",
                                           "Parent Relationship": "Outer",
                                           "Parallel Aware": false,
                                           "Async Capable": false,
                                           "Relation Name": "record",
                                           "Alias": "r_2",
                                           "Startup Cost": 0.00,
                                           "Total Cost": 15.20,
                                           "Plan Rows": 520,
                                           "Plan Width": 24,
                                           "Actual Startup Time": 0.003,
                                           "Actual Total Time": 0.003,
                                           "Actual Rows": 1.00,
                                           "Actual Loops": 1,
                                           "Disabled": false,
                                           "Shared Hit Blocks": 2,
                                           "Shared Read Blocks": 0,
                                           "Shared Dirtied Blocks": 0,
                                           "Shared Written Blocks": 0,
                                           "Local Hit Blocks": 0,
                                           "Local Read Blocks": 0,
                                           "Local Dirtied Blocks": 0,
                                           "Local Written Blocks": 0,
                                           "Temp Read Blocks": 0,
                                           "Temp Written Blocks": 0
                                         },
                                         {
                                           "Node Type": "Hash",
                                           "Parent Relationship": "Inner",
                                           "Parallel Aware": false,
                                           "Async Capable": false,
                                           "Startup Cost": 0.22,
                                           "Total Cost": 0.22,
                                           "Plan Rows": 11,
                                           "Plan Width": 16,
                                           "Actual Startup Time": 0.056,
                                           "Actual Total Time": 0.057,
                                           "Actual Rows": 0.00,
                                           "Actual Loops": 1,
                                           "Disabled": false,
                                           "Hash Buckets": 1024,
                                           "Original Hash Buckets": 1024,
                                           "Hash Batches": 1,
                                           "Original Hash Batches": 1,
                                           "Peak Memory Usage": 8,
                                           "Shared Hit Blocks": 8,
                                           "Shared Read Blocks": 0,
                                           "Shared Dirtied Blocks": 0,
                                           "Shared Written Blocks": 0,
                                           "Local Hit Blocks": 0,
                                           "Local Read Blocks": 0,
                                           "Local Dirtied Blocks": 0,
                                           "Local Written Blocks": 0,
                                           "Temp Read Blocks": 0,
                                           "Temp Written Blocks": 0,
                                           "Plans": [
                                             {
                                               "Node Type": "CTE Scan",
                                               "Parent Relationship": "Outer",
                                               "Parallel Aware": false,
                                               "Async Capable": false,
                                               "CTE Name": "reachable",
                                               "Alias": "f_2",
                                               "Startup Cost": 0.00,
                                               "Total Cost": 0.22,
                                               "Plan Rows": 11,
                                               "Plan Width": 16,
                                               "Actual Startup Time": 0.056,
                                               "Actual Total Time": 0.056,
                                               "Actual Rows": 0.00,
                                               "Actual Loops": 1,
                                               "Disabled": false,
                                               "Storage": "Memory",
                                               "Maximum Storage": 17,
                                               "Shared Hit Blocks": 8,
                                               "Shared Read Blocks": 0,
                                               "Shared Dirtied Blocks": 0,
                                               "Shared Written Blocks": 0,
                                               "Local Hit Blocks": 0,
                                               "Local Read Blocks": 0,
                                               "Local Dirtied Blocks": 0,
                                               "Local Written Blocks": 0,
                                               "Temp Read Blocks": 0,
                                               "Temp Written Blocks": 0
                                             }
                                           ]
                                         }
                                       ]
                                     }
                                   ]
                                 }
                               ]
                             }
                           ]
                         }
                       ]
                     }
                   ]
                 },
                 {
                   "Node Type": "Index Scan",
                   "Parent Relationship": "Inner",
                   "Parallel Aware": false,
                   "Async Capable": false,
                   "Scan Direction": "Forward",
                   "Index Name": "pk_account",
                   "Relation Name": "account",
                   "Alias": "owner_1",
                   "Startup Cost": 0.15,
                   "Total Cost": 6.83,
                   "Plan Rows": 1,
                   "Plan Width": 24,
                   "Actual Startup Time": 0.006,
                   "Actual Total Time": 0.006,
                   "Actual Rows": 1.00,
                   "Actual Loops": 1,
                   "Disabled": false,
                   "Index Cond": "(id = r.account_id)",
                   "Rows Removed by Index Recheck": 0,
                   "Filter": "(state = 0)",
                   "Rows Removed by Filter": 0,
                   "Index Searches": 1,
                   "Shared Hit Blocks": 2,
                   "Shared Read Blocks": 0,
                   "Shared Dirtied Blocks": 0,
                   "Shared Written Blocks": 0,
                   "Local Hit Blocks": 0,
                   "Local Read Blocks": 0,
                   "Local Dirtied Blocks": 0,
                   "Local Written Blocks": 0,
                   "Temp Read Blocks": 0,
                   "Temp Written Blocks": 0
                 }
               ]
             },
             {
               "Node Type": "Bitmap Heap Scan",
               "Parent Relationship": "Inner",
               "Parallel Aware": false,
               "Async Capable": false,
               "Relation Name": "terminal_erasure",
               "Alias": "e_6",
               "Startup Cost": 2.17,
               "Total Cost": 7.51,
               "Plan Rows": 2,
               "Plan Width": 16,
               "Actual Startup Time": 0.003,
               "Actual Total Time": 0.003,
               "Actual Rows": 0.00,
               "Actual Loops": 1,
               "Disabled": false,
               "Recheck Cond": "((resource_id = r.public_id) OR (resource_id = owner_1.public_id))",
               "Rows Removed by Index Recheck": 0,
               "Exact Heap Blocks": 0,
               "Lossy Heap Blocks": 0,
               "Shared Hit Blocks": 2,
               "Shared Read Blocks": 0,
               "Shared Dirtied Blocks": 0,
               "Shared Written Blocks": 0,
               "Local Hit Blocks": 0,
               "Local Read Blocks": 0,
               "Local Dirtied Blocks": 0,
               "Local Written Blocks": 0,
               "Temp Read Blocks": 0,
               "Temp Written Blocks": 0,
               "Plans": [
                 {
                   "Node Type": "Bitmap Index Scan",
                   "Parent Relationship": "Outer",
                   "Parallel Aware": false,
                   "Async Capable": false,
                   "Index Name": "ix_terminal_erasure_resource_id",
                   "Startup Cost": 0.00,
                   "Total Cost": 2.17,
                   "Plan Rows": 2,
                   "Plan Width": 0,
                   "Actual Startup Time": 0.001,
                   "Actual Total Time": 0.001,
                   "Actual Rows": 0.00,
                   "Actual Loops": 1,
                   "Disabled": false,
                   "Index Cond": "(resource_id = ANY (ARRAY[r.public_id, owner_1.public_id]))",
                   "Index Searches": 1,
                   "Shared Hit Blocks": 2,
                   "Shared Read Blocks": 0,
                   "Shared Dirtied Blocks": 0,
                   "Shared Written Blocks": 0,
                   "Local Hit Blocks": 0,
                   "Local Read Blocks": 0,
                   "Local Dirtied Blocks": 0,
                   "Local Written Blocks": 0,
                   "Temp Read Blocks": 0,
                   "Temp Written Blocks": 0
                 }
               ]
             }
           ]
         },
         {
           "Node Type": "Recursive Union",
           "Parent Relationship": "InitPlan",
           "Subplan Name": "CTE ancestry",
           "Parallel Aware": false,
           "Async Capable": false,
           "Startup Cost": 0.15,
           "Total Cost": 292.17,
           "Plan Rows": 11,
           "Plan Width": 66,
           "Actual Startup Time": 0.267,
           "Actual Total Time": 0.269,
           "Actual Rows": 0.00,
           "Actual Loops": 1,
           "Disabled": false,
           "Storage": "Memory",
           "Maximum Storage": 33,
           "Shared Hit Blocks": 37,
           "Shared Read Blocks": 0,
           "Shared Dirtied Blocks": 0,
           "Shared Written Blocks": 0,
           "Local Hit Blocks": 0,
           "Local Read Blocks": 0,
           "Local Dirtied Blocks": 0,
           "Local Written Blocks": 0,
           "Temp Read Blocks": 0,
           "Temp Written Blocks": 0,
           "Plans": [
             {
               "Node Type": "Nested Loop",
               "Parent Relationship": "Outer",
               "Parallel Aware": false,
               "Async Capable": false,
               "Join Type": "Inner",
               "Startup Cost": 0.15,
               "Total Cost": 16.39,
               "Plan Rows": 1,
               "Plan Width": 66,
               "Actual Startup Time": 0.253,
               "Actual Total Time": 0.254,
               "Actual Rows": 0.00,
               "Actual Loops": 1,
               "Disabled": false,
               "Inner Unique": true,
               "Shared Hit Blocks": 35,
               "Shared Read Blocks": 0,
               "Shared Dirtied Blocks": 0,
               "Shared Written Blocks": 0,
               "Local Hit Blocks": 0,
               "Local Read Blocks": 0,
               "Local Dirtied Blocks": 0,
               "Local Written Blocks": 0,
               "Temp Read Blocks": 0,
               "Temp Written Blocks": 0,
               "Plans": [
                 {
                   "Node Type": "CTE Scan",
                   "Parent Relationship": "Outer",
                   "Parallel Aware": false,
                   "Async Capable": false,
                   "CTE Name": "candidates",
                   "Alias": "r_3",
                   "Startup Cost": 0.00,
                   "Total Cost": 0.02,
                   "Plan Rows": 1,
                   "Plan Width": 24,
                   "Actual Startup Time": 0.228,
                   "Actual Total Time": 0.247,
                   "Actual Rows": 1.00,
                   "Actual Loops": 1,
                   "Disabled": false,
                   "Storage": "Memory",
                   "Maximum Storage": 17,
                   "Shared Hit Blocks": 35,
                   "Shared Read Blocks": 0,
                   "Shared Dirtied Blocks": 0,
                   "Shared Written Blocks": 0,
                   "Local Hit Blocks": 0,
                   "Local Read Blocks": 0,
                   "Local Dirtied Blocks": 0,
                   "Local Written Blocks": 0,
                   "Temp Read Blocks": 0,
                   "Temp Written Blocks": 0
                 },
                 {
                   "Node Type": "Index Scan",
                   "Parent Relationship": "Inner",
                   "Parallel Aware": false,
                   "Async Capable": false,
                   "Scan Direction": "Forward",
                   "Index Name": "ak_folder_account_id_id",
                   "Relation Name": "folder",
                   "Alias": "f_3",
                   "Startup Cost": 0.15,
                   "Total Cost": 8.17,
                   "Plan Rows": 1,
                   "Plan Width": 48,
                   "Actual Startup Time": 0.005,
                   "Actual Total Time": 0.005,
                   "Actual Rows": 0.00,
                   "Actual Loops": 1,
                   "Disabled": false,
                   "Index Cond": "((account_id = r_3.account_id) AND (id = r_3.folder_id))",
                   "Rows Removed by Index Recheck": 0,
                   "Index Searches": 0,
                   "Shared Hit Blocks": 0,
                   "Shared Read Blocks": 0,
                   "Shared Dirtied Blocks": 0,
                   "Shared Written Blocks": 0,
                   "Local Hit Blocks": 0,
                   "Local Read Blocks": 0,
                   "Local Dirtied Blocks": 0,
                   "Local Written Blocks": 0,
                   "Temp Read Blocks": 0,
                   "Temp Written Blocks": 0
                 },
                 {
                   "Node Type": "Index Only Scan",
                   "Parent Relationship": "SubPlan",
                   "Subplan Name": "SubPlan 10",
                   "Parallel Aware": false,
                   "Async Capable": false,
                   "Scan Direction": "Forward",
                   "Index Name": "ix_terminal_erasure_resource_id",
                   "Relation Name": "terminal_erasure",
                   "Alias": "e_7",
                   "Startup Cost": 0.15,
                   "Total Cost": 8.17,
                   "Plan Rows": 1,
                   "Plan Width": 0,
                   "Actual Startup Time": 0.000,
                   "Actual Total Time": 0.000,
                   "Actual Rows": 0,
                   "Actual Loops": 0,
                   "Disabled": false,
                   "Index Cond": "(resource_id = f_3.public_id)",
                   "Rows Removed by Index Recheck": 0,
                   "Heap Fetches": 0,
                   "Index Searches": 0,
                   "Shared Hit Blocks": 0,
                   "Shared Read Blocks": 0,
                   "Shared Dirtied Blocks": 0,
                   "Shared Written Blocks": 0,
                   "Local Hit Blocks": 0,
                   "Local Read Blocks": 0,
                   "Local Dirtied Blocks": 0,
                   "Local Written Blocks": 0,
                   "Temp Read Blocks": 0,
                   "Temp Written Blocks": 0
                 }
               ]
             },
             {
               "Node Type": "Hash Join",
               "Parent Relationship": "Inner",
               "Parallel Aware": false,
               "Async Capable": false,
               "Join Type": "Inner",
               "Startup Cost": 0.28,
               "Total Cost": 27.57,
               "Plan Rows": 1,
               "Plan Width": 66,
               "Actual Startup Time": 0.013,
               "Actual Total Time": 0.014,
               "Actual Rows": 0.00,
               "Actual Loops": 1,
               "Disabled": false,
               "Inner Unique": false,
               "Hash Cond": "((f_4.id = t.parent_folder_id) AND (f_4.account_id = t.account_id))",
               "Shared Hit Blocks": 2,
               "Shared Read Blocks": 0,
               "Shared Dirtied Blocks": 0,
               "Shared Written Blocks": 0,
               "Local Hit Blocks": 0,
               "Local Read Blocks": 0,
               "Local Dirtied Blocks": 0,
               "Local Written Blocks": 0,
               "Temp Read Blocks": 0,
               "Temp Written Blocks": 0,
               "Plans": [
                 {
                   "Node Type": "Seq Scan",
                   "Parent Relationship": "Outer",
                   "Parallel Aware": false,
                   "Async Capable": false,
                   "Relation Name": "folder",
                   "Alias": "f_4",
                   "Startup Cost": 0.00,
                   "Total Cost": 15.20,
                   "Plan Rows": 520,
                   "Plan Width": 48,
                   "Actual Startup Time": 0.003,
                   "Actual Total Time": 0.003,
                   "Actual Rows": 1.00,
                   "Actual Loops": 1,
                   "Disabled": false,
                   "Shared Hit Blocks": 2,
                   "Shared Read Blocks": 0,
                   "Shared Dirtied Blocks": 0,
                   "Shared Written Blocks": 0,
                   "Local Hit Blocks": 0,
                   "Local Read Blocks": 0,
                   "Local Dirtied Blocks": 0,
                   "Local Written Blocks": 0,
                   "Temp Read Blocks": 0,
                   "Temp Written Blocks": 0
                 },
                 {
                   "Node Type": "Hash",
                   "Parent Relationship": "Inner",
                   "Parallel Aware": false,
                   "Async Capable": false,
                   "Startup Cost": 0.20,
                   "Total Cost": 0.20,
                   "Plan Rows": 5,
                   "Plan Width": 57,
                   "Actual Startup Time": 0.002,
                   "Actual Total Time": 0.002,
                   "Actual Rows": 0.00,
                   "Actual Loops": 1,
                   "Disabled": false,
                   "Hash Buckets": 1024,
                   "Original Hash Buckets": 1024,
                   "Hash Batches": 1,
                   "Original Hash Batches": 1,
                   "Peak Memory Usage": 8,
                   "Shared Hit Blocks": 0,
                   "Shared Read Blocks": 0,
                   "Shared Dirtied Blocks": 0,
                   "Shared Written Blocks": 0,
                   "Local Hit Blocks": 0,
                   "Local Read Blocks": 0,
                   "Local Dirtied Blocks": 0,
                   "Local Written Blocks": 0,
                   "Temp Read Blocks": 0,
                   "Temp Written Blocks": 0,
                   "Plans": [
                     {
                       "Node Type": "WorkTable Scan",
                       "Parent Relationship": "Outer",
                       "Parallel Aware": false,
                       "Async Capable": false,
                       "CTE Name": "ancestry",
                       "Alias": "t",
                       "Startup Cost": 0.00,
                       "Total Cost": 0.20,
                       "Plan Rows": 5,
                       "Plan Width": 57,
                       "Actual Startup Time": 0.001,
                       "Actual Total Time": 0.001,
                       "Actual Rows": 0.00,
                       "Actual Loops": 1,
                       "Disabled": false,
                       "Filter": "(NOT cycle)",
                       "Rows Removed by Filter": 0,
                       "Shared Hit Blocks": 0,
                       "Shared Read Blocks": 0,
                       "Shared Dirtied Blocks": 0,
                       "Shared Written Blocks": 0,
                       "Local Hit Blocks": 0,
                       "Local Read Blocks": 0,
                       "Local Dirtied Blocks": 0,
                       "Local Written Blocks": 0,
                       "Temp Read Blocks": 0,
                       "Temp Written Blocks": 0
                     }
                   ]
                 },
                 {
                   "Node Type": "Index Only Scan",
                   "Parent Relationship": "SubPlan",
                   "Subplan Name": "SubPlan 12",
                   "Parallel Aware": false,
                   "Async Capable": false,
                   "Scan Direction": "Forward",
                   "Index Name": "ix_terminal_erasure_resource_id",
                   "Relation Name": "terminal_erasure",
                   "Alias": "e_8",
                   "Startup Cost": 0.15,
                   "Total Cost": 8.17,
                   "Plan Rows": 1,
                   "Plan Width": 0,
                   "Actual Startup Time": 0.000,
                   "Actual Total Time": 0.000,
                   "Actual Rows": 0,
                   "Actual Loops": 0,
                   "Disabled": false,
                   "Index Cond": "(resource_id = f_4.public_id)",
                   "Rows Removed by Index Recheck": 0,
                   "Heap Fetches": 0,
                   "Index Searches": 0,
                   "Shared Hit Blocks": 0,
                   "Shared Read Blocks": 0,
                   "Shared Dirtied Blocks": 0,
                   "Shared Written Blocks": 0,
                   "Local Hit Blocks": 0,
                   "Local Read Blocks": 0,
                   "Local Dirtied Blocks": 0,
                   "Local Written Blocks": 0,
                   "Temp Read Blocks": 0,
                   "Temp Written Blocks": 0
                 }
               ]
             }
           ]
         },
         {
           "Node Type": "Nested Loop",
           "Parent Relationship": "InitPlan",
           "Subplan Name": "CTE included",
           "Parallel Aware": false,
           "Async Capable": false,
           "Join Type": "Inner",
           "Startup Cost": 0.00,
           "Total Cost": 16.66,
           "Plan Rows": 1,
           "Plan Width": 24,
           "Actual Startup Time": 0.011,
           "Actual Total Time": 0.013,
           "Actual Rows": 1.00,
           "Actual Loops": 1,
           "Disabled": false,
           "Inner Unique": false,
           "Join Filter": "((r_4.account_id = c_3.account_id) AND (EXISTS(SubPlan 15) OR EXISTS(SubPlan 17)))",
           "Rows Removed by Join Filter": 0,
           "Shared Hit Blocks": 2,
           "Shared Read Blocks": 0,
           "Shared Dirtied Blocks": 0,
           "Shared Written Blocks": 0,
           "Local Hit Blocks": 0,
           "Local Read Blocks": 0,
           "Local Dirtied Blocks": 0,
           "Local Written Blocks": 0,
           "Temp Read Blocks": 0,
           "Temp Written Blocks": 0,
           "Plans": [
             {
               "Node Type": "CTE Scan",
               "Parent Relationship": "Outer",
               "Parallel Aware": false,
               "Async Capable": false,
               "CTE Name": "candidates",
               "Alias": "r_4",
               "Startup Cost": 0.00,
               "Total Cost": 0.02,
               "Plan Rows": 1,
               "Plan Width": 16,
               "Actual Startup Time": 0.000,
               "Actual Total Time": 0.000,
               "Actual Rows": 1.00,
               "Actual Loops": 1,
               "Disabled": false,
               "Storage": "Memory",
               "Maximum Storage": 17,
               "Shared Hit Blocks": 0,
               "Shared Read Blocks": 0,
               "Shared Dirtied Blocks": 0,
               "Shared Written Blocks": 0,
               "Local Hit Blocks": 0,
               "Local Read Blocks": 0,
               "Local Dirtied Blocks": 0,
               "Local Written Blocks": 0,
               "Temp Read Blocks": 0,
               "Temp Written Blocks": 0
             },
             {
               "Node Type": "CTE Scan",
               "Parent Relationship": "Inner",
               "Parallel Aware": false,
               "Async Capable": false,
               "CTE Name": "collections",
               "Alias": "c_3",
               "Startup Cost": 0.00,
               "Total Cost": 0.02,
               "Plan Rows": 1,
               "Plan Width": 24,
               "Actual Startup Time": 0.000,
               "Actual Total Time": 0.000,
               "Actual Rows": 1.00,
               "Actual Loops": 1,
               "Disabled": false,
               "Storage": "Memory",
               "Maximum Storage": 17,
               "Shared Hit Blocks": 0,
               "Shared Read Blocks": 0,
               "Shared Dirtied Blocks": 0,
               "Shared Written Blocks": 0,
               "Local Hit Blocks": 0,
               "Local Read Blocks": 0,
               "Local Dirtied Blocks": 0,
               "Local Written Blocks": 0,
               "Temp Read Blocks": 0,
               "Temp Written Blocks": 0
             },
             {
               "Node Type": "Index Scan",
               "Parent Relationship": "SubPlan",
               "Subplan Name": "SubPlan 15",
               "Parallel Aware": false,
               "Async Capable": false,
               "Scan Direction": "Forward",
               "Index Name": "ix_collection_record_account_id_record_id",
               "Relation Name": "collection_record",
               "Alias": "cr_1",
               "Startup Cost": 0.15,
               "Total Cost": 8.17,
               "Plan Rows": 1,
               "Plan Width": 0,
               "Actual Startup Time": 0.007,
               "Actual Total Time": 0.007,
               "Actual Rows": 1.00,
               "Actual Loops": 1,
               "Disabled": false,
               "Index Cond": "((account_id = r_4.account_id) AND (record_id = r_4.id))",
               "Rows Removed by Index Recheck": 0,
               "Filter": "(collection_id = c_3.id)",
               "Rows Removed by Filter": 0,
               "Index Searches": 1,
               "Shared Hit Blocks": 2,
               "Shared Read Blocks": 0,
               "Shared Dirtied Blocks": 0,
               "Shared Written Blocks": 0,
               "Local Hit Blocks": 0,
               "Local Read Blocks": 0,
               "Local Dirtied Blocks": 0,
               "Local Written Blocks": 0,
               "Temp Read Blocks": 0,
               "Temp Written Blocks": 0
             },
             {
               "Node Type": "Nested Loop",
               "Parent Relationship": "SubPlan",
               "Subplan Name": "SubPlan 17",
               "Parallel Aware": false,
               "Async Capable": false,
               "Join Type": "Inner",
               "Startup Cost": 0.15,
               "Total Cost": 8.43,
               "Plan Rows": 1,
               "Plan Width": 0,
               "Actual Startup Time": 0.000,
               "Actual Total Time": 0.000,
               "Actual Rows": 0,
               "Actual Loops": 0,
               "Disabled": false,
               "Inner Unique": false,
               "Join Filter": "(cf_1.folder_id = t_1.id)",
               "Rows Removed by Join Filter": 0,
               "Shared Hit Blocks": 0,
               "Shared Read Blocks": 0,
               "Shared Dirtied Blocks": 0,
               "Shared Written Blocks": 0,
               "Local Hit Blocks": 0,
               "Local Read Blocks": 0,
               "Local Dirtied Blocks": 0,
               "Local Written Blocks": 0,
               "Temp Read Blocks": 0,
               "Temp Written Blocks": 0,
               "Plans": [
                 {
                   "Node Type": "Index Scan",
                   "Parent Relationship": "Outer",
                   "Parallel Aware": false,
                   "Async Capable": false,
                   "Scan Direction": "Forward",
                   "Index Name": "ix_collection_folder_account_id_collection_id",
                   "Relation Name": "collection_folder",
                   "Alias": "cf_1",
                   "Startup Cost": 0.15,
                   "Total Cost": 8.17,
                   "Plan Rows": 1,
                   "Plan Width": 8,
                   "Actual Startup Time": 0.000,
                   "Actual Total Time": 0.000,
                   "Actual Rows": 0,
                   "Actual Loops": 0,
                   "Disabled": false,
                   "Index Cond": "((account_id = r_4.account_id) AND (collection_id = c_3.id))",
                   "Rows Removed by Index Recheck": 0,
                   "Index Searches": 0,
                   "Shared Hit Blocks": 0,
                   "Shared Read Blocks": 0,
                   "Shared Dirtied Blocks": 0,
                   "Shared Written Blocks": 0,
                   "Local Hit Blocks": 0,
                   "Local Read Blocks": 0,
                   "Local Dirtied Blocks": 0,
                   "Local Written Blocks": 0,
                   "Temp Read Blocks": 0,
                   "Temp Written Blocks": 0
                 },
                 {
                   "Node Type": "CTE Scan",
                   "Parent Relationship": "Inner",
                   "Parallel Aware": false,
                   "Async Capable": false,
                   "CTE Name": "ancestry",
                   "Alias": "t_1",
                   "Startup Cost": 0.00,
                   "Total Cost": 0.25,
                   "Plan Rows": 1,
                   "Plan Width": 8,
                   "Actual Startup Time": 0.000,
                   "Actual Total Time": 0.000,
                   "Actual Rows": 0,
                   "Actual Loops": 0,
                   "Disabled": false,
                   "Filter": "(record_id = r_4.id)",
                   "Rows Removed by Filter": 0,
                   "Storage": "Memory",
                   "Maximum Storage": 17,
                   "Shared Hit Blocks": 0,
                   "Shared Read Blocks": 0,
                   "Shared Dirtied Blocks": 0,
                   "Shared Written Blocks": 0,
                   "Local Hit Blocks": 0,
                   "Local Read Blocks": 0,
                   "Local Dirtied Blocks": 0,
                   "Local Written Blocks": 0,
                   "Temp Read Blocks": 0,
                   "Temp Written Blocks": 0
                 }
               ]
             }
           ]
         },
         {
           "Node Type": "Nested Loop",
           "Parent Relationship": "InitPlan",
           "Subplan Name": "CTE scoped",
           "Parallel Aware": false,
           "Async Capable": false,
           "Join Type": "Inner",
           "Startup Cost": 0.00,
           "Total Cost": 16.68,
           "Plan Rows": 1,
           "Plan Width": 128,
           "Actual Startup Time": 0.021,
           "Actual Total Time": 0.023,
           "Actual Rows": 1.00,
           "Actual Loops": 1,
           "Disabled": false,
           "Inner Unique": false,
           "Join Filter": "(((r_5.account_id = s_5.account_id) AND ((s_5.profile_id IS NULL) OR EXISTS(SubPlan 20) OR EXISTS(SubPlan 22))) OR (ANY (r_5.id = (hashed SubPlan 25).col1)))",
           "Rows Removed by Join Filter": 0,
           "Shared Hit Blocks": 2,
           "Shared Read Blocks": 0,
           "Shared Dirtied Blocks": 0,
           "Shared Written Blocks": 0,
           "Local Hit Blocks": 0,
           "Local Read Blocks": 0,
           "Local Dirtied Blocks": 0,
           "Local Written Blocks": 0,
           "Temp Read Blocks": 0,
           "Temp Written Blocks": 0,
           "Plans": [
             {
               "Node Type": "CTE Scan",
               "Parent Relationship": "Outer",
               "Parallel Aware": false,
               "Async Capable": false,
               "CTE Name": "candidates",
               "Alias": "r_5",
               "Startup Cost": 0.00,
               "Total Cost": 0.02,
               "Plan Rows": 1,
               "Plan Width": 128,
               "Actual Startup Time": 0.000,
               "Actual Total Time": 0.000,
               "Actual Rows": 1.00,
               "Actual Loops": 1,
               "Disabled": false,
               "Storage": "Memory",
               "Maximum Storage": 17,
               "Shared Hit Blocks": 0,
               "Shared Read Blocks": 0,
               "Shared Dirtied Blocks": 0,
               "Shared Written Blocks": 0,
               "Local Hit Blocks": 0,
               "Local Read Blocks": 0,
               "Local Dirtied Blocks": 0,
               "Local Written Blocks": 0,
               "Temp Read Blocks": 0,
               "Temp Written Blocks": 0
             },
             {
               "Node Type": "CTE Scan",
               "Parent Relationship": "Inner",
               "Parallel Aware": false,
               "Async Capable": false,
               "CTE Name": "session",
               "Alias": "s_5",
               "Startup Cost": 0.00,
               "Total Cost": 0.02,
               "Plan Rows": 1,
               "Plan Width": 16,
               "Actual Startup Time": 0.000,
               "Actual Total Time": 0.000,
               "Actual Rows": 1.00,
               "Actual Loops": 1,
               "Disabled": false,
               "Storage": "Memory",
               "Maximum Storage": 17,
               "Shared Hit Blocks": 0,
               "Shared Read Blocks": 0,
               "Shared Dirtied Blocks": 0,
               "Shared Written Blocks": 0,
               "Local Hit Blocks": 0,
               "Local Read Blocks": 0,
               "Local Dirtied Blocks": 0,
               "Local Written Blocks": 0,
               "Temp Read Blocks": 0,
               "Temp Written Blocks": 0
             },
             {
               "Node Type": "Index Scan",
               "Parent Relationship": "SubPlan",
               "Subplan Name": "SubPlan 20",
               "Parallel Aware": false,
               "Async Capable": false,
               "Scan Direction": "Forward",
               "Index Name": "ix_profile_record_account_id_record_id",
               "Relation Name": "profile_record",
               "Alias": "pr_1",
               "Startup Cost": 0.15,
               "Total Cost": 8.17,
               "Plan Rows": 1,
               "Plan Width": 0,
               "Actual Startup Time": 0.000,
               "Actual Total Time": 0.000,
               "Actual Rows": 0,
               "Actual Loops": 0,
               "Disabled": false,
               "Index Cond": "((account_id = s_5.account_id) AND (record_id = r_5.id))",
               "Rows Removed by Index Recheck": 0,
               "Filter": "(profile_id = s_5.profile_id)",
               "Rows Removed by Filter": 0,
               "Index Searches": 0,
               "Shared Hit Blocks": 0,
               "Shared Read Blocks": 0,
               "Shared Dirtied Blocks": 0,
               "Shared Written Blocks": 0,
               "Local Hit Blocks": 0,
               "Local Read Blocks": 0,
               "Local Dirtied Blocks": 0,
               "Local Written Blocks": 0,
               "Temp Read Blocks": 0,
               "Temp Written Blocks": 0
             },
             {
               "Node Type": "Nested Loop",
               "Parent Relationship": "SubPlan",
               "Subplan Name": "SubPlan 22",
               "Parallel Aware": false,
               "Async Capable": false,
               "Join Type": "Inner",
               "Startup Cost": 0.15,
               "Total Cost": 8.43,
               "Plan Rows": 1,
               "Plan Width": 0,
               "Actual Startup Time": 0.000,
               "Actual Total Time": 0.000,
               "Actual Rows": 0,
               "Actual Loops": 0,
               "Disabled": false,
               "Inner Unique": false,
               "Join Filter": "(pf_1.folder_id = t_2.id)",
               "Rows Removed by Join Filter": 0,
               "Shared Hit Blocks": 0,
               "Shared Read Blocks": 0,
               "Shared Dirtied Blocks": 0,
               "Shared Written Blocks": 0,
               "Local Hit Blocks": 0,
               "Local Read Blocks": 0,
               "Local Dirtied Blocks": 0,
               "Local Written Blocks": 0,
               "Temp Read Blocks": 0,
               "Temp Written Blocks": 0,
               "Plans": [
                 {
                   "Node Type": "Index Scan",
                   "Parent Relationship": "Outer",
                   "Parallel Aware": false,
                   "Async Capable": false,
                   "Scan Direction": "Forward",
                   "Index Name": "ix_profile_folder_account_id_profile_id",
                   "Relation Name": "profile_folder",
                   "Alias": "pf_1",
                   "Startup Cost": 0.15,
                   "Total Cost": 8.17,
                   "Plan Rows": 1,
                   "Plan Width": 8,
                   "Actual Startup Time": 0.000,
                   "Actual Total Time": 0.000,
                   "Actual Rows": 0,
                   "Actual Loops": 0,
                   "Disabled": false,
                   "Index Cond": "((account_id = s_5.account_id) AND (profile_id = s_5.profile_id))",
                   "Rows Removed by Index Recheck": 0,
                   "Index Searches": 0,
                   "Shared Hit Blocks": 0,
                   "Shared Read Blocks": 0,
                   "Shared Dirtied Blocks": 0,
                   "Shared Written Blocks": 0,
                   "Local Hit Blocks": 0,
                   "Local Read Blocks": 0,
                   "Local Dirtied Blocks": 0,
                   "Local Written Blocks": 0,
                   "Temp Read Blocks": 0,
                   "Temp Written Blocks": 0
                 },
                 {
                   "Node Type": "CTE Scan",
                   "Parent Relationship": "Inner",
                   "Parallel Aware": false,
                   "Async Capable": false,
                   "CTE Name": "ancestry",
                   "Alias": "t_2",
                   "Startup Cost": 0.00,
                   "Total Cost": 0.25,
                   "Plan Rows": 1,
                   "Plan Width": 8,
                   "Actual Startup Time": 0.000,
                   "Actual Total Time": 0.000,
                   "Actual Rows": 0,
                   "Actual Loops": 0,
                   "Disabled": false,
                   "Filter": "(record_id = r_5.id)",
                   "Rows Removed by Filter": 0,
                   "Storage": "Memory",
                   "Maximum Storage": 17,
                   "Shared Hit Blocks": 0,
                   "Shared Read Blocks": 0,
                   "Shared Dirtied Blocks": 0,
                   "Shared Written Blocks": 0,
                   "Local Hit Blocks": 0,
                   "Local Read Blocks": 0,
                   "Local Dirtied Blocks": 0,
                   "Local Written Blocks": 0,
                   "Temp Read Blocks": 0,
                   "Temp Written Blocks": 0
                 }
               ]
             },
             {
               "Node Type": "CTE Scan",
               "Parent Relationship": "SubPlan",
               "Subplan Name": "SubPlan 25",
               "Parallel Aware": false,
               "Async Capable": false,
               "CTE Name": "included",
               "Alias": "i",
               "Startup Cost": 0.00,
               "Total Cost": 0.02,
               "Plan Rows": 1,
               "Plan Width": 8,
               "Actual Startup Time": 0.013,
               "Actual Total Time": 0.013,
               "Actual Rows": 1.00,
               "Actual Loops": 1,
               "Disabled": false,
               "Storage": "Memory",
               "Maximum Storage": 17,
               "Shared Hit Blocks": 2,
               "Shared Read Blocks": 0,
               "Shared Dirtied Blocks": 0,
               "Shared Written Blocks": 0,
               "Local Hit Blocks": 0,
               "Local Read Blocks": 0,
               "Local Dirtied Blocks": 0,
               "Local Written Blocks": 0,
               "Temp Read Blocks": 0,
               "Temp Written Blocks": 0
             }
           ]
         },
         {
           "Node Type": "Hash Join",
           "Parent Relationship": "InitPlan",
           "Subplan Name": "CTE visible",
           "Parallel Aware": false,
           "Async Capable": false,
           "Join Type": "Right Anti",
           "Startup Cost": 0.28,
           "Total Cost": 0.54,
           "Plan Rows": 1,
           "Plan Width": 128,
           "Actual Startup Time": 0.038,
           "Actual Total Time": 0.040,
           "Actual Rows": 1.00,
           "Actual Loops": 1,
           "Disabled": false,
           "Inner Unique": false,
           "Hash Cond": "(t_4.record_id = r_6.id)",
           "Shared Hit Blocks": 2,
           "Shared Read Blocks": 0,
           "Shared Dirtied Blocks": 0,
           "Shared Written Blocks": 0,
           "Local Hit Blocks": 0,
           "Local Read Blocks": 0,
           "Local Dirtied Blocks": 0,
           "Local Written Blocks": 0,
           "Temp Read Blocks": 0,
           "Temp Written Blocks": 0,
           "Plans": [
             {
               "Node Type": "CTE Scan",
               "Parent Relationship": "Outer",
               "Parallel Aware": false,
               "Async Capable": false,
               "CTE Name": "ancestry",
               "Alias": "t_4",
               "Startup Cost": 0.00,
               "Total Cost": 0.22,
               "Plan Rows": 8,
               "Plan Width": 8,
               "Actual Startup Time": 0.000,
               "Actual Total Time": 0.000,
               "Actual Rows": 0.00,
               "Actual Loops": 1,
               "Disabled": false,
               "Filter": "(hidden OR cycle)",
               "Rows Removed by Filter": 0,
               "Storage": "Memory",
               "Maximum Storage": 17,
               "Shared Hit Blocks": 0,
               "Shared Read Blocks": 0,
               "Shared Dirtied Blocks": 0,
               "Shared Written Blocks": 0,
               "Local Hit Blocks": 0,
               "Local Read Blocks": 0,
               "Local Dirtied Blocks": 0,
               "Local Written Blocks": 0,
               "Temp Read Blocks": 0,
               "Temp Written Blocks": 0
             },
             {
               "Node Type": "Hash",
               "Parent Relationship": "Inner",
               "Parallel Aware": false,
               "Async Capable": false,
               "Startup Cost": 0.27,
               "Total Cost": 0.27,
               "Plan Rows": 1,
               "Plan Width": 128,
               "Actual Startup Time": 0.026,
               "Actual Total Time": 0.027,
               "Actual Rows": 1.00,
               "Actual Loops": 1,
               "Disabled": false,
               "Hash Buckets": 1024,
               "Original Hash Buckets": 1024,
               "Hash Batches": 1,
               "Original Hash Batches": 1,
               "Peak Memory Usage": 9,
               "Shared Hit Blocks": 2,
               "Shared Read Blocks": 0,
               "Shared Dirtied Blocks": 0,
               "Shared Written Blocks": 0,
               "Local Hit Blocks": 0,
               "Local Read Blocks": 0,
               "Local Dirtied Blocks": 0,
               "Local Written Blocks": 0,
               "Temp Read Blocks": 0,
               "Temp Written Blocks": 0,
               "Plans": [
                 {
                   "Node Type": "CTE Scan",
                   "Parent Relationship": "Outer",
                   "Parallel Aware": false,
                   "Async Capable": false,
                   "CTE Name": "scoped",
                   "Alias": "r_6",
                   "Startup Cost": 0.00,
                   "Total Cost": 0.27,
                   "Plan Rows": 1,
                   "Plan Width": 128,
                   "Actual Startup Time": 0.023,
                   "Actual Total Time": 0.024,
                   "Actual Rows": 1.00,
                   "Actual Loops": 1,
                   "Disabled": false,
                   "Filter": "((folder_id IS NULL) OR (ANY (id = (hashed SubPlan 28).col1)))",
                   "Rows Removed by Filter": 0,
                   "Storage": "Memory",
                   "Maximum Storage": 17,
                   "Shared Hit Blocks": 2,
                   "Shared Read Blocks": 0,
                   "Shared Dirtied Blocks": 0,
                   "Shared Written Blocks": 0,
                   "Local Hit Blocks": 0,
                   "Local Read Blocks": 0,
                   "Local Dirtied Blocks": 0,
                   "Local Written Blocks": 0,
                   "Temp Read Blocks": 0,
                   "Temp Written Blocks": 0,
                   "Plans": [
                     {
                       "Node Type": "CTE Scan",
                       "Parent Relationship": "SubPlan",
                       "Subplan Name": "SubPlan 28",
                       "Parallel Aware": false,
                       "Async Capable": false,
                       "CTE Name": "ancestry",
                       "Alias": "t_3",
                       "Startup Cost": 0.00,
                       "Total Cost": 0.22,
                       "Plan Rows": 1,
                       "Plan Width": 8,
                       "Actual Startup Time": 0.000,
                       "Actual Total Time": 0.000,
                       "Actual Rows": 0,
                       "Actual Loops": 0,
                       "Disabled": false,
                       "Filter": "(parent_folder_id IS NULL)",
                       "Rows Removed by Filter": 0,
                       "Storage": "Memory",
                       "Maximum Storage": 17,
                       "Shared Hit Blocks": 0,
                       "Shared Read Blocks": 0,
                       "Shared Dirtied Blocks": 0,
                       "Shared Written Blocks": 0,
                       "Local Hit Blocks": 0,
                       "Local Read Blocks": 0,
                       "Local Dirtied Blocks": 0,
                       "Local Written Blocks": 0,
                       "Temp Read Blocks": 0,
                       "Temp Written Blocks": 0
                     }
                   ]
                 }
               ]
             }
           ]
         },
         {
           "Node Type": "Result",
           "Parent Relationship": "InitPlan",
           "Subplan Name": "CTE boundary",
           "Parallel Aware": false,
           "Async Capable": false,
           "Startup Cost": 0.03,
           "Total Cost": 0.04,
           "Plan Rows": 1,
           "Plan Width": 8,
           "Actual Startup Time": 0.006,
           "Actual Total Time": 0.007,
           "Actual Rows": 1.00,
           "Actual Loops": 1,
           "Disabled": false,
           "Shared Hit Blocks": 0,
           "Shared Read Blocks": 0,
           "Shared Dirtied Blocks": 0,
           "Shared Written Blocks": 0,
           "Local Hit Blocks": 0,
           "Local Read Blocks": 0,
           "Local Dirtied Blocks": 0,
           "Local Written Blocks": 0,
           "Temp Read Blocks": 0,
           "Temp Written Blocks": 0,
           "Plans": [
             {
               "Node Type": "Aggregate",
               "Strategy": "Plain",
               "Partial Mode": "Simple",
               "Parent Relationship": "InitPlan",
               "Subplan Name": "InitPlan 30",
               "Parallel Aware": false,
               "Async Capable": false,
               "Startup Cost": 0.02,
               "Total Cost": 0.03,
               "Plan Rows": 1,
               "Plan Width": 8,
               "Actual Startup Time": 0.003,
               "Actual Total Time": 0.004,
               "Actual Rows": 1.00,
               "Actual Loops": 1,
               "Disabled": false,
               "Shared Hit Blocks": 0,
               "Shared Read Blocks": 0,
               "Shared Dirtied Blocks": 0,
               "Shared Written Blocks": 0,
               "Local Hit Blocks": 0,
               "Local Read Blocks": 0,
               "Local Dirtied Blocks": 0,
               "Local Written Blocks": 0,
               "Temp Read Blocks": 0,
               "Temp Written Blocks": 0,
               "Plans": [
                 {
                   "Node Type": "CTE Scan",
                   "Parent Relationship": "Outer",
                   "Parallel Aware": false,
                   "Async Capable": false,
                   "CTE Name": "visible",
                   "Alias": "r_7",
                   "Startup Cost": 0.00,
                   "Total Cost": 0.02,
                   "Plan Rows": 1,
                   "Plan Width": 8,
                   "Actual Startup Time": 0.000,
                   "Actual Total Time": 0.000,
                   "Actual Rows": 1.00,
                   "Actual Loops": 1,
                   "Disabled": false,
                   "Storage": "Memory",
                   "Maximum Storage": 17,
                   "Shared Hit Blocks": 0,
                   "Shared Read Blocks": 0,
                   "Shared Dirtied Blocks": 0,
                   "Shared Written Blocks": 0,
                   "Local Hit Blocks": 0,
                   "Local Read Blocks": 0,
                   "Local Dirtied Blocks": 0,
                   "Local Written Blocks": 0,
                   "Temp Read Blocks": 0,
                   "Temp Written Blocks": 0
                 }
               ]
             }
           ]
         },
         {
           "Node Type": "Sort",
           "Parent Relationship": "InitPlan",
           "Subplan Name": "CTE page",
           "Parallel Aware": false,
           "Async Capable": false,
           "Startup Cost": 0.07,
           "Total Cost": 0.07,
           "Plan Rows": 1,
           "Plan Width": 128,
           "Actual Startup Time": 0.011,
           "Actual Total Time": 0.012,
           "Actual Rows": 1.00,
           "Actual Loops": 1,
           "Disabled": false,
           "Sort Key": ["r_8.server_sequence"],
           "Sort Method": "quicksort",
           "Sort Space Used": 25,
           "Sort Space Type": "Memory",
           "Shared Hit Blocks": 0,
           "Shared Read Blocks": 0,
           "Shared Dirtied Blocks": 0,
           "Shared Written Blocks": 0,
           "Local Hit Blocks": 0,
           "Local Read Blocks": 0,
           "Local Dirtied Blocks": 0,
           "Local Written Blocks": 0,
           "Temp Read Blocks": 0,
           "Temp Written Blocks": 0,
           "Plans": [
             {
               "Node Type": "Nested Loop",
               "Parent Relationship": "Outer",
               "Parallel Aware": false,
               "Async Capable": false,
               "Join Type": "Inner",
               "Startup Cost": 0.00,
               "Total Cost": 0.05,
               "Plan Rows": 1,
               "Plan Width": 128,
               "Actual Startup Time": 0.002,
               "Actual Total Time": 0.003,
               "Actual Rows": 1.00,
               "Actual Loops": 1,
               "Disabled": false,
               "Inner Unique": false,
               "Join Filter": "(r_8.server_sequence <= b.value)",
               "Rows Removed by Join Filter": 0,
               "Shared Hit Blocks": 0,
               "Shared Read Blocks": 0,
               "Shared Dirtied Blocks": 0,
               "Shared Written Blocks": 0,
               "Local Hit Blocks": 0,
               "Local Read Blocks": 0,
               "Local Dirtied Blocks": 0,
               "Local Written Blocks": 0,
               "Temp Read Blocks": 0,
               "Temp Written Blocks": 0,
               "Plans": [
                 {
                   "Node Type": "CTE Scan",
                   "Parent Relationship": "Outer",
                   "Parallel Aware": false,
                   "Async Capable": false,
                   "CTE Name": "visible",
                   "Alias": "r_8",
                   "Startup Cost": 0.00,
                   "Total Cost": 0.02,
                   "Plan Rows": 1,
                   "Plan Width": 128,
                   "Actual Startup Time": 0.001,
                   "Actual Total Time": 0.001,
                   "Actual Rows": 1.00,
                   "Actual Loops": 1,
                   "Disabled": false,
                   "Filter": "(server_sequence > '0'::bigint)",
                   "Rows Removed by Filter": 0,
                   "Storage": "Memory",
                   "Maximum Storage": 17,
                   "Shared Hit Blocks": 0,
                   "Shared Read Blocks": 0,
                   "Shared Dirtied Blocks": 0,
                   "Shared Written Blocks": 0,
                   "Local Hit Blocks": 0,
                   "Local Read Blocks": 0,
                   "Local Dirtied Blocks": 0,
                   "Local Written Blocks": 0,
                   "Temp Read Blocks": 0,
                   "Temp Written Blocks": 0
                 },
                 {
                   "Node Type": "CTE Scan",
                   "Parent Relationship": "Inner",
                   "Parallel Aware": false,
                   "Async Capable": false,
                   "CTE Name": "boundary",
                   "Alias": "b",
                   "Startup Cost": 0.00,
                   "Total Cost": 0.02,
                   "Plan Rows": 1,
                   "Plan Width": 8,
                   "Actual Startup Time": 0.000,
                   "Actual Total Time": 0.000,
                   "Actual Rows": 1.00,
                   "Actual Loops": 1,
                   "Disabled": false,
                   "Storage": "Memory",
                   "Maximum Storage": 17,
                   "Shared Hit Blocks": 0,
                   "Shared Read Blocks": 0,
                   "Shared Dirtied Blocks": 0,
                   "Shared Written Blocks": 0,
                   "Local Hit Blocks": 0,
                   "Local Read Blocks": 0,
                   "Local Dirtied Blocks": 0,
                   "Local Written Blocks": 0,
                   "Temp Read Blocks": 0,
                   "Temp Written Blocks": 0
                 }
               ]
             }
           ]
         },
         {
           "Node Type": "Nested Loop",
           "Parent Relationship": "InitPlan",
           "Subplan Name": "InitPlan 33",
           "Parallel Aware": false,
           "Async Capable": false,
           "Join Type": "Anti",
           "Startup Cost": 0.15,
           "Total Cost": 8.20,
           "Plan Rows": 1,
           "Plan Width": 0,
           "Actual Startup Time": 0.036,
           "Actual Total Time": 0.037,
           "Actual Rows": 1.00,
           "Actual Loops": 1,
           "Disabled": false,
           "Inner Unique": false,
           "Shared Hit Blocks": 4,
           "Shared Read Blocks": 0,
           "Shared Dirtied Blocks": 0,
           "Shared Written Blocks": 0,
           "Local Hit Blocks": 0,
           "Local Read Blocks": 0,
           "Local Dirtied Blocks": 0,
           "Local Written Blocks": 0,
           "Temp Read Blocks": 0,
           "Temp Written Blocks": 0,
           "Plans": [
             {
               "Node Type": "CTE Scan",
               "Parent Relationship": "Outer",
               "Parallel Aware": false,
               "Async Capable": false,
               "CTE Name": "actor",
               "Alias": "a_2",
               "Startup Cost": 0.00,
               "Total Cost": 0.02,
               "Plan Rows": 1,
               "Plan Width": 16,
               "Actual Startup Time": 0.028,
               "Actual Total Time": 0.028,
               "Actual Rows": 1.00,
               "Actual Loops": 1,
               "Disabled": false,
               "Filter": "(state = 0)",
               "Rows Removed by Filter": 0,
               "Storage": "Memory",
               "Maximum Storage": 17,
               "Shared Hit Blocks": 2,
               "Shared Read Blocks": 0,
               "Shared Dirtied Blocks": 0,
               "Shared Written Blocks": 0,
               "Local Hit Blocks": 0,
               "Local Read Blocks": 0,
               "Local Dirtied Blocks": 0,
               "Local Written Blocks": 0,
               "Temp Read Blocks": 0,
               "Temp Written Blocks": 0
             },
             {
               "Node Type": "Index Only Scan",
               "Parent Relationship": "Inner",
               "Parallel Aware": false,
               "Async Capable": false,
               "Scan Direction": "Forward",
               "Index Name": "ix_terminal_erasure_resource_id",
               "Relation Name": "terminal_erasure",
               "Alias": "e_9",
               "Startup Cost": 0.15,
               "Total Cost": 8.17,
               "Plan Rows": 1,
               "Plan Width": 16,
               "Actual Startup Time": 0.006,
               "Actual Total Time": 0.006,
               "Actual Rows": 0.00,
               "Actual Loops": 1,
               "Disabled": false,
               "Index Cond": "(resource_id = a_2.public_id)",
               "Rows Removed by Index Recheck": 0,
               "Heap Fetches": 0,
               "Index Searches": 1,
               "Shared Hit Blocks": 2,
               "Shared Read Blocks": 0,
               "Shared Dirtied Blocks": 0,
               "Shared Written Blocks": 0,
               "Local Hit Blocks": 0,
               "Local Read Blocks": 0,
               "Local Dirtied Blocks": 0,
               "Local Written Blocks": 0,
               "Temp Read Blocks": 0,
               "Temp Written Blocks": 0
             }
           ]
         },
         {
           "Node Type": "CTE Scan",
           "Parent Relationship": "InitPlan",
           "Subplan Name": "InitPlan 34",
           "Parallel Aware": false,
           "Async Capable": false,
           "CTE Name": "session",
           "Alias": "session",
           "Startup Cost": 0.00,
           "Total Cost": 0.02,
           "Plan Rows": 1,
           "Plan Width": 0,
           "Actual Startup Time": 0.097,
           "Actual Total Time": 0.097,
           "Actual Rows": 1.00,
           "Actual Loops": 1,
           "Disabled": false,
           "Storage": "Memory",
           "Maximum Storage": 17,
           "Shared Hit Blocks": 9,
           "Shared Read Blocks": 0,
           "Shared Dirtied Blocks": 0,
           "Shared Written Blocks": 0,
           "Local Hit Blocks": 0,
           "Local Read Blocks": 0,
           "Local Dirtied Blocks": 0,
           "Local Written Blocks": 0,
           "Temp Read Blocks": 0,
           "Temp Written Blocks": 0
         },
         {
           "Node Type": "Hash Join",
           "Parent Relationship": "InitPlan",
           "Subplan Name": "InitPlan 35",
           "Parallel Aware": false,
           "Async Capable": false,
           "Join Type": "Right Anti",
           "Startup Cost": 0.30,
           "Total Cost": 0.55,
           "Plan Rows": 1,
           "Plan Width": 0,
           "Actual Startup Time": 0.276,
           "Actual Total Time": 0.278,
           "Actual Rows": 0.00,
           "Actual Loops": 1,
           "Disabled": false,
           "Inner Unique": false,
           "Hash Cond": "(hidden.record_id = r_9.id)",
           "Shared Hit Blocks": 37,
           "Shared Read Blocks": 0,
           "Shared Dirtied Blocks": 0,
           "Shared Written Blocks": 0,
           "Local Hit Blocks": 0,
           "Local Read Blocks": 0,
           "Local Dirtied Blocks": 0,
           "Local Written Blocks": 0,
           "Temp Read Blocks": 0,
           "Temp Written Blocks": 0,
           "Plans": [
             {
               "Node Type": "CTE Scan",
               "Parent Relationship": "Outer",
               "Parallel Aware": false,
               "Async Capable": false,
               "CTE Name": "ancestry",
               "Alias": "hidden",
               "Startup Cost": 0.00,
               "Total Cost": 0.22,
               "Plan Rows": 6,
               "Plan Width": 8,
               "Actual Startup Time": 0.000,
               "Actual Total Time": 0.000,
               "Actual Rows": 0,
               "Actual Loops": 0,
               "Disabled": false,
               "Filter": "hidden",
               "Rows Removed by Filter": 0,
               "Storage": "Memory",
               "Maximum Storage": 17,
               "Shared Hit Blocks": 0,
               "Shared Read Blocks": 0,
               "Shared Dirtied Blocks": 0,
               "Shared Written Blocks": 0,
               "Local Hit Blocks": 0,
               "Local Read Blocks": 0,
               "Local Dirtied Blocks": 0,
               "Local Written Blocks": 0,
               "Temp Read Blocks": 0,
               "Temp Written Blocks": 0
             },
             {
               "Node Type": "Hash",
               "Parent Relationship": "Inner",
               "Parallel Aware": false,
               "Async Capable": false,
               "Startup Cost": 0.29,
               "Total Cost": 0.29,
               "Plan Rows": 1,
               "Plan Width": 8,
               "Actual Startup Time": 0.268,
               "Actual Total Time": 0.269,
               "Actual Rows": 0.00,
               "Actual Loops": 1,
               "Disabled": false,
               "Hash Buckets": 1024,
               "Original Hash Buckets": 1024,
               "Hash Batches": 1,
               "Original Hash Batches": 1,
               "Peak Memory Usage": 8,
               "Shared Hit Blocks": 37,
               "Shared Read Blocks": 0,
               "Shared Dirtied Blocks": 0,
               "Shared Written Blocks": 0,
               "Local Hit Blocks": 0,
               "Local Read Blocks": 0,
               "Local Dirtied Blocks": 0,
               "Local Written Blocks": 0,
               "Temp Read Blocks": 0,
               "Temp Written Blocks": 0,
               "Plans": [
                 {
                   "Node Type": "Hash Join",
                   "Parent Relationship": "Outer",
                   "Parallel Aware": false,
                   "Async Capable": false,
                   "Join Type": "Inner",
                   "Startup Cost": 0.03,
                   "Total Cost": 0.29,
                   "Plan Rows": 1,
                   "Plan Width": 8,
                   "Actual Startup Time": 0.268,
                   "Actual Total Time": 0.269,
                   "Actual Rows": 0.00,
                   "Actual Loops": 1,
                   "Disabled": false,
                   "Inner Unique": false,
                   "Hash Cond": "(t_5.record_id = r_9.id)",
                   "Shared Hit Blocks": 37,
                   "Shared Read Blocks": 0,
                   "Shared Dirtied Blocks": 0,
                   "Shared Written Blocks": 0,
                   "Local Hit Blocks": 0,
                   "Local Read Blocks": 0,
                   "Local Dirtied Blocks": 0,
                   "Local Written Blocks": 0,
                   "Temp Read Blocks": 0,
                   "Temp Written Blocks": 0,
                   "Plans": [
                     {
                       "Node Type": "CTE Scan",
                       "Parent Relationship": "Outer",
                       "Parallel Aware": false,
                       "Async Capable": false,
                       "CTE Name": "ancestry",
                       "Alias": "t_5",
                       "Startup Cost": 0.00,
                       "Total Cost": 0.22,
                       "Plan Rows": 6,
                       "Plan Width": 8,
                       "Actual Startup Time": 0.268,
                       "Actual Total Time": 0.268,
                       "Actual Rows": 0.00,
                       "Actual Loops": 1,
                       "Disabled": false,
                       "Filter": "cycle",
                       "Rows Removed by Filter": 0,
                       "Storage": "Memory",
                       "Maximum Storage": 17,
                       "Shared Hit Blocks": 37,
                       "Shared Read Blocks": 0,
                       "Shared Dirtied Blocks": 0,
                       "Shared Written Blocks": 0,
                       "Local Hit Blocks": 0,
                       "Local Read Blocks": 0,
                       "Local Dirtied Blocks": 0,
                       "Local Written Blocks": 0,
                       "Temp Read Blocks": 0,
                       "Temp Written Blocks": 0
                     },
                     {
                       "Node Type": "Hash",
                       "Parent Relationship": "Inner",
                       "Parallel Aware": false,
                       "Async Capable": false,
                       "Startup Cost": 0.02,
                       "Total Cost": 0.02,
                       "Plan Rows": 1,
                       "Plan Width": 8,
                       "Actual Startup Time": 0.000,
                       "Actual Total Time": 0.000,
                       "Actual Rows": 0,
                       "Actual Loops": 0,
                       "Disabled": false,
                       "Shared Hit Blocks": 0,
                       "Shared Read Blocks": 0,
                       "Shared Dirtied Blocks": 0,
                       "Shared Written Blocks": 0,
                       "Local Hit Blocks": 0,
                       "Local Read Blocks": 0,
                       "Local Dirtied Blocks": 0,
                       "Local Written Blocks": 0,
                       "Temp Read Blocks": 0,
                       "Temp Written Blocks": 0,
                       "Plans": [
                         {
                           "Node Type": "CTE Scan",
                           "Parent Relationship": "Outer",
                           "Parallel Aware": false,
                           "Async Capable": false,
                           "CTE Name": "scoped",
                           "Alias": "r_9",
                           "Startup Cost": 0.00,
                           "Total Cost": 0.02,
                           "Plan Rows": 1,
                           "Plan Width": 8,
                           "Actual Startup Time": 0.000,
                           "Actual Total Time": 0.000,
                           "Actual Rows": 0,
                           "Actual Loops": 0,
                           "Disabled": false,
                           "Storage": "Memory",
                           "Maximum Storage": 17,
                           "Shared Hit Blocks": 0,
                           "Shared Read Blocks": 0,
                           "Shared Dirtied Blocks": 0,
                           "Shared Written Blocks": 0,
                           "Local Hit Blocks": 0,
                           "Local Read Blocks": 0,
                           "Local Dirtied Blocks": 0,
                           "Local Written Blocks": 0,
                           "Temp Read Blocks": 0,
                           "Temp Written Blocks": 0
                         }
                       ]
                     }
                   ]
                 }
               ]
             }
           ]
         },
         {
           "Node Type": "Aggregate",
           "Strategy": "Hashed",
           "Partial Mode": "Simple",
           "Parent Relationship": "InitPlan",
           "Subplan Name": "InitPlan 36",
           "Parallel Aware": false,
           "Async Capable": false,
           "Startup Cost": 0.02,
           "Total Cost": 0.04,
           "Plan Rows": 1,
           "Plan Width": 8,
           "Actual Startup Time": 0.045,
           "Actual Total Time": 0.046,
           "Actual Rows": 0.00,
           "Actual Loops": 1,
           "Disabled": false,
           "Group Key": ["r_10.server_sequence"],
           "Filter": "((r_10.server_sequence <= 0) OR (r_10.server_sequence > '9007199254740991'::bigint) OR (count(*) > 1))",
           "Planned Partitions": 0,
           "HashAgg Batches": 1,
           "Peak Memory Usage": 32,
           "Disk Usage": 0,
           "Rows Removed by Filter": 1,
           "Shared Hit Blocks": 2,
           "Shared Read Blocks": 0,
           "Shared Dirtied Blocks": 0,
           "Shared Written Blocks": 0,
           "Local Hit Blocks": 0,
           "Local Read Blocks": 0,
           "Local Dirtied Blocks": 0,
           "Local Written Blocks": 0,
           "Temp Read Blocks": 0,
           "Temp Written Blocks": 0,
           "Plans": [
             {
               "Node Type": "CTE Scan",
               "Parent Relationship": "Outer",
               "Parallel Aware": false,
               "Async Capable": false,
               "CTE Name": "visible",
               "Alias": "r_10",
               "Startup Cost": 0.00,
               "Total Cost": 0.02,
               "Plan Rows": 1,
               "Plan Width": 8,
               "Actual Startup Time": 0.039,
               "Actual Total Time": 0.040,
               "Actual Rows": 1.00,
               "Actual Loops": 1,
               "Disabled": false,
               "Storage": "Memory",
               "Maximum Storage": 17,
               "Shared Hit Blocks": 2,
               "Shared Read Blocks": 0,
               "Shared Dirtied Blocks": 0,
               "Shared Written Blocks": 0,
               "Local Hit Blocks": 0,
               "Local Read Blocks": 0,
               "Local Dirtied Blocks": 0,
               "Local Written Blocks": 0,
               "Temp Read Blocks": 0,
               "Temp Written Blocks": 0
             }
           ]
         },
         {
           "Node Type": "CTE Scan",
           "Parent Relationship": "InitPlan",
           "Subplan Name": "InitPlan 37",
           "Parallel Aware": false,
           "Async Capable": false,
           "CTE Name": "boundary",
           "Alias": "boundary",
           "Startup Cost": 0.00,
           "Total Cost": 0.02,
           "Plan Rows": 1,
           "Plan Width": 8,
           "Actual Startup Time": 0.006,
           "Actual Total Time": 0.007,
           "Actual Rows": 1.00,
           "Actual Loops": 1,
           "Disabled": false,
           "Storage": "Memory",
           "Maximum Storage": 17,
           "Shared Hit Blocks": 0,
           "Shared Read Blocks": 0,
           "Shared Dirtied Blocks": 0,
           "Shared Written Blocks": 0,
           "Local Hit Blocks": 0,
           "Local Read Blocks": 0,
           "Local Dirtied Blocks": 0,
           "Local Written Blocks": 0,
           "Temp Read Blocks": 0,
           "Temp Written Blocks": 0
         },
         {
           "Node Type": "Limit",
           "Parent Relationship": "InitPlan",
           "Subplan Name": "InitPlan 38",
           "Parallel Aware": false,
           "Async Capable": false,
           "Startup Cost": 0.02,
           "Total Cost": 0.02,
           "Plan Rows": 1,
           "Plan Width": 0,
           "Actual Startup Time": 0.013,
           "Actual Total Time": 0.014,
           "Actual Rows": 0.00,
           "Actual Loops": 1,
           "Disabled": false,
           "Shared Hit Blocks": 0,
           "Shared Read Blocks": 0,
           "Shared Dirtied Blocks": 0,
           "Shared Written Blocks": 0,
           "Local Hit Blocks": 0,
           "Local Read Blocks": 0,
           "Local Dirtied Blocks": 0,
           "Local Written Blocks": 0,
           "Temp Read Blocks": 0,
           "Temp Written Blocks": 0,
           "Plans": [
             {
               "Node Type": "CTE Scan",
               "Parent Relationship": "Outer",
               "Parallel Aware": false,
               "Async Capable": false,
               "CTE Name": "page",
               "Alias": "page",
               "Startup Cost": 0.00,
               "Total Cost": 0.02,
               "Plan Rows": 1,
               "Plan Width": 0,
               "Actual Startup Time": 0.012,
               "Actual Total Time": 0.012,
               "Actual Rows": 1.00,
               "Actual Loops": 1,
               "Disabled": false,
               "Storage": "Memory",
               "Maximum Storage": 17,
               "Shared Hit Blocks": 0,
               "Shared Read Blocks": 0,
               "Shared Dirtied Blocks": 0,
               "Shared Written Blocks": 0,
               "Local Hit Blocks": 0,
               "Local Read Blocks": 0,
               "Local Dirtied Blocks": 0,
               "Local Written Blocks": 0,
               "Temp Read Blocks": 0,
               "Temp Written Blocks": 0
             }
           ]
         },
         {
           "Node Type": "Aggregate",
           "Strategy": "Plain",
           "Partial Mode": "Simple",
           "Parent Relationship": "InitPlan",
           "Subplan Name": "InitPlan 39",
           "Parallel Aware": false,
           "Async Capable": false,
           "Startup Cost": 0.06,
           "Total Cost": 0.07,
           "Plan Rows": 1,
           "Plan Width": 32,
           "Actual Startup Time": 0.043,
           "Actual Total Time": 0.044,
           "Actual Rows": 1.00,
           "Actual Loops": 1,
           "Disabled": false,
           "Shared Hit Blocks": 0,
           "Shared Read Blocks": 0,
           "Shared Dirtied Blocks": 0,
           "Shared Written Blocks": 0,
           "Local Hit Blocks": 0,
           "Local Read Blocks": 0,
           "Local Dirtied Blocks": 0,
           "Local Written Blocks": 0,
           "Temp Read Blocks": 0,
           "Temp Written Blocks": 0,
           "Plans": [
             {
               "Node Type": "Sort",
               "Parent Relationship": "Outer",
               "Parallel Aware": false,
               "Async Capable": false,
               "Startup Cost": 0.04,
               "Total Cost": 0.05,
               "Plan Rows": 1,
               "Plan Width": 72,
               "Actual Startup Time": 0.010,
               "Actual Total Time": 0.011,
               "Actual Rows": 1.00,
               "Actual Loops": 1,
               "Disabled": false,
               "Sort Key": ["p_1.server_sequence"],
               "Sort Method": "quicksort",
               "Sort Space Used": 25,
               "Sort Space Type": "Memory",
               "Shared Hit Blocks": 0,
               "Shared Read Blocks": 0,
               "Shared Dirtied Blocks": 0,
               "Shared Written Blocks": 0,
               "Local Hit Blocks": 0,
               "Local Read Blocks": 0,
               "Local Dirtied Blocks": 0,
               "Local Written Blocks": 0,
               "Temp Read Blocks": 0,
               "Temp Written Blocks": 0,
               "Plans": [
                 {
                   "Node Type": "Subquery Scan",
                   "Parent Relationship": "Outer",
                   "Parallel Aware": false,
                   "Async Capable": false,
                   "Alias": "p_1",
                   "Startup Cost": 0.00,
                   "Total Cost": 0.03,
                   "Plan Rows": 1,
                   "Plan Width": 72,
                   "Actual Startup Time": 0.003,
                   "Actual Total Time": 0.003,
                   "Actual Rows": 1.00,
                   "Actual Loops": 1,
                   "Disabled": false,
                   "Shared Hit Blocks": 0,
                   "Shared Read Blocks": 0,
                   "Shared Dirtied Blocks": 0,
                   "Shared Written Blocks": 0,
                   "Local Hit Blocks": 0,
                   "Local Read Blocks": 0,
                   "Local Dirtied Blocks": 0,
                   "Local Written Blocks": 0,
                   "Temp Read Blocks": 0,
                   "Temp Written Blocks": 0,
                   "Plans": [
                     {
                       "Node Type": "Limit",
                       "Parent Relationship": "Subquery",
                       "Parallel Aware": false,
                       "Async Capable": false,
                       "Startup Cost": 0.00,
                       "Total Cost": 0.02,
                       "Plan Rows": 1,
                       "Plan Width": 128,
                       "Actual Startup Time": 0.002,
                       "Actual Total Time": 0.002,
                       "Actual Rows": 1.00,
                       "Actual Loops": 1,
                       "Disabled": false,
                       "Shared Hit Blocks": 0,
                       "Shared Read Blocks": 0,
                       "Shared Dirtied Blocks": 0,
                       "Shared Written Blocks": 0,
                       "Local Hit Blocks": 0,
                       "Local Read Blocks": 0,
                       "Local Dirtied Blocks": 0,
                       "Local Written Blocks": 0,
                       "Temp Read Blocks": 0,
                       "Temp Written Blocks": 0,
                       "Plans": [
                         {
                           "Node Type": "CTE Scan",
                           "Parent Relationship": "Outer",
                           "Parallel Aware": false,
                           "Async Capable": false,
                           "CTE Name": "page",
                           "Alias": "page_1",
                           "Startup Cost": 0.00,
                           "Total Cost": 0.02,
                           "Plan Rows": 1,
                           "Plan Width": 128,
                           "Actual Startup Time": 0.001,
                           "Actual Total Time": 0.001,
                           "Actual Rows": 1.00,
                           "Actual Loops": 1,
                           "Disabled": false,
                           "Storage": "Memory",
                           "Maximum Storage": 17,
                           "Shared Hit Blocks": 0,
                           "Shared Read Blocks": 0,
                           "Shared Dirtied Blocks": 0,
                           "Shared Written Blocks": 0,
                           "Local Hit Blocks": 0,
                           "Local Read Blocks": 0,
                           "Local Dirtied Blocks": 0,
                           "Local Written Blocks": 0,
                           "Temp Read Blocks": 0,
                           "Temp Written Blocks": 0
                         }
                       ]
                     }
                   ]
                 }
               ]
             }
           ]
         },
         {
           "Node Type": "Aggregate",
           "Strategy": "Plain",
           "Partial Mode": "Simple",
           "Parent Relationship": "InitPlan",
           "Subplan Name": "InitPlan 40",
           "Parallel Aware": false,
           "Async Capable": false,
           "Startup Cost": 17.32,
           "Total Cost": 17.33,
           "Plan Rows": 1,
           "Plan Width": 32,
           "Actual Startup Time": 0.121,
           "Actual Total Time": 0.124,
           "Actual Rows": 1.00,
           "Actual Loops": 1,
           "Disabled": false,
           "Shared Hit Blocks": 10,
           "Shared Read Blocks": 0,
           "Shared Dirtied Blocks": 0,
           "Shared Written Blocks": 0,
           "Local Hit Blocks": 0,
           "Local Read Blocks": 0,
           "Local Dirtied Blocks": 0,
           "Local Written Blocks": 0,
           "Temp Read Blocks": 0,
           "Temp Written Blocks": 0,
           "Plans": [
             {
               "Node Type": "Nested Loop",
               "Parent Relationship": "Outer",
               "Parallel Aware": false,
               "Async Capable": false,
               "Join Type": "Left",
               "Startup Cost": 0.83,
               "Total Cost": 17.29,
               "Plan Rows": 2,
               "Plan Width": 256,
               "Actual Startup Time": 0.055,
               "Actual Total Time": 0.058,
               "Actual Rows": 1.00,
               "Actual Loops": 1,
               "Disabled": false,
               "Inner Unique": true,
               "Shared Hit Blocks": 10,
               "Shared Read Blocks": 0,
               "Shared Dirtied Blocks": 0,
               "Shared Written Blocks": 0,
               "Local Hit Blocks": 0,
               "Local Read Blocks": 0,
               "Local Dirtied Blocks": 0,
               "Local Written Blocks": 0,
               "Temp Read Blocks": 0,
               "Temp Written Blocks": 0,
               "Plans": [
                 {
                   "Node Type": "Nested Loop",
                   "Parent Relationship": "Outer",
                   "Parallel Aware": false,
                   "Async Capable": false,
                   "Join Type": "Inner",
                   "Startup Cost": 0.68,
                   "Total Cost": 17.01,
                   "Plan Rows": 1,
                   "Plan Width": 208,
                   "Actual Startup Time": 0.048,
                   "Actual Total Time": 0.050,
                   "Actual Rows": 1.00,
                   "Actual Loops": 1,
                   "Disabled": false,
                   "Inner Unique": true,
                   "Shared Hit Blocks": 8,
                   "Shared Read Blocks": 0,
                   "Shared Dirtied Blocks": 0,
                   "Shared Written Blocks": 0,
                   "Local Hit Blocks": 0,
                   "Local Read Blocks": 0,
                   "Local Dirtied Blocks": 0,
                   "Local Written Blocks": 0,
                   "Temp Read Blocks": 0,
                   "Temp Written Blocks": 0,
                   "Plans": [
                     {
                       "Node Type": "Nested Loop",
                       "Parent Relationship": "Outer",
                       "Parallel Aware": false,
                       "Async Capable": false,
                       "Join Type": "Inner",
                       "Startup Cost": 0.54,
                       "Total Cost": 16.76,
                       "Plan Rows": 1,
                       "Plan Width": 192,
                       "Actual Startup Time": 0.041,
                       "Actual Total Time": 0.044,
                       "Actual Rows": 1.00,
                       "Actual Loops": 1,
                       "Disabled": false,
                       "Inner Unique": true,
                       "Shared Hit Blocks": 6,
                       "Shared Read Blocks": 0,
                       "Shared Dirtied Blocks": 0,
                       "Shared Written Blocks": 0,
                       "Local Hit Blocks": 0,
                       "Local Read Blocks": 0,
                       "Local Dirtied Blocks": 0,
                       "Local Written Blocks": 0,
                       "Temp Read Blocks": 0,
                       "Temp Written Blocks": 0,
                       "Plans": [
                         {
                           "Node Type": "Nested Loop",
                           "Parent Relationship": "Outer",
                           "Parallel Aware": false,
                           "Async Capable": false,
                           "Join Type": "Inner",
                           "Startup Cost": 0.39,
                           "Total Cost": 16.51,
                           "Plan Rows": 1,
                           "Plan Width": 136,
                           "Actual Startup Time": 0.034,
                           "Actual Total Time": 0.036,
                           "Actual Rows": 1.00,
                           "Actual Loops": 1,
                           "Disabled": false,
                           "Inner Unique": true,
                           "Shared Hit Blocks": 4,
                           "Shared Read Blocks": 0,
                           "Shared Dirtied Blocks": 0,
                           "Shared Written Blocks": 0,
                           "Local Hit Blocks": 0,
                           "Local Read Blocks": 0,
                           "Local Dirtied Blocks": 0,
                           "Local Written Blocks": 0,
                           "Temp Read Blocks": 0,
                           "Temp Written Blocks": 0,
                           "Plans": [
                             {
                               "Node Type": "Nested Loop",
                               "Parent Relationship": "Outer",
                               "Parallel Aware": false,
                               "Async Capable": false,
                               "Join Type": "Inner",
                               "Startup Cost": 0.24,
                               "Total Cost": 8.31,
                               "Plan Rows": 1,
                               "Plan Width": 80,
                               "Actual Startup Time": 0.025,
                               "Actual Total Time": 0.027,
                               "Actual Rows": 1.00,
                               "Actual Loops": 1,
                               "Disabled": false,
                               "Inner Unique": false,
                               "Shared Hit Blocks": 2,
                               "Shared Read Blocks": 0,
                               "Shared Dirtied Blocks": 0,
                               "Shared Written Blocks": 0,
                               "Local Hit Blocks": 0,
                               "Local Read Blocks": 0,
                               "Local Dirtied Blocks": 0,
                               "Local Written Blocks": 0,
                               "Temp Read Blocks": 0,
                               "Temp Written Blocks": 0,
                               "Plans": [
                                 {
                                   "Node Type": "Nested Loop",
                                   "Parent Relationship": "Outer",
                                   "Parallel Aware": false,
                                   "Async Capable": false,
                                   "Join Type": "Left",
                                   "Startup Cost": 0.15,
                                   "Total Cost": 8.21,
                                   "Plan Rows": 1,
                                   "Plan Width": 72,
                                   "Actual Startup Time": 0.017,
                                   "Actual Total Time": 0.017,
                                   "Actual Rows": 1.00,
                                   "Actual Loops": 1,
                                   "Disabled": false,
                                   "Inner Unique": true,
                                   "Shared Hit Blocks": 2,
                                   "Shared Read Blocks": 0,
                                   "Shared Dirtied Blocks": 0,
                                   "Shared Written Blocks": 0,
                                   "Local Hit Blocks": 0,
                                   "Local Read Blocks": 0,
                                   "Local Dirtied Blocks": 0,
                                   "Local Written Blocks": 0,
                                   "Temp Read Blocks": 0,
                                   "Temp Written Blocks": 0,
                                   "Plans": [
                                     {
                                       "Node Type": "CTE Scan",
                                       "Parent Relationship": "Outer",
                                       "Parallel Aware": false,
                                       "Async Capable": false,
                                       "CTE Name": "actor",
                                       "Alias": "a_3",
                                       "Startup Cost": 0.00,
                                       "Total Cost": 0.02,
                                       "Plan Rows": 1,
                                       "Plan Width": 24,
                                       "Actual Startup Time": 0.001,
                                       "Actual Total Time": 0.001,
                                       "Actual Rows": 1.00,
                                       "Actual Loops": 1,
                                       "Disabled": false,
                                       "Storage": "Memory",
                                       "Maximum Storage": 17,
                                       "Shared Hit Blocks": 0,
                                       "Shared Read Blocks": 0,
                                       "Shared Dirtied Blocks": 0,
                                       "Shared Written Blocks": 0,
                                       "Local Hit Blocks": 0,
                                       "Local Read Blocks": 0,
                                       "Local Dirtied Blocks": 0,
                                       "Local Written Blocks": 0,
                                       "Temp Read Blocks": 0,
                                       "Temp Written Blocks": 0
                                     },
                                     {
                                       "Node Type": "Index Scan",
                                       "Parent Relationship": "Inner",
                                       "Parallel Aware": false,
                                       "Async Capable": false,
                                       "Scan Direction": "Forward",
                                       "Index Name": "ix_vault_protection_account_id",
                                       "Relation Name": "vault_protection",
                                       "Alias": "rp",
                                       "Startup Cost": 0.15,
                                       "Total Cost": 8.17,
                                       "Plan Rows": 1,
                                       "Plan Width": 64,
                                       "Actual Startup Time": 0.014,
                                       "Actual Total Time": 0.014,
                                       "Actual Rows": 1.00,
                                       "Actual Loops": 1,
                                       "Disabled": false,
                                       "Index Cond": "(account_id = a_3.id)",
                                       "Rows Removed by Index Recheck": 0,
                                       "Index Searches": 1,
                                       "Shared Hit Blocks": 2,
                                       "Shared Read Blocks": 0,
                                       "Shared Dirtied Blocks": 0,
                                       "Shared Written Blocks": 0,
                                       "Local Hit Blocks": 0,
                                       "Local Read Blocks": 0,
                                       "Local Dirtied Blocks": 0,
                                       "Local Written Blocks": 0,
                                       "Temp Read Blocks": 0,
                                       "Temp Written Blocks": 0
                                     }
                                   ]
                                 },
                                 {
                                   "Node Type": "Aggregate",
                                   "Strategy": "Hashed",
                                   "Partial Mode": "Simple",
                                   "Parent Relationship": "Inner",
                                   "Parallel Aware": false,
                                   "Async Capable": false,
                                   "Startup Cost": 0.09,
                                   "Total Cost": 0.10,
                                   "Plan Rows": 1,
                                   "Plan Width": 8,
                                   "Actual Startup Time": 0.007,
                                   "Actual Total Time": 0.008,
                                   "Actual Rows": 1.00,
                                   "Actual Loops": 1,
                                   "Disabled": false,
                                   "Group Key": ["i_1.grant_id"],
                                   "Planned Partitions": 0,
                                   "HashAgg Batches": 1,
                                   "Peak Memory Usage": 32,
                                   "Disk Usage": 0,
                                   "Shared Hit Blocks": 0,
                                   "Shared Read Blocks": 0,
                                   "Shared Dirtied Blocks": 0,
                                   "Shared Written Blocks": 0,
                                   "Local Hit Blocks": 0,
                                   "Local Read Blocks": 0,
                                   "Local Dirtied Blocks": 0,
                                   "Local Written Blocks": 0,
                                   "Temp Read Blocks": 0,
                                   "Temp Written Blocks": 0,
                                   "Plans": [
                                     {
                                       "Node Type": "Nested Loop",
                                       "Parent Relationship": "Outer",
                                       "Parallel Aware": false,
                                       "Async Capable": false,
                                       "Join Type": "Inner",
                                       "Startup Cost": 0.00,
                                       "Total Cost": 0.09,
                                       "Plan Rows": 1,
                                       "Plan Width": 8,
                                       "Actual Startup Time": 0.004,
                                       "Actual Total Time": 0.005,
                                       "Actual Rows": 1.00,
                                       "Actual Loops": 1,
                                       "Disabled": false,
                                       "Inner Unique": false,
                                       "Join Filter": "(r_11.account_id <> s_6.account_id)",
                                       "Rows Removed by Join Filter": 0,
                                       "Shared Hit Blocks": 0,
                                       "Shared Read Blocks": 0,
                                       "Shared Dirtied Blocks": 0,
                                       "Shared Written Blocks": 0,
                                       "Local Hit Blocks": 0,
                                       "Local Read Blocks": 0,
                                       "Local Dirtied Blocks": 0,
                                       "Local Written Blocks": 0,
                                       "Temp Read Blocks": 0,
                                       "Temp Written Blocks": 0,
                                       "Plans": [
                                         {
                                           "Node Type": "Nested Loop",
                                           "Parent Relationship": "Outer",
                                           "Parallel Aware": false,
                                           "Async Capable": false,
                                           "Join Type": "Inner",
                                           "Startup Cost": 0.00,
                                           "Total Cost": 0.05,
                                           "Plan Rows": 1,
                                           "Plan Width": 16,
                                           "Actual Startup Time": 0.003,
                                           "Actual Total Time": 0.003,
                                           "Actual Rows": 1.00,
                                           "Actual Loops": 1,
                                           "Disabled": false,
                                           "Inner Unique": false,
                                           "Join Filter": "(i_1.record_id = r_11.id)",
                                           "Rows Removed by Join Filter": 0,
                                           "Shared Hit Blocks": 0,
                                           "Shared Read Blocks": 0,
                                           "Shared Dirtied Blocks": 0,
                                           "Shared Written Blocks": 0,
                                           "Local Hit Blocks": 0,
                                           "Local Read Blocks": 0,
                                           "Local Dirtied Blocks": 0,
                                           "Local Written Blocks": 0,
                                           "Temp Read Blocks": 0,
                                           "Temp Written Blocks": 0,
                                           "Plans": [
                                             {
                                               "Node Type": "CTE Scan",
                                               "Parent Relationship": "Outer",
                                               "Parallel Aware": false,
                                               "Async Capable": false,
                                               "CTE Name": "included",
                                               "Alias": "i_1",
                                               "Startup Cost": 0.00,
                                               "Total Cost": 0.02,
                                               "Plan Rows": 1,
                                               "Plan Width": 16,
                                               "Actual Startup Time": 0.001,
                                               "Actual Total Time": 0.001,
                                               "Actual Rows": 1.00,
                                               "Actual Loops": 1,
                                               "Disabled": false,
                                               "Filter": "(grant_id IS NOT NULL)",
                                               "Rows Removed by Filter": 0,
                                               "Storage": "Memory",
                                               "Maximum Storage": 17,
                                               "Shared Hit Blocks": 0,
                                               "Shared Read Blocks": 0,
                                               "Shared Dirtied Blocks": 0,
                                               "Shared Written Blocks": 0,
                                               "Local Hit Blocks": 0,
                                               "Local Read Blocks": 0,
                                               "Local Dirtied Blocks": 0,
                                               "Local Written Blocks": 0,
                                               "Temp Read Blocks": 0,
                                               "Temp Written Blocks": 0
                                             },
                                             {
                                               "Node Type": "CTE Scan",
                                               "Parent Relationship": "Inner",
                                               "Parallel Aware": false,
                                               "Async Capable": false,
                                               "CTE Name": "visible",
                                               "Alias": "r_11",
                                               "Startup Cost": 0.00,
                                               "Total Cost": 0.02,
                                               "Plan Rows": 1,
                                               "Plan Width": 16,
                                               "Actual Startup Time": 0.000,
                                               "Actual Total Time": 0.000,
                                               "Actual Rows": 1.00,
                                               "Actual Loops": 1,
                                               "Disabled": false,
                                               "Storage": "Memory",
                                               "Maximum Storage": 17,
                                               "Shared Hit Blocks": 0,
                                               "Shared Read Blocks": 0,
                                               "Shared Dirtied Blocks": 0,
                                               "Shared Written Blocks": 0,
                                               "Local Hit Blocks": 0,
                                               "Local Read Blocks": 0,
                                               "Local Dirtied Blocks": 0,
                                               "Local Written Blocks": 0,
                                               "Temp Read Blocks": 0,
                                               "Temp Written Blocks": 0
                                             }
                                           ]
                                         },
                                         {
                                           "Node Type": "CTE Scan",
                                           "Parent Relationship": "Inner",
                                           "Parallel Aware": false,
                                           "Async Capable": false,
                                           "CTE Name": "session",
                                           "Alias": "s_6",
                                           "Startup Cost": 0.00,
                                           "Total Cost": 0.02,
                                           "Plan Rows": 1,
                                           "Plan Width": 8,
                                           "Actual Startup Time": 0.000,
                                           "Actual Total Time": 0.000,
                                           "Actual Rows": 1.00,
                                           "Actual Loops": 1,
                                           "Disabled": false,
                                           "Storage": "Memory",
                                           "Maximum Storage": 17,
                                           "Shared Hit Blocks": 0,
                                           "Shared Read Blocks": 0,
                                           "Shared Dirtied Blocks": 0,
                                           "Shared Written Blocks": 0,
                                           "Local Hit Blocks": 0,
                                           "Local Read Blocks": 0,
                                           "Local Dirtied Blocks": 0,
                                           "Local Written Blocks": 0,
                                           "Temp Read Blocks": 0,
                                           "Temp Written Blocks": 0
                                         }
                                       ]
                                     }
                                   ]
                                 }
                               ]
                             },
                             {
                               "Node Type": "Index Scan",
                               "Parent Relationship": "Inner",
                               "Parallel Aware": false,
                               "Async Capable": false,
                               "Scan Direction": "Forward",
                               "Index Name": "pk_collection_grant",
                               "Relation Name": "collection_grant",
                               "Alias": "g_1",
                               "Startup Cost": 0.15,
                               "Total Cost": 8.17,
                               "Plan Rows": 1,
                               "Plan Width": 72,
                               "Actual Startup Time": 0.006,
                               "Actual Total Time": 0.007,
                               "Actual Rows": 1.00,
                               "Actual Loops": 1,
                               "Disabled": false,
                               "Index Cond": "(id = i_1.grant_id)",
                               "Rows Removed by Index Recheck": 0,
                               "Index Searches": 1,
                               "Shared Hit Blocks": 2,
                               "Shared Read Blocks": 0,
                               "Shared Dirtied Blocks": 0,
                               "Shared Written Blocks": 0,
                               "Local Hit Blocks": 0,
                               "Local Read Blocks": 0,
                               "Local Dirtied Blocks": 0,
                               "Local Written Blocks": 0,
                               "Temp Read Blocks": 0,
                               "Temp Written Blocks": 0
                             }
                           ]
                         },
                         {
                           "Node Type": "Index Scan",
                           "Parent Relationship": "Inner",
                           "Parallel Aware": false,
                           "Async Capable": false,
                           "Scan Direction": "Forward",
                           "Index Name": "pk_collection",
                           "Relation Name": "collection",
                           "Alias": "c_4",
                           "Startup Cost": 0.15,
                           "Total Cost": 0.25,
                           "Plan Rows": 1,
                           "Plan Width": 72,
                           "Actual Startup Time": 0.006,
                           "Actual Total Time": 0.006,
                           "Actual Rows": 1.00,
                           "Actual Loops": 1,
                           "Disabled": false,
                           "Index Cond": "(id = g_1.collection_id)",
                           "Rows Removed by Index Recheck": 0,
                           "Index Searches": 1,
                           "Shared Hit Blocks": 2,
                           "Shared Read Blocks": 0,
                           "Shared Dirtied Blocks": 0,
                           "Shared Written Blocks": 0,
                           "Local Hit Blocks": 0,
                           "Local Read Blocks": 0,
                           "Local Dirtied Blocks": 0,
                           "Local Written Blocks": 0,
                           "Temp Read Blocks": 0,
                           "Temp Written Blocks": 0
                         }
                       ]
                     },
                     {
                       "Node Type": "Index Scan",
                       "Parent Relationship": "Inner",
                       "Parallel Aware": false,
                       "Async Capable": false,
                       "Scan Direction": "Forward",
                       "Index Name": "pk_account",
                       "Relation Name": "account",
                       "Alias": "owner_2",
                       "Startup Cost": 0.15,
                       "Total Cost": 0.26,
                       "Plan Rows": 1,
                       "Plan Width": 24,
                       "Actual Startup Time": 0.004,
                       "Actual Total Time": 0.004,
                       "Actual Rows": 1.00,
                       "Actual Loops": 1,
                       "Disabled": false,
                       "Index Cond": "(id = c_4.account_id)",
                       "Rows Removed by Index Recheck": 0,
                       "Index Searches": 1,
                       "Shared Hit Blocks": 2,
                       "Shared Read Blocks": 0,
                       "Shared Dirtied Blocks": 0,
                       "Shared Written Blocks": 0,
                       "Local Hit Blocks": 0,
                       "Local Read Blocks": 0,
                       "Local Dirtied Blocks": 0,
                       "Local Written Blocks": 0,
                       "Temp Read Blocks": 0,
                       "Temp Written Blocks": 0
                     }
                   ]
                 },
                 {
                   "Node Type": "Index Scan",
                   "Parent Relationship": "Inner",
                   "Parallel Aware": false,
                   "Async Capable": false,
                   "Scan Direction": "Forward",
                   "Index Name": "ix_vault_protection_account_id",
                   "Relation Name": "vault_protection",
                   "Alias": "op",
                   "Startup Cost": 0.15,
                   "Total Cost": 0.27,
                   "Plan Rows": 1,
                   "Plan Width": 64,
                   "Actual Startup Time": 0.005,
                   "Actual Total Time": 0.005,
                   "Actual Rows": 1.00,
                   "Actual Loops": 1,
                   "Disabled": false,
                   "Index Cond": "(account_id = owner_2.id)",
                   "Rows Removed by Index Recheck": 0,
                   "Index Searches": 1,
                   "Shared Hit Blocks": 2,
                   "Shared Read Blocks": 0,
                   "Shared Dirtied Blocks": 0,
                   "Shared Written Blocks": 0,
                   "Local Hit Blocks": 0,
                   "Local Read Blocks": 0,
                   "Local Dirtied Blocks": 0,
                   "Local Written Blocks": 0,
                   "Temp Read Blocks": 0,
                   "Temp Written Blocks": 0
                 }
               ]
             }
           ]
         }
       ]
     },
     "Planning": {
       "Shared Hit Blocks": 44,
       "Shared Read Blocks": 0,
       "Shared Dirtied Blocks": 0,
       "Shared Written Blocks": 0,
       "Local Hit Blocks": 0,
       "Local Read Blocks": 0,
       "Local Dirtied Blocks": 0,
       "Local Written Blocks": 0,
       "Temp Read Blocks": 0,
       "Temp Written Blocks": 0
     },
     "Planning Time": 3.658,
     "Triggers": [
     ],
     "Execution Time": 2.103
   }
 ]


[testcontainers.org 00:00:12.69] Delete Docker container f712d885f324
[xUnit.net 00:00:13.49]   Finished:    ArturRios.Cerberus.Data.Tests
  Passed ArturRios.Cerberus.Data.Tests.RecordListStoreTests.GivenUnrelatedDeepFolderInventory_WhenListingOnePermittedRecord_ThenDoNotAdmitOrTraverseUnrelatedRows(selected: True, foreign: True, shared: False) [613 ms]
  Standard Output Messages:
 [
   {
     "Plan": {
       "Node Type": "Result",
       "Parallel Aware": false,
       "Async Capable": false,
       "Startup Cost": 843.38,
       "Total Cost": 843.40,
       "Plan Rows": 1,
       "Plan Width": 77,
       "Actual Startup Time": 0.368,
       "Actual Total Time": 0.379,
       "Actual Rows": 1.00,
       "Actual Loops": 1,
       "Disabled": false,
       "Shared Hit Blocks": 48,
       "Shared Read Blocks": 0,
       "Shared Dirtied Blocks": 0,
       "Shared Written Blocks": 0,
       "Local Hit Blocks": 0,
       "Local Read Blocks": 0,
       "Local Dirtied Blocks": 0,
       "Local Written Blocks": 0,
       "Temp Read Blocks": 0,
       "Temp Written Blocks": 0,
       "Plans": [
         {
           "Node Type": "Index Scan",
           "Parent Relationship": "InitPlan",
           "Subplan Name": "CTE actor",
           "Parallel Aware": false,
           "Async Capable": false,
           "Scan Direction": "Forward",
           "Index Name": "ix_account_heimdall_public_id",
           "Relation Name": "account",
           "Alias": "a",
           "Startup Cost": 0.15,
           "Total Cost": 8.17,
           "Plan Rows": 1,
           "Plan Width": 149,
           "Actual Startup Time": 0.013,
           "Actual Total Time": 0.014,
           "Actual Rows": 1.00,
           "Actual Loops": 1,
           "Disabled": false,
           "Index Cond": "(heimdall_public_id = '7c47683d-d05d-427d-8fc5-d3efa14a7ee0'::uuid)",
           "Rows Removed by Index Recheck": 0,
           "Index Searches": 1,
           "Shared Hit Blocks": 2,
           "Shared Read Blocks": 0,
           "Shared Dirtied Blocks": 0,
           "Shared Written Blocks": 0,
           "Local Hit Blocks": 0,
           "Local Read Blocks": 0,
           "Local Dirtied Blocks": 0,
           "Local Written Blocks": 0,
           "Temp Read Blocks": 0,
           "Temp Written Blocks": 0
         },
         {
           "Node Type": "Nested Loop",
           "Parent Relationship": "InitPlan",
           "Subplan Name": "CTE session",
           "Parallel Aware": false,
           "Async Capable": false,
           "Join Type": "Anti",
           "Startup Cost": 8.34,
           "Total Cost": 16.40,
           "Plan Rows": 1,
           "Plan Width": 203,
           "Actual Startup Time": 0.063,
           "Actual Total Time": 0.065,
           "Actual Rows": 1.00,
           "Actual Loops": 1,
           "Disabled": false,
           "Inner Unique": false,
           "Shared Hit Blocks": 11,
           "Shared Read Blocks": 0,
           "Shared Dirtied Blocks": 0,
           "Shared Written Blocks": 0,
           "Local Hit Blocks": 0,
           "Local Read Blocks": 0,
           "Local Dirtied Blocks": 0,
           "Local Written Blocks": 0,
           "Temp Read Blocks": 0,
           "Temp Written Blocks": 0,
           "Plans": [
             {
               "Node Type": "Hash Join",
               "Parent Relationship": "Outer",
               "Parallel Aware": false,
               "Async Capable": false,
               "Join Type": "Inner",
               "Startup Cost": 8.19,
               "Total Cost": 8.22,
               "Plan Rows": 1,
               "Plan Width": 219,
               "Actual Startup Time": 0.056,
               "Actual Total Time": 0.057,
               "Actual Rows": 1.00,
               "Actual Loops": 1,
               "Disabled": false,
               "Inner Unique": true,
               "Hash Cond": "((a_1.id = s.account_id) AND (a_1.policy_revision = s.policy_revision) AND (a_1.revocation_generation = s.revocation_generation))",
               "Join Filter": "(CASE WHEN a_1.renewal_enabled THEN (s.expires_at > statement_timestamp()) ELSE (s.expires_at IS NULL) END AND ((s.profile_id IS NULL) OR (ANY ((s.profile_id = (hashed SubPlan 3).col1) AND (a_1.id = (hashed SubPlan 3).col2)))))",
               "Rows Removed by Join Filter": 0,
               "Shared Hit Blocks": 9,
               "Shared Read Blocks": 0,
               "Shared Dirtied Blocks": 0,
               "Shared Written Blocks": 0,
               "Local Hit Blocks": 0,
               "Local Read Blocks": 0,
               "Local Dirtied Blocks": 0,
               "Local Written Blocks": 0,
               "Temp Read Blocks": 0,
               "Temp Written Blocks": 0,
               "Plans": [
                 {
                   "Node Type": "CTE Scan",
                   "Parent Relationship": "Outer",
                   "Parallel Aware": false,
                   "Async Capable": false,
                   "CTE Name": "actor",
                   "Alias": "a_1",
                   "Startup Cost": 0.00,
                   "Total Cost": 0.02,
                   "Plan Rows": 1,
                   "Plan Width": 41,
                   "Actual Startup Time": 0.001,
                   "Actual Total Time": 0.001,
                   "Actual Rows": 1.00,
                   "Actual Loops": 1,
                   "Disabled": false,
                   "Filter": "(state = 0)",
                   "Rows Removed by Filter": 0,
                   "Storage": "Memory",
                   "Maximum Storage": 17,
                   "Shared Hit Blocks": 0,
                   "Shared Read Blocks": 0,
                   "Shared Dirtied Blocks": 0,
                   "Shared Written Blocks": 0,
                   "Local Hit Blocks": 0,
                   "Local Read Blocks": 0,
                   "Local Dirtied Blocks": 0,
                   "Local Written Blocks": 0,
                   "Temp Read Blocks": 0,
                   "Temp Written Blocks": 0
                 },
                 {
                   "Node Type": "Hash",
                   "Parent Relationship": "Inner",
                   "Parallel Aware": false,
                   "Async Capable": false,
                   "Startup Cost": 8.18,
                   "Total Cost": 8.18,
                   "Plan Rows": 1,
                   "Plan Width": 203,
                   "Actual Startup Time": 0.018,
                   "Actual Total Time": 0.019,
                   "Actual Rows": 1.00,
                   "Actual Loops": 1,
                   "Disabled": false,
                   "Hash Buckets": 1024,
                   "Original Hash Buckets": 1024,
                   "Hash Batches": 1,
                   "Original Hash Batches": 1,
                   "Peak Memory Usage": 9,
                   "Shared Hit Blocks": 2,
                   "Shared Read Blocks": 0,
                   "Shared Dirtied Blocks": 0,
                   "Shared Written Blocks": 0,
                   "Local Hit Blocks": 0,
                   "Local Read Blocks": 0,
                   "Local Dirtied Blocks": 0,
                   "Local Written Blocks": 0,
                   "Temp Read Blocks": 0,
                   "Temp Written Blocks": 0,
                   "Plans": [
                     {
                       "Node Type": "Index Scan",
                       "Parent Relationship": "Outer",
                       "Parallel Aware": false,
                       "Async Capable": false,
                       "Scan Direction": "Forward",
                       "Index Name": "ix_vault_access_session_handle_verifier",
                       "Relation Name": "vault_access_session",
                       "Alias": "s",
                       "Startup Cost": 0.15,
                       "Total Cost": 8.18,
                       "Plan Rows": 1,
                       "Plan Width": 203,
                       "Actual Startup Time": 0.014,
                       "Actual Total Time": 0.014,
                       "Actual Rows": 1.00,
                       "Actual Loops": 1,
                       "Disabled": false,
                       "Index Cond": "((handle_verifier)::text = '7490f1d67bcd8347ae1167e9d2aff2880b7d92b5a61b0d99d97c5d14e2163144'::text)",
                       "Rows Removed by Index Recheck": 0,
                       "Filter": "((NOT revoked) AND (policy_revision > 0) AND (revocation_generation > 0) AND (issued_at <= statement_timestamp()))",
                       "Rows Removed by Filter": 0,
                       "Index Searches": 1,
                       "Shared Hit Blocks": 2,
                       "Shared Read Blocks": 0,
                       "Shared Dirtied Blocks": 0,
                       "Shared Written Blocks": 0,
                       "Local Hit Blocks": 0,
                       "Local Read Blocks": 0,
                       "Local Dirtied Blocks": 0,
                       "Local Written Blocks": 0,
                       "Temp Read Blocks": 0,
                       "Temp Written Blocks": 0
                     }
                   ]
                 },
                 {
                   "Node Type": "Nested Loop",
                   "Parent Relationship": "SubPlan",
                   "Subplan Name": "SubPlan 3",
                   "Parallel Aware": false,
                   "Async Capable": false,
                   "Join Type": "Anti",
                   "Startup Cost": 0.15,
                   "Total Cost": 26.86,
                   "Plan Rows": 1,
                   "Plan Width": 16,
                   "Actual Startup Time": 0.015,
                   "Actual Total Time": 0.018,
                   "Actual Rows": 3.00,
                   "Actual Loops": 1,
                   "Disabled": false,
                   "Inner Unique": false,
                   "Shared Hit Blocks": 7,
                   "Shared Read Blocks": 0,
                   "Shared Dirtied Blocks": 0,
                   "Shared Written Blocks": 0,
                   "Local Hit Blocks": 0,
                   "Local Read Blocks": 0,
                   "Local Dirtied Blocks": 0,
                   "Local Written Blocks": 0,
                   "Temp Read Blocks": 0,
                   "Temp Written Blocks": 0,
                   "Plans": [
                     {
                       "Node Type": "Seq Scan",
                       "Parent Relationship": "Outer",
                       "Parallel Aware": false,
                       "Async Capable": false,
                       "Relation Name": "profile",
                       "Alias": "p",
                       "Startup Cost": 0.00,
                       "Total Cost": 14.50,
                       "Plan Rows": 2,
                       "Plan Width": 32,
                       "Actual Startup Time": 0.009,
                       "Actual Total Time": 0.010,
                       "Actual Rows": 3.00,
                       "Actual Loops": 1,
                       "Disabled": false,
                       "Filter": "(deleted_at IS NULL)",
                       "Rows Removed by Filter": 0,
                       "Shared Hit Blocks": 1,
                       "Shared Read Blocks": 0,
                       "Shared Dirtied Blocks": 0,
                       "Shared Written Blocks": 0,
                       "Local Hit Blocks": 0,
                       "Local Read Blocks": 0,
                       "Local Dirtied Blocks": 0,
                       "Local Written Blocks": 0,
                       "Temp Read Blocks": 0,
                       "Temp Written Blocks": 0
                     },
                     {
                       "Node Type": "Index Only Scan",
                       "Parent Relationship": "Inner",
                       "Parallel Aware": false,
                       "Async Capable": false,
                       "Scan Direction": "Forward",
                       "Index Name": "ix_terminal_erasure_resource_id",
                       "Relation Name": "terminal_erasure",
                       "Alias": "e",
                       "Startup Cost": 0.15,
                       "Total Cost": 6.17,
                       "Plan Rows": 1,
                       "Plan Width": 16,
                       "Actual Startup Time": 0.002,
                       "Actual Total Time": 0.002,
                       "Actual Rows": 0.00,
                       "Actual Loops": 3,
                       "Disabled": false,
                       "Index Cond": "(resource_id = p.public_id)",
                       "Rows Removed by Index Recheck": 0,
                       "Heap Fetches": 0,
                       "Index Searches": 3,
                       "Shared Hit Blocks": 6,
                       "Shared Read Blocks": 0,
                       "Shared Dirtied Blocks": 0,
                       "Shared Written Blocks": 0,
                       "Local Hit Blocks": 0,
                       "Local Read Blocks": 0,
                       "Local Dirtied Blocks": 0,
                       "Local Written Blocks": 0,
                       "Temp Read Blocks": 0,
                       "Temp Written Blocks": 0
                     }
                   ]
                 }
               ]
             },
             {
               "Node Type": "Index Only Scan",
               "Parent Relationship": "Inner",
               "Parallel Aware": false,
               "Async Capable": false,
               "Scan Direction": "Forward",
               "Index Name": "ix_terminal_erasure_resource_id",
               "Relation Name": "terminal_erasure",
               "Alias": "e_1",
               "Startup Cost": 0.15,
               "Total Cost": 8.17,
               "Plan Rows": 1,
               "Plan Width": 16,
               "Actual Startup Time": 0.006,
               "Actual Total Time": 0.006,
               "Actual Rows": 0.00,
               "Actual Loops": 1,
               "Disabled": false,
               "Index Cond": "(resource_id = a_1.public_id)",
               "Rows Removed by Index Recheck": 0,
               "Heap Fetches": 0,
               "Index Searches": 1,
               "Shared Hit Blocks": 2,
               "Shared Read Blocks": 0,
               "Shared Dirtied Blocks": 0,
               "Shared Written Blocks": 0,
               "Local Hit Blocks": 0,
               "Local Read Blocks": 0,
               "Local Dirtied Blocks": 0,
               "Local Written Blocks": 0,
               "Temp Read Blocks": 0,
               "Temp Written Blocks": 0
             }
           ]
         },
         {
           "Node Type": "Nested Loop",
           "Parent Relationship": "InitPlan",
           "Subplan Name": "CTE collections",
           "Parallel Aware": false,
           "Async Capable": false,
           "Join Type": "Anti",
           "Startup Cost": 2.47,
           "Total Cost": 61.36,
           "Plan Rows": 1,
           "Plan Width": 136,
           "Actual Startup Time": 0.021,
           "Actual Total Time": 0.022,
           "Actual Rows": 0.00,
           "Actual Loops": 1,
           "Disabled": false,
           "Inner Unique": false,
           "Shared Hit Blocks": 3,
           "Shared Read Blocks": 0,
           "Shared Dirtied Blocks": 0,
           "Shared Written Blocks": 0,
           "Local Hit Blocks": 0,
           "Local Read Blocks": 0,
           "Local Dirtied Blocks": 0,
           "Local Written Blocks": 0,
           "Temp Read Blocks": 0,
           "Temp Written Blocks": 0,
           "Plans": [
             {
               "Node Type": "Nested Loop",
               "Parent Relationship": "Outer",
               "Parallel Aware": false,
               "Async Capable": false,
               "Join Type": "Left",
               "Startup Cost": 0.30,
               "Total Cost": 55.62,
               "Plan Rows": 1,
               "Plan Width": 152,
               "Actual Startup Time": 0.021,
               "Actual Total Time": 0.022,
               "Actual Rows": 0.00,
               "Actual Loops": 1,
               "Disabled": false,
               "Inner Unique": false,
               "Filter": "((c.account_id = s_1.account_id) OR (g.id IS NOT NULL))",
               "Rows Removed by Filter": 0,
               "Shared Hit Blocks": 3,
               "Shared Read Blocks": 0,
               "Shared Dirtied Blocks": 0,
               "Shared Written Blocks": 0,
               "Local Hit Blocks": 0,
               "Local Read Blocks": 0,
               "Local Dirtied Blocks": 0,
               "Local Written Blocks": 0,
               "Temp Read Blocks": 0,
               "Temp Written Blocks": 0,
               "Plans": [
                 {
                   "Node Type": "Nested Loop",
                   "Parent Relationship": "Outer",
                   "Parallel Aware": false,
                   "Async Capable": false,
                   "Join Type": "Inner",
                   "Startup Cost": 0.00,
                   "Total Cost": 39.25,
                   "Plan Rows": 1,
                   "Plan Width": 152,
                   "Actual Startup Time": 0.021,
                   "Actual Total Time": 0.021,
                   "Actual Rows": 0.00,
                   "Actual Loops": 1,
                   "Disabled": false,
                   "Inner Unique": false,
                   "Join Filter": "((s_1.profile_id IS NULL) OR EXISTS(SubPlan 5))",
                   "Rows Removed by Join Filter": 1,
                   "Shared Hit Blocks": 3,
                   "Shared Read Blocks": 0,
                   "Shared Dirtied Blocks": 0,
                   "Shared Written Blocks": 0,
                   "Local Hit Blocks": 0,
                   "Local Read Blocks": 0,
                   "Local Dirtied Blocks": 0,
                   "Local Written Blocks": 0,
                   "Temp Read Blocks": 0,
                   "Temp Written Blocks": 0,
                   "Plans": [
                     {
                       "Node Type": "Nested Loop",
                       "Parent Relationship": "Outer",
                       "Parallel Aware": false,
                       "Async Capable": false,
                       "Join Type": "Inner",
                       "Startup Cost": 0.00,
                       "Total Cost": 31.05,
                       "Plan Rows": 1,
                       "Plan Width": 144,
                       "Actual Startup Time": 0.013,
                       "Actual Total Time": 0.013,
                       "Actual Rows": 1.00,
                       "Actual Loops": 1,
                       "Disabled": false,
                       "Inner Unique": true,
                       "Join Filter": "(c.account_id = owner.id)",
                       "Rows Removed by Join Filter": 3,
                       "Shared Hit Blocks": 2,
                       "Shared Read Blocks": 0,
                       "Shared Dirtied Blocks": 0,
                       "Shared Written Blocks": 0,
                       "Local Hit Blocks": 0,
                       "Local Read Blocks": 0,
                       "Local Dirtied Blocks": 0,
                       "Local Written Blocks": 0,
                       "Temp Read Blocks": 0,
                       "Temp Written Blocks": 0,
                       "Plans": [
                         {
                           "Node Type": "Seq Scan",
                           "Parent Relationship": "Outer",
                           "Parallel Aware": false,
                           "Async Capable": false,
                           "Relation Name": "collection",
                           "Alias": "c",
                           "Startup Cost": 0.00,
                           "Total Cost": 15.20,
                           "Plan Rows": 3,
                           "Plan Width": 128,
                           "Actual Startup Time": 0.003,
                           "Actual Total Time": 0.003,
                           "Actual Rows": 1.00,
                           "Actual Loops": 1,
                           "Disabled": false,
                           "Filter": "(deleted_at IS NULL)",
                           "Rows Removed by Filter": 0,
                           "Shared Hit Blocks": 1,
                           "Shared Read Blocks": 0,
                           "Shared Dirtied Blocks": 0,
                           "Shared Written Blocks": 0,
                           "Local Hit Blocks": 0,
                           "Local Read Blocks": 0,
                           "Local Dirtied Blocks": 0,
                           "Local Written Blocks": 0,
                           "Temp Read Blocks": 0,
                           "Temp Written Blocks": 0
                         },
                         {
                           "Node Type": "Materialize",
                           "Parent Relationship": "Inner",
                           "Parallel Aware": false,
                           "Async Capable": false,
                           "Startup Cost": 0.00,
                           "Total Cost": 15.76,
                           "Plan Rows": 2,
                           "Plan Width": 24,
                           "Actual Startup Time": 0.007,
                           "Actual Total Time": 0.009,
                           "Actual Rows": 4.00,
                           "Actual Loops": 1,
                           "Disabled": false,
                           "Storage": "Memory",
                           "Maximum Storage": 17,
                           "Shared Hit Blocks": 1,
                           "Shared Read Blocks": 0,
                           "Shared Dirtied Blocks": 0,
                           "Shared Written Blocks": 0,
                           "Local Hit Blocks": 0,
                           "Local Read Blocks": 0,
                           "Local Dirtied Blocks": 0,
                           "Local Written Blocks": 0,
                           "Temp Read Blocks": 0,
                           "Temp Written Blocks": 0,
                           "Plans": [
                             {
                               "Node Type": "Seq Scan",
                               "Parent Relationship": "Outer",
                               "Parallel Aware": false,
                               "Async Capable": false,
                               "Relation Name": "account",
                               "Alias": "owner",
                               "Startup Cost": 0.00,
                               "Total Cost": 15.75,
                               "Plan Rows": 2,
                               "Plan Width": 24,
                               "Actual Startup Time": 0.003,
                               "Actual Total Time": 0.004,
                               "Actual Rows": 4.00,
                               "Actual Loops": 1,
                               "Disabled": false,
                               "Filter": "(state = 0)",
                               "Rows Removed by Filter": 0,
                               "Shared Hit Blocks": 1,
                               "Shared Read Blocks": 0,
                               "Shared Dirtied Blocks": 0,
                               "Shared Written Blocks": 0,
                               "Local Hit Blocks": 0,
                               "Local Read Blocks": 0,
                               "Local Dirtied Blocks": 0,
                               "Local Written Blocks": 0,
                               "Temp Read Blocks": 0,
                               "Temp Written Blocks": 0
                             }
                           ]
                         }
                       ]
                     },
                     {
                       "Node Type": "CTE Scan",
                       "Parent Relationship": "Inner",
                       "Parallel Aware": false,
                       "Async Capable": false,
                       "CTE Name": "session",
                       "Alias": "s_1",
                       "Startup Cost": 0.00,
                       "Total Cost": 0.02,
                       "Plan Rows": 1,
                       "Plan Width": 16,
                       "Actual Startup Time": 0.000,
                       "Actual Total Time": 0.000,
                       "Actual Rows": 1.00,
                       "Actual Loops": 1,
                       "Disabled": false,
                       "Storage": "Memory",
                       "Maximum Storage": 17,
                       "Shared Hit Blocks": 0,
                       "Shared Read Blocks": 0,
                       "Shared Dirtied Blocks": 0,
                       "Shared Written Blocks": 0,
                       "Local Hit Blocks": 0,
                       "Local Read Blocks": 0,
                       "Local Dirtied Blocks": 0,
                       "Local Written Blocks": 0,
                       "Temp Read Blocks": 0,
                       "Temp Written Blocks": 0
                     },
                     {
                       "Node Type": "Index Only Scan",
                       "Parent Relationship": "SubPlan",
                       "Subplan Name": "SubPlan 5",
                       "Parallel Aware": false,
                       "Async Capable": false,
                       "Scan Direction": "Forward",
                       "Index Name": "pk_profile_collection",
                       "Relation Name": "profile_collection",
                       "Alias": "pc",
                       "Startup Cost": 0.15,
                       "Total Cost": 8.17,
                       "Plan Rows": 1,
                       "Plan Width": 0,
                       "Actual Startup Time": 0.006,
                       "Actual Total Time": 0.006,
                       "Actual Rows": 0.00,
                       "Actual Loops": 1,
                       "Disabled": false,
                       "Index Cond": "((profile_id = s_1.profile_id) AND (collection_id = c.id))",
                       "Rows Removed by Index Recheck": 0,
                       "Heap Fetches": 0,
                       "Index Searches": 1,
                       "Shared Hit Blocks": 1,
                       "Shared Read Blocks": 0,
                       "Shared Dirtied Blocks": 0,
                       "Shared Written Blocks": 0,
                       "Local Hit Blocks": 0,
                       "Local Read Blocks": 0,
                       "Local Dirtied Blocks": 0,
                       "Local Written Blocks": 0,
                       "Temp Read Blocks": 0,
                       "Temp Written Blocks": 0
                     }
                   ]
                 },
                 {
                   "Node Type": "Nested Loop",
                   "Parent Relationship": "Inner",
                   "Parallel Aware": false,
                   "Async Capable": false,
                   "Join Type": "Anti",
                   "Startup Cost": 0.30,
                   "Total Cost": 16.36,
                   "Plan Rows": 1,
                   "Plan Width": 24,
                   "Actual Startup Time": 0.000,
                   "Actual Total Time": 0.000,
                   "Actual Rows": 0,
                   "Actual Loops": 0,
                   "Disabled": false,
                   "Inner Unique": false,
                   "Shared Hit Blocks": 0,
                   "Shared Read Blocks": 0,
                   "Shared Dirtied Blocks": 0,
                   "Shared Written Blocks": 0,
                   "Local Hit Blocks": 0,
                   "Local Read Blocks": 0,
                   "Local Dirtied Blocks": 0,
                   "Local Written Blocks": 0,
                   "Temp Read Blocks": 0,
                   "Temp Written Blocks": 0,
                   "Plans": [
                     {
                       "Node Type": "Index Scan",
                       "Parent Relationship": "Outer",
                       "Parallel Aware": false,
                       "Async Capable": false,
                       "Scan Direction": "Forward",
                       "Index Name": "ix_collection_grant_collection_id_recipient_account_id",
                       "Relation Name": "collection_grant",
                       "Alias": "g",
                       "Startup Cost": 0.15,
                       "Total Cost": 8.18,
                       "Plan Rows": 1,
                       "Plan Width": 40,
                       "Actual Startup Time": 0.000,
                       "Actual Total Time": 0.000,
                       "Actual Rows": 0,
                       "Actual Loops": 0,
                       "Disabled": false,
                       "Index Cond": "((collection_id = c.id) AND (recipient_account_id = s_1.account_id))",
                       "Rows Removed by Index Recheck": 0,
                       "Filter": "((access = ANY ('{0,1}'::integer[])) AND (revision > 0) AND (revision <= '9007199254740991'::bigint) AND (state = 0))",
                       "Rows Removed by Filter": 0,
                       "Index Searches": 0,
                       "Shared Hit Blocks": 0,
                       "Shared Read Blocks": 0,
                       "Shared Dirtied Blocks": 0,
                       "Shared Written Blocks": 0,
                       "Local Hit Blocks": 0,
                       "Local Read Blocks": 0,
                       "Local Dirtied Blocks": 0,
                       "Local Written Blocks": 0,
                       "Temp Read Blocks": 0,
                       "Temp Written Blocks": 0
                     },
                     {
                       "Node Type": "Index Only Scan",
                       "Parent Relationship": "Inner",
                       "Parallel Aware": false,
                       "Async Capable": false,
                       "Scan Direction": "Forward",
                       "Index Name": "ix_terminal_erasure_resource_id",
                       "Relation Name": "terminal_erasure",
                       "Alias": "e_2",
                       "Startup Cost": 0.15,
                       "Total Cost": 8.17,
                       "Plan Rows": 1,
                       "Plan Width": 16,
                       "Actual Startup Time": 0.000,
                       "Actual Total Time": 0.000,
                       "Actual Rows": 0,
                       "Actual Loops": 0,
                       "Disabled": false,
                       "Index Cond": "(resource_id = g.public_id)",
                       "Rows Removed by Index Recheck": 0,
                       "Heap Fetches": 0,
                       "Index Searches": 0,
                       "Shared Hit Blocks": 0,
                       "Shared Read Blocks": 0,
                       "Shared Dirtied Blocks": 0,
                       "Shared Written Blocks": 0,
                       "Local Hit Blocks": 0,
                       "Local Read Blocks": 0,
                       "Local Dirtied Blocks": 0,
                       "Local Written Blocks": 0,
                       "Temp Read Blocks": 0,
                       "Temp Written Blocks": 0
                     }
                   ]
                 }
               ]
             },
             {
               "Node Type": "Bitmap Heap Scan",
               "Parent Relationship": "Inner",
               "Parallel Aware": false,
               "Async Capable": false,
               "Relation Name": "terminal_erasure",
               "Alias": "e_3",
               "Startup Cost": 2.17,
               "Total Cost": 7.51,
               "Plan Rows": 2,
               "Plan Width": 16,
               "Actual Startup Time": 0.000,
               "Actual Total Time": 0.000,
               "Actual Rows": 0,
               "Actual Loops": 0,
               "Disabled": false,
               "Recheck Cond": "((resource_id = owner.public_id) OR (resource_id = c.public_id))",
               "Rows Removed by Index Recheck": 0,
               "Exact Heap Blocks": 0,
               "Lossy Heap Blocks": 0,
               "Shared Hit Blocks": 0,
               "Shared Read Blocks": 0,
               "Shared Dirtied Blocks": 0,
               "Shared Written Blocks": 0,
               "Local Hit Blocks": 0,
               "Local Read Blocks": 0,
               "Local Dirtied Blocks": 0,
               "Local Written Blocks": 0,
               "Temp Read Blocks": 0,
               "Temp Written Blocks": 0,
               "Plans": [
                 {
                   "Node Type": "Bitmap Index Scan",
                   "Parent Relationship": "Outer",
                   "Parallel Aware": false,
                   "Async Capable": false,
                   "Index Name": "ix_terminal_erasure_resource_id",
                   "Startup Cost": 0.00,
                   "Total Cost": 2.17,
                   "Plan Rows": 2,
                   "Plan Width": 0,
                   "Actual Startup Time": 0.000,
                   "Actual Total Time": 0.000,
                   "Actual Rows": 0,
                   "Actual Loops": 0,
                   "Disabled": false,
                   "Index Cond": "(resource_id = ANY (ARRAY[owner.public_id, c.public_id]))",
                   "Index Searches": 0,
                   "Shared Hit Blocks": 0,
                   "Shared Read Blocks": 0,
                   "Shared Dirtied Blocks": 0,
                   "Shared Written Blocks": 0,
                   "Local Hit Blocks": 0,
                   "Local Read Blocks": 0,
                   "Local Dirtied Blocks": 0,
                   "Local Written Blocks": 0,
                   "Temp Read Blocks": 0,
                   "Temp Written Blocks": 0
                 }
               ]
             }
           ]
         },
         {
           "Node Type": "Recursive Union",
           "Parent Relationship": "InitPlan",
           "Subplan Name": "CTE reachable",
           "Parallel Aware": false,
           "Async Capable": false,
           "Startup Cost": 16.72,
           "Total Cost": 279.75,
           "Plan Rows": 11,
           "Plan Width": 16,
           "Actual Startup Time": 0.026,
           "Actual Total Time": 0.028,
           "Actual Rows": 0.00,
           "Actual Loops": 1,
           "Disabled": false,
           "Storage": "Memory",
           "Maximum Storage": 33,
           "Shared Hit Blocks": 4,
           "Shared Read Blocks": 0,
           "Shared Dirtied Blocks": 0,
           "Shared Written Blocks": 0,
           "Local Hit Blocks": 0,
           "Local Read Blocks": 0,
           "Local Dirtied Blocks": 0,
           "Local Written Blocks": 0,
           "Temp Read Blocks": 0,
           "Temp Written Blocks": 0,
           "Plans": [
             {
               "Node Type": "Nested Loop",
               "Parent Relationship": "Outer",
               "Parallel Aware": false,
               "Async Capable": false,
               "Join Type": "Anti",
               "Startup Cost": 16.72,
               "Total Cost": 38.31,
               "Plan Rows": 1,
               "Plan Width": 16,
               "Actual Startup Time": 0.015,
               "Actual Total Time": 0.016,
               "Actual Rows": 0.00,
               "Actual Loops": 1,
               "Disabled": false,
               "Inner Unique": false,
               "Shared Hit Blocks": 2,
               "Shared Read Blocks": 0,
               "Shared Dirtied Blocks": 0,
               "Shared Written Blocks": 0,
               "Local Hit Blocks": 0,
               "Local Read Blocks": 0,
               "Local Dirtied Blocks": 0,
               "Local Written Blocks": 0,
               "Temp Read Blocks": 0,
               "Temp Written Blocks": 0,
               "Plans": [
                 {
                   "Node Type": "Nested Loop",
                   "Parent Relationship": "Outer",
                   "Parallel Aware": false,
                   "Async Capable": false,
                   "Join Type": "Inner",
                   "Startup Cost": 16.57,
                   "Total Cost": 32.80,
                   "Plan Rows": 1,
                   "Plan Width": 32,
                   "Actual Startup Time": 0.014,
                   "Actual Total Time": 0.015,
                   "Actual Rows": 0.00,
                   "Actual Loops": 1,
                   "Disabled": false,
                   "Inner Unique": true,
                   "Shared Hit Blocks": 2,
                   "Shared Read Blocks": 0,
                   "Shared Dirtied Blocks": 0,
                   "Shared Written Blocks": 0,
                   "Local Hit Blocks": 0,
                   "Local Read Blocks": 0,
                   "Local Dirtied Blocks": 0,
                   "Local Written Blocks": 0,
                   "Temp Read Blocks": 0,
                   "Temp Written Blocks": 0,
                   "Plans": [
                     {
                       "Node Type": "Unique",
                       "Parent Relationship": "Outer",
                       "Parallel Aware": false,
                       "Async Capable": false,
                       "Startup Cost": 16.43,
                       "Total Cost": 16.44,
                       "Plan Rows": 2,
                       "Plan Width": 16,
                       "Actual Startup Time": 0.014,
                       "Actual Total Time": 0.015,
                       "Actual Rows": 0.00,
                       "Actual Loops": 1,
                       "Disabled": false,
                       "Shared Hit Blocks": 2,
                       "Shared Read Blocks": 0,
                       "Shared Dirtied Blocks": 0,
                       "Shared Written Blocks": 0,
                       "Local Hit Blocks": 0,
                       "Local Read Blocks": 0,
                       "Local Dirtied Blocks": 0,
                       "Local Written Blocks": 0,
                       "Temp Read Blocks": 0,
                       "Temp Written Blocks": 0,
                       "Plans": [
                         {
                           "Node Type": "Sort",
                           "Parent Relationship": "Outer",
                           "Parallel Aware": false,
                           "Async Capable": false,
                           "Startup Cost": 16.43,
                           "Total Cost": 16.43,
                           "Plan Rows": 2,
                           "Plan Width": 16,
                           "Actual Startup Time": 0.014,
                           "Actual Total Time": 0.015,
                           "Actual Rows": 0.00,
                           "Actual Loops": 1,
                           "Disabled": false,
                           "Sort Key": ["pf.account_id", "pf.folder_id"],
                           "Sort Method": "quicksort",
                           "Sort Space Used": 25,
                           "Sort Space Type": "Memory",
                           "Shared Hit Blocks": 2,
                           "Shared Read Blocks": 0,
                           "Shared Dirtied Blocks": 0,
                           "Shared Written Blocks": 0,
                           "Local Hit Blocks": 0,
                           "Local Read Blocks": 0,
                           "Local Dirtied Blocks": 0,
                           "Local Written Blocks": 0,
                           "Temp Read Blocks": 0,
                           "Temp Written Blocks": 0,
                           "Plans": [
                             {
                               "Node Type": "Append",
                               "Parent Relationship": "Outer",
                               "Parallel Aware": false,
                               "Async Capable": false,
                               "Startup Cost": 0.15,
                               "Total Cost": 16.41,
                               "Plan Rows": 2,
                               "Plan Width": 16,
                               "Actual Startup Time": 0.006,
                               "Actual Total Time": 0.007,
                               "Actual Rows": 0.00,
                               "Actual Loops": 1,
                               "Disabled": false,
                               "Shared Hit Blocks": 2,
                               "Shared Read Blocks": 0,
                               "Shared Dirtied Blocks": 0,
                               "Shared Written Blocks": 0,
                               "Local Hit Blocks": 0,
                               "Local Read Blocks": 0,
                               "Local Dirtied Blocks": 0,
                               "Local Written Blocks": 0,
                               "Temp Read Blocks": 0,
                               "Temp Written Blocks": 0,
                               "Subplans Removed": 0,
                               "Plans": [
                                 {
                                   "Node Type": "Nested Loop",
                                   "Parent Relationship": "Member",
                                   "Parallel Aware": false,
                                   "Async Capable": false,
                                   "Join Type": "Inner",
                                   "Startup Cost": 0.15,
                                   "Total Cost": 8.20,
                                   "Plan Rows": 1,
                                   "Plan Width": 16,
                                   "Actual Startup Time": 0.006,
                                   "Actual Total Time": 0.006,
                                   "Actual Rows": 0.00,
                                   "Actual Loops": 1,
                                   "Disabled": false,
                                   "Inner Unique": false,
                                   "Shared Hit Blocks": 2,
                                   "Shared Read Blocks": 0,
                                   "Shared Dirtied Blocks": 0,
                                   "Shared Written Blocks": 0,
                                   "Local Hit Blocks": 0,
                                   "Local Read Blocks": 0,
                                   "Local Dirtied Blocks": 0,
                                   "Local Written Blocks": 0,
                                   "Temp Read Blocks": 0,
                                   "Temp Written Blocks": 0,
                                   "Plans": [
                                     {
                                       "Node Type": "CTE Scan",
                                       "Parent Relationship": "Outer",
                                       "Parallel Aware": false,
                                       "Async Capable": false,
                                       "CTE Name": "session",
                                       "Alias": "s_2",
                                       "Startup Cost": 0.00,
                                       "Total Cost": 0.02,
                                       "Plan Rows": 1,
                                       "Plan Width": 16,
                                       "Actual Startup Time": 0.001,
                                       "Actual Total Time": 0.001,
                                       "Actual Rows": 1.00,
                                       "Actual Loops": 1,
                                       "Disabled": false,
                                       "Storage": "Memory",
                                       "Maximum Storage": 17,
                                       "Shared Hit Blocks": 0,
                                       "Shared Read Blocks": 0,
                                       "Shared Dirtied Blocks": 0,
                                       "Shared Written Blocks": 0,
                                       "Local Hit Blocks": 0,
                                       "Local Read Blocks": 0,
                                       "Local Dirtied Blocks": 0,
                                       "Local Written Blocks": 0,
                                       "Temp Read Blocks": 0,
                                       "Temp Written Blocks": 0
                                     },
                                     {
                                       "Node Type": "Index Scan",
                                       "Parent Relationship": "Inner",
                                       "Parallel Aware": false,
                                       "Async Capable": false,
                                       "Scan Direction": "Forward",
                                       "Index Name": "ix_profile_folder_account_id_profile_id",
                                       "Relation Name": "profile_folder",
                                       "Alias": "pf",
                                       "Startup Cost": 0.15,
                                       "Total Cost": 8.17,
                                       "Plan Rows": 1,
                                       "Plan Width": 24,
                                       "Actual Startup Time": 0.004,
                                       "Actual Total Time": 0.004,
                                       "Actual Rows": 0.00,
                                       "Actual Loops": 1,
                                       "Disabled": false,
                                       "Index Cond": "((account_id = s_2.account_id) AND (profile_id = s_2.profile_id))",
                                       "Rows Removed by Index Recheck": 0,
                                       "Index Searches": 1,
                                       "Shared Hit Blocks": 2,
                                       "Shared Read Blocks": 0,
                                       "Shared Dirtied Blocks": 0,
                                       "Shared Written Blocks": 0,
                                       "Local Hit Blocks": 0,
                                       "Local Read Blocks": 0,
                                       "Local Dirtied Blocks": 0,
                                       "Local Written Blocks": 0,
                                       "Temp Read Blocks": 0,
                                       "Temp Written Blocks": 0
                                     }
                                   ]
                                 },
                                 {
                                   "Node Type": "Nested Loop",
                                   "Parent Relationship": "Member",
                                   "Parallel Aware": false,
                                   "Async Capable": false,
                                   "Join Type": "Inner",
                                   "Startup Cost": 0.15,
                                   "Total Cost": 8.20,
                                   "Plan Rows": 1,
                                   "Plan Width": 16,
                                   "Actual Startup Time": 0.000,
                                   "Actual Total Time": 0.000,
                                   "Actual Rows": 0.00,
                                   "Actual Loops": 1,
                                   "Disabled": false,
                                   "Inner Unique": false,
                                   "Shared Hit Blocks": 0,
                                   "Shared Read Blocks": 0,
                                   "Shared Dirtied Blocks": 0,
                                   "Shared Written Blocks": 0,
                                   "Local Hit Blocks": 0,
                                   "Local Read Blocks": 0,
                                   "Local Dirtied Blocks": 0,
                                   "Local Written Blocks": 0,
                                   "Temp Read Blocks": 0,
                                   "Temp Written Blocks": 0,
                                   "Plans": [
                                     {
                                       "Node Type": "CTE Scan",
                                       "Parent Relationship": "Outer",
                                       "Parallel Aware": false,
                                       "Async Capable": false,
                                       "CTE Name": "collections",
                                       "Alias": "c_1",
                                       "Startup Cost": 0.00,
                                       "Total Cost": 0.02,
                                       "Plan Rows": 1,
                                       "Plan Width": 16,
                                       "Actual Startup Time": 0.000,
                                       "Actual Total Time": 0.000,
                                       "Actual Rows": 0.00,
                                       "Actual Loops": 1,
                                       "Disabled": false,
                                       "Storage": "Memory",
                                       "Maximum Storage": 17,
                                       "Shared Hit Blocks": 0,
                                       "Shared Read Blocks": 0,
                                       "Shared Dirtied Blocks": 0,
                                       "Shared Written Blocks": 0,
                                       "Local Hit Blocks": 0,
                                       "Local Read Blocks": 0,
                                       "Local Dirtied Blocks": 0,
                                       "Local Written Blocks": 0,
                                       "Temp Read Blocks": 0,
                                       "Temp Written Blocks": 0
                                     },
                                     {
                                       "Node Type": "Index Scan",
                                       "Parent Relationship": "Inner",
                                       "Parallel Aware": false,
                                       "Async Capable": false,
                                       "Scan Direction": "Forward",
                                       "Index Name": "ix_collection_folder_account_id_collection_id",
                                       "Relation Name": "collection_folder",
                                       "Alias": "cf",
                                       "Startup Cost": 0.15,
                                       "Total Cost": 8.17,
                                       "Plan Rows": 1,
                                       "Plan Width": 24,
                                       "Actual Startup Time": 0.000,
                                       "Actual Total Time": 0.000,
                                       "Actual Rows": 0,
                                       "Actual Loops": 0,
                                       "Disabled": false,
                                       "Index Cond": "((account_id = c_1.account_id) AND (collection_id = c_1.id))",
                                       "Rows Removed by Index Recheck": 0,
                                       "Index Searches": 0,
                                       "Shared Hit Blocks": 0,
                                       "Shared Read Blocks": 0,
                                       "Shared Dirtied Blocks": 0,
                                       "Shared Written Blocks": 0,
                                       "Local Hit Blocks": 0,
                                       "Local Read Blocks": 0,
                                       "Local Dirtied Blocks": 0,
                                       "Local Written Blocks": 0,
                                       "Temp Read Blocks": 0,
                                       "Temp Written Blocks": 0
                                     }
                                   ]
                                 }
                               ]
                             }
                           ]
                         }
                       ]
                     },
                     {
                       "Node Type": "Index Scan",
                       "Parent Relationship": "Inner",
                       "Parallel Aware": false,
                       "Async Capable": false,
                       "Scan Direction": "Forward",
                       "Index Name": "pk_folder",
                       "Relation Name": "folder",
                       "Alias": "f",
                       "Startup Cost": 0.15,
                       "Total Cost": 8.17,
                       "Plan Rows": 1,
                       "Plan Width": 32,
                       "Actual Startup Time": 0.000,
                       "Actual Total Time": 0.000,
                       "Actual Rows": 0,
                       "Actual Loops": 0,
                       "Disabled": false,
                       "Index Cond": "(id = pf.folder_id)",
                       "Rows Removed by Index Recheck": 0,
                       "Filter": "((deleted_at IS NULL) AND (account_id = pf.account_id))",
                       "Rows Removed by Filter": 0,
                       "Index Searches": 0,
                       "Shared Hit Blocks": 0,
                       "Shared Read Blocks": 0,
                       "Shared Dirtied Blocks": 0,
                       "Shared Written Blocks": 0,
                       "Local Hit Blocks": 0,
                       "Local Read Blocks": 0,
                       "Local Dirtied Blocks": 0,
                       "Local Written Blocks": 0,
                       "Temp Read Blocks": 0,
                       "Temp Written Blocks": 0
                     }
                   ]
                 },
                 {
                   "Node Type": "Index Only Scan",
                   "Parent Relationship": "Inner",
                   "Parallel Aware": false,
                   "Async Capable": false,
                   "Scan Direction": "Forward",
                   "Index Name": "ix_terminal_erasure_resource_id",
                   "Relation Name": "terminal_erasure",
                   "Alias": "e_4",
                   "Startup Cost": 0.15,
                   "Total Cost": 5.50,
                   "Plan Rows": 1,
                   "Plan Width": 16,
                   "Actual Startup Time": 0.000,
                   "Actual Total Time": 0.000,
                   "Actual Rows": 0,
                   "Actual Loops": 0,
                   "Disabled": false,
                   "Index Cond": "(resource_id = f.public_id)",
                   "Rows Removed by Index Recheck": 0,
                   "Heap Fetches": 0,
                   "Index Searches": 0,
                   "Shared Hit Blocks": 0,
                   "Shared Read Blocks": 0,
                   "Shared Dirtied Blocks": 0,
                   "Shared Written Blocks": 0,
                   "Local Hit Blocks": 0,
                   "Local Read Blocks": 0,
                   "Local Dirtied Blocks": 0,
                   "Local Written Blocks": 0,
                   "Temp Read Blocks": 0,
                   "Temp Written Blocks": 0
                 }
               ]
             },
             {
               "Node Type": "Nested Loop",
               "Parent Relationship": "Inner",
               "Parallel Aware": false,
               "Async Capable": false,
               "Join Type": "Anti",
               "Startup Cost": 0.50,
               "Total Cost": 24.13,
               "Plan Rows": 1,
               "Plan Width": 16,
               "Actual Startup Time": 0.011,
               "Actual Total Time": 0.012,
               "Actual Rows": 0.00,
               "Actual Loops": 1,
               "Disabled": false,
               "Inner Unique": false,
               "Shared Hit Blocks": 2,
               "Shared Read Blocks": 0,
               "Shared Dirtied Blocks": 0,
               "Shared Written Blocks": 0,
               "Local Hit Blocks": 0,
               "Local Read Blocks": 0,
               "Local Dirtied Blocks": 0,
               "Local Written Blocks": 0,
               "Temp Read Blocks": 0,
               "Temp Written Blocks": 0,
               "Plans": [
                 {
                   "Node Type": "Hash Join",
                   "Parent Relationship": "Outer",
                   "Parallel Aware": false,
                   "Async Capable": false,
                   "Join Type": "Inner",
                   "Startup Cost": 0.35,
                   "Total Cost": 18.62,
                   "Plan Rows": 1,
                   "Plan Width": 32,
                   "Actual Startup Time": 0.011,
                   "Actual Total Time": 0.012,
                   "Actual Rows": 0.00,
                   "Actual Loops": 1,
                   "Disabled": false,
                   "Inner Unique": false,
                   "Hash Cond": "((f_1.account_id = parent.account_id) AND (f_1.parent_folder_id = parent.id))",
                   "Shared Hit Blocks": 2,
                   "Shared Read Blocks": 0,
                   "Shared Dirtied Blocks": 0,
                   "Shared Written Blocks": 0,
                   "Local Hit Blocks": 0,
                   "Local Read Blocks": 0,
                   "Local Dirtied Blocks": 0,
                   "Local Written Blocks": 0,
                   "Temp Read Blocks": 0,
                   "Temp Written Blocks": 0,
                   "Plans": [
                     {
                       "Node Type": "Seq Scan",
                       "Parent Relationship": "Outer",
                       "Parallel Aware": false,
                       "Async Capable": false,
                       "Relation Name": "folder",
                       "Alias": "f_1",
                       "Startup Cost": 0.00,
                       "Total Cost": 18.24,
                       "Plan Rows": 3,
                       "Plan Width": 40,
                       "Actual Startup Time": 0.003,
                       "Actual Total Time": 0.003,
                       "Actual Rows": 1.00,
                       "Actual Loops": 1,
                       "Disabled": false,
                       "Filter": "(deleted_at IS NULL)",
                       "Rows Removed by Filter": 0,
                       "Shared Hit Blocks": 2,
                       "Shared Read Blocks": 0,
                       "Shared Dirtied Blocks": 0,
                       "Shared Written Blocks": 0,
                       "Local Hit Blocks": 0,
                       "Local Read Blocks": 0,
                       "Local Dirtied Blocks": 0,
                       "Local Written Blocks": 0,
                       "Temp Read Blocks": 0,
                       "Temp Written Blocks": 0
                     },
                     {
                       "Node Type": "Hash",
                       "Parent Relationship": "Inner",
                       "Parallel Aware": false,
                       "Async Capable": false,
                       "Startup Cost": 0.20,
                       "Total Cost": 0.20,
                       "Plan Rows": 10,
                       "Plan Width": 16,
                       "Actual Startup Time": 0.001,
                       "Actual Total Time": 0.001,
                       "Actual Rows": 0.00,
                       "Actual Loops": 1,
                       "Disabled": false,
                       "Hash Buckets": 1024,
                       "Original Hash Buckets": 1024,
                       "Hash Batches": 1,
                       "Original Hash Batches": 1,
                       "Peak Memory Usage": 8,
                       "Shared Hit Blocks": 0,
                       "Shared Read Blocks": 0,
                       "Shared Dirtied Blocks": 0,
                       "Shared Written Blocks": 0,
                       "Local Hit Blocks": 0,
                       "Local Read Blocks": 0,
                       "Local Dirtied Blocks": 0,
                       "Local Written Blocks": 0,
                       "Temp Read Blocks": 0,
                       "Temp Written Blocks": 0,
                       "Plans": [
                         {
                           "Node Type": "WorkTable Scan",
                           "Parent Relationship": "Outer",
                           "Parallel Aware": false,
                           "Async Capable": false,
                           "CTE Name": "reachable",
                           "Alias": "parent",
                           "Startup Cost": 0.00,
                           "Total Cost": 0.20,
                           "Plan Rows": 10,
                           "Plan Width": 16,
                           "Actual Startup Time": 0.001,
                           "Actual Total Time": 0.001,
                           "Actual Rows": 0.00,
                           "Actual Loops": 1,
                           "Disabled": false,
                           "Shared Hit Blocks": 0,
                           "Shared Read Blocks": 0,
                           "Shared Dirtied Blocks": 0,
                           "Shared Written Blocks": 0,
                           "Local Hit Blocks": 0,
                           "Local Read Blocks": 0,
                           "Local Dirtied Blocks": 0,
                           "Local Written Blocks": 0,
                           "Temp Read Blocks": 0,
                           "Temp Written Blocks": 0
                         }
                       ]
                     }
                   ]
                 },
                 {
                   "Node Type": "Index Only Scan",
                   "Parent Relationship": "Inner",
                   "Parallel Aware": false,
                   "Async Capable": false,
                   "Scan Direction": "Forward",
                   "Index Name": "ix_terminal_erasure_resource_id",
                   "Relation Name": "terminal_erasure",
                   "Alias": "e_5",
                   "Startup Cost": 0.15,
                   "Total Cost": 5.50,
                   "Plan Rows": 1,
                   "Plan Width": 16,
                   "Actual Startup Time": 0.000,
                   "Actual Total Time": 0.000,
                   "Actual Rows": 0,
                   "Actual Loops": 0,
                   "Disabled": false,
                   "Index Cond": "(resource_id = f_1.public_id)",
                   "Rows Removed by Index Recheck": 0,
                   "Heap Fetches": 0,
                   "Index Searches": 0,
                   "Shared Hit Blocks": 0,
                   "Shared Read Blocks": 0,
                   "Shared Dirtied Blocks": 0,
                   "Shared Written Blocks": 0,
                   "Local Hit Blocks": 0,
                   "Local Read Blocks": 0,
                   "Local Dirtied Blocks": 0,
                   "Local Written Blocks": 0,
                   "Temp Read Blocks": 0,
                   "Temp Written Blocks": 0
                 }
               ]
             }
           ]
         },
         {
           "Node Type": "Nested Loop",
           "Parent Relationship": "InitPlan",
           "Subplan Name": "CTE candidates",
           "Parallel Aware": false,
           "Async Capable": false,
           "Join Type": "Anti",
           "Startup Cost": 54.13,
           "Total Cost": 87.10,
           "Plan Rows": 1,
           "Plan Width": 128,
           "Actual Startup Time": 0.145,
           "Actual Total Time": 0.163,
           "Actual Rows": 1.00,
           "Actual Loops": 1,
           "Disabled": false,
           "Inner Unique": false,
           "Shared Hit Blocks": 27,
           "Shared Read Blocks": 0,
           "Shared Dirtied Blocks": 0,
           "Shared Written Blocks": 0,
           "Local Hit Blocks": 0,
           "Local Read Blocks": 0,
           "Local Dirtied Blocks": 0,
           "Local Written Blocks": 0,
           "Temp Read Blocks": 0,
           "Temp Written Blocks": 0,
           "Plans": [
             {
               "Node Type": "Nested Loop",
               "Parent Relationship": "Outer",
               "Parallel Aware": false,
               "Async Capable": false,
               "Join Type": "Inner",
               "Startup Cost": 51.97,
               "Total Cost": 81.36,
               "Plan Rows": 1,
               "Plan Width": 144,
               "Actual Startup Time": 0.138,
               "Actual Total Time": 0.155,
               "Actual Rows": 1.00,
               "Actual Loops": 1,
               "Disabled": false,
               "Inner Unique": true,
               "Shared Hit Blocks": 25,
               "Shared Read Blocks": 0,
               "Shared Dirtied Blocks": 0,
               "Shared Written Blocks": 0,
               "Local Hit Blocks": 0,
               "Local Read Blocks": 0,
               "Local Dirtied Blocks": 0,
               "Local Written Blocks": 0,
               "Temp Read Blocks": 0,
               "Temp Written Blocks": 0,
               "Plans": [
                 {
                   "Node Type": "Hash Join",
                   "Parent Relationship": "Outer",
                   "Parallel Aware": false,
                   "Async Capable": false,
                   "Join Type": "Inner",
                   "Startup Cost": 51.82,
                   "Total Cost": 70.07,
                   "Plan Rows": 1,
                   "Plan Width": 128,
                   "Actual Startup Time": 0.132,
                   "Actual Total Time": 0.149,
                   "Actual Rows": 1.00,
                   "Actual Loops": 1,
                   "Disabled": false,
                   "Inner Unique": true,
                   "Hash Cond": "(r.id = r_1.id)",
                   "Shared Hit Blocks": 23,
                   "Shared Read Blocks": 0,
                   "Shared Dirtied Blocks": 0,
                   "Shared Written Blocks": 0,
                   "Local Hit Blocks": 0,
                   "Local Read Blocks": 0,
                   "Local Dirtied Blocks": 0,
                   "Local Written Blocks": 0,
                   "Temp Read Blocks": 0,
                   "Temp Written Blocks": 0,
                   "Plans": [
                     {
                       "Node Type": "Seq Scan",
                       "Parent Relationship": "Outer",
                       "Parallel Aware": false,
                       "Async Capable": false,
                       "Relation Name": "record",
                       "Alias": "r",
                       "Startup Cost": 0.00,
                       "Total Cost": 18.24,
                       "Plan Rows": 3,
                       "Plan Width": 128,
                       "Actual Startup Time": 0.004,
                       "Actual Total Time": 0.042,
                       "Actual Rows": 304.00,
                       "Actual Loops": 1,
                       "Disabled": false,
                       "Filter": "(deleted_at IS NULL)",
                       "Rows Removed by Filter": 0,
                       "Shared Hit Blocks": 12,
                       "Shared Read Blocks": 0,
                       "Shared Dirtied Blocks": 0,
                       "Shared Written Blocks": 0,
                       "Local Hit Blocks": 0,
                       "Local Read Blocks": 0,
                       "Local Dirtied Blocks": 0,
                       "Local Written Blocks": 0,
                       "Temp Read Blocks": 0,
                       "Temp Written Blocks": 0
                     },
                     {
                       "Node Type": "Hash",
                       "Parent Relationship": "Inner",
                       "Parallel Aware": false,
                       "Async Capable": false,
                       "Startup Cost": 51.74,
                       "Total Cost": 51.74,
                       "Plan Rows": 6,
                       "Plan Width": 8,
                       "Actual Startup Time": 0.085,
                       "Actual Total Time": 0.086,
                       "Actual Rows": 1.00,
                       "Actual Loops": 1,
                       "Disabled": false,
                       "Hash Buckets": 1024,
                       "Original Hash Buckets": 1024,
                       "Hash Batches": 1,
                       "Original Hash Batches": 1,
                       "Peak Memory Usage": 9,
                       "Shared Hit Blocks": 11,
                       "Shared Read Blocks": 0,
                       "Shared Dirtied Blocks": 0,
                       "Shared Written Blocks": 0,
                       "Local Hit Blocks": 0,
                       "Local Read Blocks": 0,
                       "Local Dirtied Blocks": 0,
                       "Local Written Blocks": 0,
                       "Temp Read Blocks": 0,
                       "Temp Written Blocks": 0,
                       "Plans": [
                         {
                           "Node Type": "Unique",
                           "Parent Relationship": "Outer",
                           "Parallel Aware": false,
                           "Async Capable": false,
                           "Startup Cost": 51.71,
                           "Total Cost": 51.74,
                           "Plan Rows": 6,
                           "Plan Width": 8,
                           "Actual Startup Time": 0.082,
                           "Actual Total Time": 0.083,
                           "Actual Rows": 1.00,
                           "Actual Loops": 1,
                           "Disabled": false,
                           "Shared Hit Blocks": 11,
                           "Shared Read Blocks": 0,
                           "Shared Dirtied Blocks": 0,
                           "Shared Written Blocks": 0,
                           "Local Hit Blocks": 0,
                           "Local Read Blocks": 0,
                           "Local Dirtied Blocks": 0,
                           "Local Written Blocks": 0,
                           "Temp Read Blocks": 0,
                           "Temp Written Blocks": 0,
                           "Plans": [
                             {
                               "Node Type": "Sort",
                               "Parent Relationship": "Outer",
                               "Parallel Aware": false,
                               "Async Capable": false,
                               "Startup Cost": 51.71,
                               "Total Cost": 51.73,
                               "Plan Rows": 6,
                               "Plan Width": 8,
                               "Actual Startup Time": 0.081,
                               "Actual Total Time": 0.082,
                               "Actual Rows": 1.00,
                               "Actual Loops": 1,
                               "Disabled": false,
                               "Sort Key": ["r_1.id"],
                               "Sort Method": "quicksort",
                               "Sort Space Used": 25,
                               "Sort Space Type": "Memory",
                               "Shared Hit Blocks": 11,
                               "Shared Read Blocks": 0,
                               "Shared Dirtied Blocks": 0,
                               "Shared Written Blocks": 0,
                               "Local Hit Blocks": 0,
                               "Local Read Blocks": 0,
                               "Local Dirtied Blocks": 0,
                               "Local Written Blocks": 0,
                               "Temp Read Blocks": 0,
                               "Temp Written Blocks": 0,
                               "Plans": [
                                 {
                                   "Node Type": "Append",
                                   "Parent Relationship": "Outer",
                                   "Parallel Aware": false,
                                   "Async Capable": false,
                                   "Startup Cost": 4.30,
                                   "Total Cost": 51.64,
                                   "Plan Rows": 6,
                                   "Plan Width": 8,
                                   "Actual Startup Time": 0.012,
                                   "Actual Total Time": 0.072,
                                   "Actual Rows": 1.00,
                                   "Actual Loops": 1,
                                   "Disabled": false,
                                   "Shared Hit Blocks": 11,
                                   "Shared Read Blocks": 0,
                                   "Shared Dirtied Blocks": 0,
                                   "Shared Written Blocks": 0,
                                   "Local Hit Blocks": 0,
                                   "Local Read Blocks": 0,
                                   "Local Dirtied Blocks": 0,
                                   "Local Written Blocks": 0,
                                   "Temp Read Blocks": 0,
                                   "Temp Written Blocks": 0,
                                   "Subplans Removed": 0,
                                   "Plans": [
                                     {
                                       "Node Type": "Nested Loop",
                                       "Parent Relationship": "Member",
                                       "Parallel Aware": false,
                                       "Async Capable": false,
                                       "Join Type": "Inner",
                                       "Startup Cost": 4.30,
                                       "Total Cost": 11.89,
                                       "Plan Rows": 3,
                                       "Plan Width": 8,
                                       "Actual Startup Time": 0.002,
                                       "Actual Total Time": 0.002,
                                       "Actual Rows": 0.00,
                                       "Actual Loops": 1,
                                       "Disabled": false,
                                       "Inner Unique": false,
                                       "Shared Hit Blocks": 0,
                                       "Shared Read Blocks": 0,
                                       "Shared Dirtied Blocks": 0,
                                       "Shared Written Blocks": 0,
                                       "Local Hit Blocks": 0,
                                       "Local Read Blocks": 0,
                                       "Local Dirtied Blocks": 0,
                                       "Local Written Blocks": 0,
                                       "Temp Read Blocks": 0,
                                       "Temp Written Blocks": 0,
                                       "Plans": [
                                         {
                                           "Node Type": "CTE Scan",
                                           "Parent Relationship": "Outer",
                                           "Parallel Aware": false,
                                           "Async Capable": false,
                                           "CTE Name": "session",
                                           "Alias": "s_3",
                                           "Startup Cost": 0.00,
                                           "Total Cost": 0.02,
                                           "Plan Rows": 1,
                                           "Plan Width": 8,
                                           "Actual Startup Time": 0.001,
                                           "Actual Total Time": 0.001,
                                           "Actual Rows": 0.00,
                                           "Actual Loops": 1,
                                           "Disabled": false,
                                           "Filter": "(profile_id IS NULL)",
                                           "Rows Removed by Filter": 1,
                                           "Storage": "Memory",
                                           "Maximum Storage": 17,
                                           "Shared Hit Blocks": 0,
                                           "Shared Read Blocks": 0,
                                           "Shared Dirtied Blocks": 0,
                                           "Shared Written Blocks": 0,
                                           "Local Hit Blocks": 0,
                                           "Local Read Blocks": 0,
                                           "Local Dirtied Blocks": 0,
                                           "Local Written Blocks": 0,
                                           "Temp Read Blocks": 0,
                                           "Temp Written Blocks": 0
                                         },
                                         {
                                           "Node Type": "Bitmap Heap Scan",
                                           "Parent Relationship": "Inner",
                                           "Parallel Aware": false,
                                           "Async Capable": false,
                                           "Relation Name": "record",
                                           "Alias": "r_1",
                                           "Startup Cost": 4.30,
                                           "Total Cost": 11.84,
                                           "Plan Rows": 3,
                                           "Plan Width": 16,
                                           "Actual Startup Time": 0.000,
                                           "Actual Total Time": 0.000,
                                           "Actual Rows": 0,
                                           "Actual Loops": 0,
                                           "Disabled": false,
                                           "Recheck Cond": "(account_id = s_3.account_id)",
                                           "Rows Removed by Index Recheck": 0,
                                           "Exact Heap Blocks": 0,
                                           "Lossy Heap Blocks": 0,
                                           "Shared Hit Blocks": 0,
                                           "Shared Read Blocks": 0,
                                           "Shared Dirtied Blocks": 0,
                                           "Shared Written Blocks": 0,
                                           "Local Hit Blocks": 0,
                                           "Local Read Blocks": 0,
                                           "Local Dirtied Blocks": 0,
                                           "Local Written Blocks": 0,
                                           "Temp Read Blocks": 0,
                                           "Temp Written Blocks": 0,
                                           "Plans": [
                                             {
                                               "Node Type": "Bitmap Index Scan",
                                               "Parent Relationship": "Outer",
                                               "Parallel Aware": false,
                                               "Async Capable": false,
                                               "Index Name": "ix_record_account_id_server_sequence",
                                               "Startup Cost": 0.00,
                                               "Total Cost": 4.30,
                                               "Plan Rows": 3,
                                               "Plan Width": 0,
                                               "Actual Startup Time": 0.000,
                                               "Actual Total Time": 0.000,
                                               "Actual Rows": 0,
                                               "Actual Loops": 0,
                                               "Disabled": false,
                                               "Index Cond": "(account_id = s_3.account_id)",
                                               "Index Searches": 0,
                                               "Shared Hit Blocks": 0,
                                               "Shared Read Blocks": 0,
                                               "Shared Dirtied Blocks": 0,
                                               "Shared Written Blocks": 0,
                                               "Local Hit Blocks": 0,
                                               "Local Read Blocks": 0,
                                               "Local Dirtied Blocks": 0,
                                               "Local Written Blocks": 0,
                                               "Temp Read Blocks": 0,
                                               "Temp Written Blocks": 0
                                             }
                                           ]
                                         }
                                       ]
                                     },
                                     {
                                       "Node Type": "Nested Loop",
                                       "Parent Relationship": "Member",
                                       "Parallel Aware": false,
                                       "Async Capable": false,
                                       "Join Type": "Inner",
                                       "Startup Cost": 0.15,
                                       "Total Cost": 8.20,
                                       "Plan Rows": 1,
                                       "Plan Width": 8,
                                       "Actual Startup Time": 0.010,
                                       "Actual Total Time": 0.011,
                                       "Actual Rows": 1.00,
                                       "Actual Loops": 1,
                                       "Disabled": false,
                                       "Inner Unique": false,
                                       "Shared Hit Blocks": 2,
                                       "Shared Read Blocks": 0,
                                       "Shared Dirtied Blocks": 0,
                                       "Shared Written Blocks": 0,
                                       "Local Hit Blocks": 0,
                                       "Local Read Blocks": 0,
                                       "Local Dirtied Blocks": 0,
                                       "Local Written Blocks": 0,
                                       "Temp Read Blocks": 0,
                                       "Temp Written Blocks": 0,
                                       "Plans": [
                                         {
                                           "Node Type": "CTE Scan",
                                           "Parent Relationship": "Outer",
                                           "Parallel Aware": false,
                                           "Async Capable": false,
                                           "CTE Name": "session",
                                           "Alias": "s_4",
                                           "Startup Cost": 0.00,
                                           "Total Cost": 0.02,
                                           "Plan Rows": 1,
                                           "Plan Width": 16,
                                           "Actual Startup Time": 0.000,
                                           "Actual Total Time": 0.000,
                                           "Actual Rows": 1.00,
                                           "Actual Loops": 1,
                                           "Disabled": false,
                                           "Storage": "Memory",
                                           "Maximum Storage": 17,
                                           "Shared Hit Blocks": 0,
                                           "Shared Read Blocks": 0,
                                           "Shared Dirtied Blocks": 0,
                                           "Shared Written Blocks": 0,
                                           "Local Hit Blocks": 0,
                                           "Local Read Blocks": 0,
                                           "Local Dirtied Blocks": 0,
                                           "Local Written Blocks": 0,
                                           "Temp Read Blocks": 0,
                                           "Temp Written Blocks": 0
                                         },
                                         {
                                           "Node Type": "Index Scan",
                                           "Parent Relationship": "Inner",
                                           "Parallel Aware": false,
                                           "Async Capable": false,
                                           "Scan Direction": "Forward",
                                           "Index Name": "ix_profile_record_account_id_profile_id",
                                           "Relation Name": "profile_record",
                                           "Alias": "pr",
                                           "Startup Cost": 0.15,
                                           "Total Cost": 8.17,
                                           "Plan Rows": 1,
                                           "Plan Width": 24,
                                           "Actual Startup Time": 0.009,
                                           "Actual Total Time": 0.009,
                                           "Actual Rows": 1.00,
                                           "Actual Loops": 1,
                                           "Disabled": false,
                                           "Index Cond": "((account_id = s_4.account_id) AND (profile_id = s_4.profile_id))",
                                           "Rows Removed by Index Recheck": 0,
                                           "Index Searches": 1,
                                           "Shared Hit Blocks": 2,
                                           "Shared Read Blocks": 0,
                                           "Shared Dirtied Blocks": 0,
                                           "Shared Written Blocks": 0,
                                           "Local Hit Blocks": 0,
                                           "Local Read Blocks": 0,
                                           "Local Dirtied Blocks": 0,
                                           "Local Written Blocks": 0,
                                           "Temp Read Blocks": 0,
                                           "Temp Written Blocks": 0
                                         }
                                       ]
                                     },
                                     {
                                       "Node Type": "Nested Loop",
                                       "Parent Relationship": "Member",
                                       "Parallel Aware": false,
                                       "Async Capable": false,
                                       "Join Type": "Inner",
                                       "Startup Cost": 0.15,
                                       "Total Cost": 8.20,
                                       "Plan Rows": 1,
                                       "Plan Width": 8,
                                       "Actual Startup Time": 0.021,
                                       "Actual Total Time": 0.022,
                                       "Actual Rows": 0.00,
                                       "Actual Loops": 1,
                                       "Disabled": false,
                                       "Inner Unique": false,
                                       "Shared Hit Blocks": 3,
                                       "Shared Read Blocks": 0,
                                       "Shared Dirtied Blocks": 0,
                                       "Shared Written Blocks": 0,
                                       "Local Hit Blocks": 0,
                                       "Local Read Blocks": 0,
                                       "Local Dirtied Blocks": 0,
                                       "Local Written Blocks": 0,
                                       "Temp Read Blocks": 0,
                                       "Temp Written Blocks": 0,
                                       "Plans": [
                                         {
                                           "Node Type": "CTE Scan",
                                           "Parent Relationship": "Outer",
                                           "Parallel Aware": false,
                                           "Async Capable": false,
                                           "CTE Name": "collections",
                                           "Alias": "c_2",
                                           "Startup Cost": 0.00,
                                           "Total Cost": 0.02,
                                           "Plan Rows": 1,
                                           "Plan Width": 16,
                                           "Actual Startup Time": 0.021,
                                           "Actual Total Time": 0.021,
                                           "Actual Rows": 0.00,
                                           "Actual Loops": 1,
                                           "Disabled": false,
                                           "Storage": "Memory",
                                           "Maximum Storage": 17,
                                           "Shared Hit Blocks": 3,
                                           "Shared Read Blocks": 0,
                                           "Shared Dirtied Blocks": 0,
                                           "Shared Written Blocks": 0,
                                           "Local Hit Blocks": 0,
                                           "Local Read Blocks": 0,
                                           "Local Dirtied Blocks": 0,
                                           "Local Written Blocks": 0,
                                           "Temp Read Blocks": 0,
                                           "Temp Written Blocks": 0
                                         },
                                         {
                                           "Node Type": "Index Scan",
                                           "Parent Relationship": "Inner",
                                           "Parallel Aware": false,
                                           "Async Capable": false,
                                           "Scan Direction": "Forward",
                                           "Index Name": "ix_collection_record_account_id_collection_id",
                                           "Relation Name": "collection_record",
                                           "Alias": "cr",
                                           "Startup Cost": 0.15,
                                           "Total Cost": 8.17,
                                           "Plan Rows": 1,
                                           "Plan Width": 24,
                                           "Actual Startup Time": 0.000,
                                           "Actual Total Time": 0.000,
                                           "Actual Rows": 0,
                                           "Actual Loops": 0,
                                           "Disabled": false,
                                           "Index Cond": "((account_id = c_2.account_id) AND (collection_id = c_2.id))",
                                           "Rows Removed by Index Recheck": 0,
                                           "Index Searches": 0,
                                           "Shared Hit Blocks": 0,
                                           "Shared Read Blocks": 0,
                                           "Shared Dirtied Blocks": 0,
                                           "Shared Written Blocks": 0,
                                           "Local Hit Blocks": 0,
                                           "Local Read Blocks": 0,
                                           "Local Dirtied Blocks": 0,
                                           "Local Written Blocks": 0,
                                           "Temp Read Blocks": 0,
                                           "Temp Written Blocks": 0
                                         }
                                       ]
                                     },
                                     {
                                       "Node Type": "Hash Join",
                                       "Parent Relationship": "Member",
                                       "Parallel Aware": false,
                                       "Async Capable": false,
                                       "Join Type": "Inner",
                                       "Startup Cost": 0.39,
                                       "Total Cost": 23.32,
                                       "Plan Rows": 1,
                                       "Plan Width": 8,
                                       "Actual Startup Time": 0.037,
                                       "Actual Total Time": 0.037,
                                       "Actual Rows": 0.00,
                                       "Actual Loops": 1,
                                       "Disabled": false,
                                       "Inner Unique": false,
                                       "Hash Cond": "((r_2.account_id = f_2.account_id) AND (r_2.folder_id = f_2.id))",
                                       "Shared Hit Blocks": 6,
                                       "Shared Read Blocks": 0,
                                       "Shared Dirtied Blocks": 0,
                                       "Shared Written Blocks": 0,
                                       "Local Hit Blocks": 0,
                                       "Local Read Blocks": 0,
                                       "Local Dirtied Blocks": 0,
                                       "Local Written Blocks": 0,
                                       "Temp Read Blocks": 0,
                                       "Temp Written Blocks": 0,
                                       "Plans": [
                                         {
                                           "Node Type": "Seq Scan",
                                           "Parent Relationship": "Outer",
                                           "Parallel Aware": false,
                                           "Async Capable": false,
                                           "Relation Name": "record",
                                           "Alias": "r_2",
                                           "Startup Cost": 0.00,
                                           "Total Cost": 18.24,
                                           "Plan Rows": 624,
                                           "Plan Width": 24,
                                           "Actual Startup Time": 0.002,
                                           "Actual Total Time": 0.002,
                                           "Actual Rows": 1.00,
                                           "Actual Loops": 1,
                                           "Disabled": false,
                                           "Shared Hit Blocks": 2,
                                           "Shared Read Blocks": 0,
                                           "Shared Dirtied Blocks": 0,
                                           "Shared Written Blocks": 0,
                                           "Local Hit Blocks": 0,
                                           "Local Read Blocks": 0,
                                           "Local Dirtied Blocks": 0,
                                           "Local Written Blocks": 0,
                                           "Temp Read Blocks": 0,
                                           "Temp Written Blocks": 0
                                         },
                                         {
                                           "Node Type": "Hash",
                                           "Parent Relationship": "Inner",
                                           "Parallel Aware": false,
                                           "Async Capable": false,
                                           "Startup Cost": 0.22,
                                           "Total Cost": 0.22,
                                           "Plan Rows": 11,
                                           "Plan Width": 16,
                                           "Actual Startup Time": 0.026,
                                           "Actual Total Time": 0.027,
                                           "Actual Rows": 0.00,
                                           "Actual Loops": 1,
                                           "Disabled": false,
                                           "Hash Buckets": 1024,
                                           "Original Hash Buckets": 1024,
                                           "Hash Batches": 1,
                                           "Original Hash Batches": 1,
                                           "Peak Memory Usage": 8,
                                           "Shared Hit Blocks": 4,
                                           "Shared Read Blocks": 0,
                                           "Shared Dirtied Blocks": 0,
                                           "Shared Written Blocks": 0,
                                           "Local Hit Blocks": 0,
                                           "Local Read Blocks": 0,
                                           "Local Dirtied Blocks": 0,
                                           "Local Written Blocks": 0,
                                           "Temp Read Blocks": 0,
                                           "Temp Written Blocks": 0,
                                           "Plans": [
                                             {
                                               "Node Type": "CTE Scan",
                                               "Parent Relationship": "Outer",
                                               "Parallel Aware": false,
                                               "Async Capable": false,
                                               "CTE Name": "reachable",
                                               "Alias": "f_2",
                                               "Startup Cost": 0.00,
                                               "Total Cost": 0.22,
                                               "Plan Rows": 11,
                                               "Plan Width": 16,
                                               "Actual Startup Time": 0.026,
                                               "Actual Total Time": 0.026,
                                               "Actual Rows": 0.00,
                                               "Actual Loops": 1,
                                               "Disabled": false,
                                               "Storage": "Memory",
                                               "Maximum Storage": 17,
                                               "Shared Hit Blocks": 4,
                                               "Shared Read Blocks": 0,
                                               "Shared Dirtied Blocks": 0,
                                               "Shared Written Blocks": 0,
                                               "Local Hit Blocks": 0,
                                               "Local Read Blocks": 0,
                                               "Local Dirtied Blocks": 0,
                                               "Local Written Blocks": 0,
                                               "Temp Read Blocks": 0,
                                               "Temp Written Blocks": 0
                                             }
                                           ]
                                         }
                                       ]
                                     }
                                   ]
                                 }
                               ]
                             }
                           ]
                         }
                       ]
                     }
                   ]
                 },
                 {
                   "Node Type": "Index Scan",
                   "Parent Relationship": "Inner",
                   "Parallel Aware": false,
                   "Async Capable": false,
                   "Scan Direction": "Forward",
                   "Index Name": "pk_account",
                   "Relation Name": "account",
                   "Alias": "owner_1",
                   "Startup Cost": 0.15,
                   "Total Cost": 6.83,
                   "Plan Rows": 1,
                   "Plan Width": 24,
                   "Actual Startup Time": 0.005,
                   "Actual Total Time": 0.005,
                   "Actual Rows": 1.00,
                   "Actual Loops": 1,
                   "Disabled": false,
                   "Index Cond": "(id = r.account_id)",
                   "Rows Removed by Index Recheck": 0,
                   "Filter": "(state = 0)",
                   "Rows Removed by Filter": 0,
                   "Index Searches": 1,
                   "Shared Hit Blocks": 2,
                   "Shared Read Blocks": 0,
                   "Shared Dirtied Blocks": 0,
                   "Shared Written Blocks": 0,
                   "Local Hit Blocks": 0,
                   "Local Read Blocks": 0,
                   "Local Dirtied Blocks": 0,
                   "Local Written Blocks": 0,
                   "Temp Read Blocks": 0,
                   "Temp Written Blocks": 0
                 }
               ]
             },
             {
               "Node Type": "Bitmap Heap Scan",
               "Parent Relationship": "Inner",
               "Parallel Aware": false,
               "Async Capable": false,
               "Relation Name": "terminal_erasure",
               "Alias": "e_6",
               "Startup Cost": 2.17,
               "Total Cost": 7.51,
               "Plan Rows": 2,
               "Plan Width": 16,
               "Actual Startup Time": 0.007,
               "Actual Total Time": 0.007,
               "Actual Rows": 0.00,
               "Actual Loops": 1,
               "Disabled": false,
               "Recheck Cond": "((resource_id = r.public_id) OR (resource_id = owner_1.public_id))",
               "Rows Removed by Index Recheck": 0,
               "Exact Heap Blocks": 0,
               "Lossy Heap Blocks": 0,
               "Shared Hit Blocks": 2,
               "Shared Read Blocks": 0,
               "Shared Dirtied Blocks": 0,
               "Shared Written Blocks": 0,
               "Local Hit Blocks": 0,
               "Local Read Blocks": 0,
               "Local Dirtied Blocks": 0,
               "Local Written Blocks": 0,
               "Temp Read Blocks": 0,
               "Temp Written Blocks": 0,
               "Plans": [
                 {
                   "Node Type": "Bitmap Index Scan",
                   "Parent Relationship": "Outer",
                   "Parallel Aware": false,
                   "Async Capable": false,
                   "Index Name": "ix_terminal_erasure_resource_id",
                   "Startup Cost": 0.00,
                   "Total Cost": 2.17,
                   "Plan Rows": 2,
                   "Plan Width": 0,
                   "Actual Startup Time": 0.002,
                   "Actual Total Time": 0.002,
                   "Actual Rows": 0.00,
                   "Actual Loops": 1,
                   "Disabled": false,
                   "Index Cond": "(resource_id = ANY (ARRAY[r.public_id, owner_1.public_id]))",
                   "Index Searches": 1,
                   "Shared Hit Blocks": 2,
                   "Shared Read Blocks": 0,
                   "Shared Dirtied Blocks": 0,
                   "Shared Written Blocks": 0,
                   "Local Hit Blocks": 0,
                   "Local Read Blocks": 0,
                   "Local Dirtied Blocks": 0,
                   "Local Written Blocks": 0,
                   "Temp Read Blocks": 0,
                   "Temp Written Blocks": 0
                 }
               ]
             }
           ]
         },
         {
           "Node Type": "Recursive Union",
           "Parent Relationship": "InitPlan",
           "Subplan Name": "CTE ancestry",
           "Parallel Aware": false,
           "Async Capable": false,
           "Startup Cost": 0.15,
           "Total Cost": 330.35,
           "Plan Rows": 11,
           "Plan Width": 66,
           "Actual Startup Time": 0.180,
           "Actual Total Time": 0.181,
           "Actual Rows": 0.00,
           "Actual Loops": 1,
           "Disabled": false,
           "Storage": "Memory",
           "Maximum Storage": 33,
           "Shared Hit Blocks": 29,
           "Shared Read Blocks": 0,
           "Shared Dirtied Blocks": 0,
           "Shared Written Blocks": 0,
           "Local Hit Blocks": 0,
           "Local Read Blocks": 0,
           "Local Dirtied Blocks": 0,
           "Local Written Blocks": 0,
           "Temp Read Blocks": 0,
           "Temp Written Blocks": 0,
           "Plans": [
             {
               "Node Type": "Nested Loop",
               "Parent Relationship": "Outer",
               "Parallel Aware": false,
               "Async Capable": false,
               "Join Type": "Inner",
               "Startup Cost": 0.15,
               "Total Cost": 16.37,
               "Plan Rows": 1,
               "Plan Width": 66,
               "Actual Startup Time": 0.169,
               "Actual Total Time": 0.169,
               "Actual Rows": 0.00,
               "Actual Loops": 1,
               "Disabled": false,
               "Inner Unique": true,
               "Shared Hit Blocks": 27,
               "Shared Read Blocks": 0,
               "Shared Dirtied Blocks": 0,
               "Shared Written Blocks": 0,
               "Local Hit Blocks": 0,
               "Local Read Blocks": 0,
               "Local Dirtied Blocks": 0,
               "Local Written Blocks": 0,
               "Temp Read Blocks": 0,
               "Temp Written Blocks": 0,
               "Plans": [
                 {
                   "Node Type": "CTE Scan",
                   "Parent Relationship": "Outer",
                   "Parallel Aware": false,
                   "Async Capable": false,
                   "CTE Name": "candidates",
                   "Alias": "r_3",
                   "Startup Cost": 0.00,
                   "Total Cost": 0.02,
                   "Plan Rows": 1,
                   "Plan Width": 24,
                   "Actual Startup Time": 0.147,
                   "Actual Total Time": 0.163,
                   "Actual Rows": 1.00,
                   "Actual Loops": 1,
                   "Disabled": false,
                   "Storage": "Memory",
                   "Maximum Storage": 17,
                   "Shared Hit Blocks": 27,
                   "Shared Read Blocks": 0,
                   "Shared Dirtied Blocks": 0,
                   "Shared Written Blocks": 0,
                   "Local Hit Blocks": 0,
                   "Local Read Blocks": 0,
                   "Local Dirtied Blocks": 0,
                   "Local Written Blocks": 0,
                   "Temp Read Blocks": 0,
                   "Temp Written Blocks": 0
                 },
                 {
                   "Node Type": "Index Scan",
                   "Parent Relationship": "Inner",
                   "Parallel Aware": false,
                   "Async Capable": false,
                   "Scan Direction": "Forward",
                   "Index Name": "pk_folder",
                   "Relation Name": "folder",
                   "Alias": "f_3",
                   "Startup Cost": 0.15,
                   "Total Cost": 8.17,
                   "Plan Rows": 1,
                   "Plan Width": 48,
                   "Actual Startup Time": 0.005,
                   "Actual Total Time": 0.005,
                   "Actual Rows": 0.00,
                   "Actual Loops": 1,
                   "Disabled": false,
                   "Index Cond": "(id = r_3.folder_id)",
                   "Rows Removed by Index Recheck": 0,
                   "Filter": "(account_id = r_3.account_id)",
                   "Rows Removed by Filter": 0,
                   "Index Searches": 0,
                   "Shared Hit Blocks": 0,
                   "Shared Read Blocks": 0,
                   "Shared Dirtied Blocks": 0,
                   "Shared Written Blocks": 0,
                   "Local Hit Blocks": 0,
                   "Local Read Blocks": 0,
                   "Local Dirtied Blocks": 0,
                   "Local Written Blocks": 0,
                   "Temp Read Blocks": 0,
                   "Temp Written Blocks": 0
                 },
                 {
                   "Node Type": "Index Only Scan",
                   "Parent Relationship": "SubPlan",
                   "Subplan Name": "SubPlan 10",
                   "Parallel Aware": false,
                   "Async Capable": false,
                   "Scan Direction": "Forward",
                   "Index Name": "ix_terminal_erasure_resource_id",
                   "Relation Name": "terminal_erasure",
                   "Alias": "e_7",
                   "Startup Cost": 0.15,
                   "Total Cost": 8.17,
                   "Plan Rows": 1,
                   "Plan Width": 0,
                   "Actual Startup Time": 0.000,
                   "Actual Total Time": 0.000,
                   "Actual Rows": 0,
                   "Actual Loops": 0,
                   "Disabled": false,
                   "Index Cond": "(resource_id = f_3.public_id)",
                   "Rows Removed by Index Recheck": 0,
                   "Heap Fetches": 0,
                   "Index Searches": 0,
                   "Shared Hit Blocks": 0,
                   "Shared Read Blocks": 0,
                   "Shared Dirtied Blocks": 0,
                   "Shared Written Blocks": 0,
                   "Local Hit Blocks": 0,
                   "Local Read Blocks": 0,
                   "Local Dirtied Blocks": 0,
                   "Local Written Blocks": 0,
                   "Temp Read Blocks": 0,
                   "Temp Written Blocks": 0
                 }
               ]
             },
             {
               "Node Type": "Hash Join",
               "Parent Relationship": "Inner",
               "Parallel Aware": false,
               "Async Capable": false,
               "Join Type": "Inner",
               "Startup Cost": 0.28,
               "Total Cost": 31.39,
               "Plan Rows": 1,
               "Plan Width": 66,
               "Actual Startup Time": 0.011,
               "Actual Total Time": 0.011,
               "Actual Rows": 0.00,
               "Actual Loops": 1,
               "Disabled": false,
               "Inner Unique": false,
               "Hash Cond": "((f_4.id = t.parent_folder_id) AND (f_4.account_id = t.account_id))",
               "Shared Hit Blocks": 2,
               "Shared Read Blocks": 0,
               "Shared Dirtied Blocks": 0,
               "Shared Written Blocks": 0,
               "Local Hit Blocks": 0,
               "Local Read Blocks": 0,
               "Local Dirtied Blocks": 0,
               "Local Written Blocks": 0,
               "Temp Read Blocks": 0,
               "Temp Written Blocks": 0,
               "Plans": [
                 {
                   "Node Type": "Seq Scan",
                   "Parent Relationship": "Outer",
                   "Parallel Aware": false,
                   "Async Capable": false,
                   "Relation Name": "folder",
                   "Alias": "f_4",
                   "Startup Cost": 0.00,
                   "Total Cost": 18.24,
                   "Plan Rows": 624,
                   "Plan Width": 48,
                   "Actual Startup Time": 0.002,
                   "Actual Total Time": 0.002,
                   "Actual Rows": 1.00,
                   "Actual Loops": 1,
                   "Disabled": false,
                   "Shared Hit Blocks": 2,
                   "Shared Read Blocks": 0,
                   "Shared Dirtied Blocks": 0,
                   "Shared Written Blocks": 0,
                   "Local Hit Blocks": 0,
                   "Local Read Blocks": 0,
                   "Local Dirtied Blocks": 0,
                   "Local Written Blocks": 0,
                   "Temp Read Blocks": 0,
                   "Temp Written Blocks": 0
                 },
                 {
                   "Node Type": "Hash",
                   "Parent Relationship": "Inner",
                   "Parallel Aware": false,
                   "Async Capable": false,
                   "Startup Cost": 0.20,
                   "Total Cost": 0.20,
                   "Plan Rows": 5,
                   "Plan Width": 57,
                   "Actual Startup Time": 0.001,
                   "Actual Total Time": 0.001,
                   "Actual Rows": 0.00,
                   "Actual Loops": 1,
                   "Disabled": false,
                   "Hash Buckets": 1024,
                   "Original Hash Buckets": 1024,
                   "Hash Batches": 1,
                   "Original Hash Batches": 1,
                   "Peak Memory Usage": 8,
                   "Shared Hit Blocks": 0,
                   "Shared Read Blocks": 0,
                   "Shared Dirtied Blocks": 0,
                   "Shared Written Blocks": 0,
                   "Local Hit Blocks": 0,
                   "Local Read Blocks": 0,
                   "Local Dirtied Blocks": 0,
                   "Local Written Blocks": 0,
                   "Temp Read Blocks": 0,
                   "Temp Written Blocks": 0,
                   "Plans": [
                     {
                       "Node Type": "WorkTable Scan",
                       "Parent Relationship": "Outer",
                       "Parallel Aware": false,
                       "Async Capable": false,
                       "CTE Name": "ancestry",
                       "Alias": "t",
                       "Startup Cost": 0.00,
                       "Total Cost": 0.20,
                       "Plan Rows": 5,
                       "Plan Width": 57,
                       "Actual Startup Time": 0.001,
                       "Actual Total Time": 0.001,
                       "Actual Rows": 0.00,
                       "Actual Loops": 1,
                       "Disabled": false,
                       "Filter": "(NOT cycle)",
                       "Rows Removed by Filter": 0,
                       "Shared Hit Blocks": 0,
                       "Shared Read Blocks": 0,
                       "Shared Dirtied Blocks": 0,
                       "Shared Written Blocks": 0,
                       "Local Hit Blocks": 0,
                       "Local Read Blocks": 0,
                       "Local Dirtied Blocks": 0,
                       "Local Written Blocks": 0,
                       "Temp Read Blocks": 0,
                       "Temp Written Blocks": 0
                     }
                   ]
                 },
                 {
                   "Node Type": "Index Only Scan",
                   "Parent Relationship": "SubPlan",
                   "Subplan Name": "SubPlan 12",
                   "Parallel Aware": false,
                   "Async Capable": false,
                   "Scan Direction": "Forward",
                   "Index Name": "ix_terminal_erasure_resource_id",
                   "Relation Name": "terminal_erasure",
                   "Alias": "e_8",
                   "Startup Cost": 0.15,
                   "Total Cost": 8.17,
                   "Plan Rows": 1,
                   "Plan Width": 0,
                   "Actual Startup Time": 0.000,
                   "Actual Total Time": 0.000,
                   "Actual Rows": 0,
                   "Actual Loops": 0,
                   "Disabled": false,
                   "Index Cond": "(resource_id = f_4.public_id)",
                   "Rows Removed by Index Recheck": 0,
                   "Heap Fetches": 0,
                   "Index Searches": 0,
                   "Shared Hit Blocks": 0,
                   "Shared Read Blocks": 0,
                   "Shared Dirtied Blocks": 0,
                   "Shared Written Blocks": 0,
                   "Local Hit Blocks": 0,
                   "Local Read Blocks": 0,
                   "Local Dirtied Blocks": 0,
                   "Local Written Blocks": 0,
                   "Temp Read Blocks": 0,
                   "Temp Written Blocks": 0
                 }
               ]
             }
           ]
         },
         {
           "Node Type": "Nested Loop",
           "Parent Relationship": "InitPlan",
           "Subplan Name": "CTE included",
           "Parallel Aware": false,
           "Async Capable": false,
           "Join Type": "Inner",
           "Startup Cost": 0.00,
           "Total Cost": 16.66,
           "Plan Rows": 1,
           "Plan Width": 24,
           "Actual Startup Time": 0.000,
           "Actual Total Time": 0.001,
           "Actual Rows": 0.00,
           "Actual Loops": 1,
           "Disabled": false,
           "Inner Unique": false,
           "Join Filter": "((r_4.account_id = c_3.account_id) AND (EXISTS(SubPlan 15) OR EXISTS(SubPlan 17)))",
           "Rows Removed by Join Filter": 0,
           "Shared Hit Blocks": 0,
           "Shared Read Blocks": 0,
           "Shared Dirtied Blocks": 0,
           "Shared Written Blocks": 0,
           "Local Hit Blocks": 0,
           "Local Read Blocks": 0,
           "Local Dirtied Blocks": 0,
           "Local Written Blocks": 0,
           "Temp Read Blocks": 0,
           "Temp Written Blocks": 0,
           "Plans": [
             {
               "Node Type": "CTE Scan",
               "Parent Relationship": "Outer",
               "Parallel Aware": false,
               "Async Capable": false,
               "CTE Name": "candidates",
               "Alias": "r_4",
               "Startup Cost": 0.00,
               "Total Cost": 0.02,
               "Plan Rows": 1,
               "Plan Width": 16,
               "Actual Startup Time": 0.000,
               "Actual Total Time": 0.000,
               "Actual Rows": 1.00,
               "Actual Loops": 1,
               "Disabled": false,
               "Storage": "Memory",
               "Maximum Storage": 17,
               "Shared Hit Blocks": 0,
               "Shared Read Blocks": 0,
               "Shared Dirtied Blocks": 0,
               "Shared Written Blocks": 0,
               "Local Hit Blocks": 0,
               "Local Read Blocks": 0,
               "Local Dirtied Blocks": 0,
               "Local Written Blocks": 0,
               "Temp Read Blocks": 0,
               "Temp Written Blocks": 0
             },
             {
               "Node Type": "CTE Scan",
               "Parent Relationship": "Inner",
               "Parallel Aware": false,
               "Async Capable": false,
               "CTE Name": "collections",
               "Alias": "c_3",
               "Startup Cost": 0.00,
               "Total Cost": 0.02,
               "Plan Rows": 1,
               "Plan Width": 24,
               "Actual Startup Time": 0.000,
               "Actual Total Time": 0.000,
               "Actual Rows": 0.00,
               "Actual Loops": 1,
               "Disabled": false,
               "Storage": "Memory",
               "Maximum Storage": 17,
               "Shared Hit Blocks": 0,
               "Shared Read Blocks": 0,
               "Shared Dirtied Blocks": 0,
               "Shared Written Blocks": 0,
               "Local Hit Blocks": 0,
               "Local Read Blocks": 0,
               "Local Dirtied Blocks": 0,
               "Local Written Blocks": 0,
               "Temp Read Blocks": 0,
               "Temp Written Blocks": 0
             },
             {
               "Node Type": "Index Scan",
               "Parent Relationship": "SubPlan",
               "Subplan Name": "SubPlan 15",
               "Parallel Aware": false,
               "Async Capable": false,
               "Scan Direction": "Forward",
               "Index Name": "ix_collection_record_account_id_record_id",
               "Relation Name": "collection_record",
               "Alias": "cr_1",
               "Startup Cost": 0.15,
               "Total Cost": 8.17,
               "Plan Rows": 1,
               "Plan Width": 0,
               "Actual Startup Time": 0.000,
               "Actual Total Time": 0.000,
               "Actual Rows": 0,
               "Actual Loops": 0,
               "Disabled": false,
               "Index Cond": "((account_id = r_4.account_id) AND (record_id = r_4.id))",
               "Rows Removed by Index Recheck": 0,
               "Filter": "(collection_id = c_3.id)",
               "Rows Removed by Filter": 0,
               "Index Searches": 0,
               "Shared Hit Blocks": 0,
               "Shared Read Blocks": 0,
               "Shared Dirtied Blocks": 0,
               "Shared Written Blocks": 0,
               "Local Hit Blocks": 0,
               "Local Read Blocks": 0,
               "Local Dirtied Blocks": 0,
               "Local Written Blocks": 0,
               "Temp Read Blocks": 0,
               "Temp Written Blocks": 0
             },
             {
               "Node Type": "Nested Loop",
               "Parent Relationship": "SubPlan",
               "Subplan Name": "SubPlan 17",
               "Parallel Aware": false,
               "Async Capable": false,
               "Join Type": "Inner",
               "Startup Cost": 0.15,
               "Total Cost": 8.43,
               "Plan Rows": 1,
               "Plan Width": 0,
               "Actual Startup Time": 0.000,
               "Actual Total Time": 0.000,
               "Actual Rows": 0,
               "Actual Loops": 0,
               "Disabled": false,
               "Inner Unique": false,
               "Join Filter": "(cf_1.folder_id = t_1.id)",
               "Rows Removed by Join Filter": 0,
               "Shared Hit Blocks": 0,
               "Shared Read Blocks": 0,
               "Shared Dirtied Blocks": 0,
               "Shared Written Blocks": 0,
               "Local Hit Blocks": 0,
               "Local Read Blocks": 0,
               "Local Dirtied Blocks": 0,
               "Local Written Blocks": 0,
               "Temp Read Blocks": 0,
               "Temp Written Blocks": 0,
               "Plans": [
                 {
                   "Node Type": "Index Scan",
                   "Parent Relationship": "Outer",
                   "Parallel Aware": false,
                   "Async Capable": false,
                   "Scan Direction": "Forward",
                   "Index Name": "ix_collection_folder_account_id_collection_id",
                   "Relation Name": "collection_folder",
                   "Alias": "cf_1",
                   "Startup Cost": 0.15,
                   "Total Cost": 8.17,
                   "Plan Rows": 1,
                   "Plan Width": 8,
                   "Actual Startup Time": 0.000,
                   "Actual Total Time": 0.000,
                   "Actual Rows": 0,
                   "Actual Loops": 0,
                   "Disabled": false,
                   "Index Cond": "((account_id = r_4.account_id) AND (collection_id = c_3.id))",
                   "Rows Removed by Index Recheck": 0,
                   "Index Searches": 0,
                   "Shared Hit Blocks": 0,
                   "Shared Read Blocks": 0,
                   "Shared Dirtied Blocks": 0,
                   "Shared Written Blocks": 0,
                   "Local Hit Blocks": 0,
                   "Local Read Blocks": 0,
                   "Local Dirtied Blocks": 0,
                   "Local Written Blocks": 0,
                   "Temp Read Blocks": 0,
                   "Temp Written Blocks": 0
                 },
                 {
                   "Node Type": "CTE Scan",
                   "Parent Relationship": "Inner",
                   "Parallel Aware": false,
                   "Async Capable": false,
                   "CTE Name": "ancestry",
                   "Alias": "t_1",
                   "Startup Cost": 0.00,
                   "Total Cost": 0.25,
                   "Plan Rows": 1,
                   "Plan Width": 8,
                   "Actual Startup Time": 0.000,
                   "Actual Total Time": 0.000,
                   "Actual Rows": 0,
                   "Actual Loops": 0,
                   "Disabled": false,
                   "Filter": "(record_id = r_4.id)",
                   "Rows Removed by Filter": 0,
                   "Storage": "Memory",
                   "Maximum Storage": 17,
                   "Shared Hit Blocks": 0,
                   "Shared Read Blocks": 0,
                   "Shared Dirtied Blocks": 0,
                   "Shared Written Blocks": 0,
                   "Local Hit Blocks": 0,
                   "Local Read Blocks": 0,
                   "Local Dirtied Blocks": 0,
                   "Local Written Blocks": 0,
                   "Temp Read Blocks": 0,
                   "Temp Written Blocks": 0
                 }
               ]
             }
           ]
         },
         {
           "Node Type": "Nested Loop",
           "Parent Relationship": "InitPlan",
           "Subplan Name": "CTE scoped",
           "Parallel Aware": false,
           "Async Capable": false,
           "Join Type": "Inner",
           "Startup Cost": 0.00,
           "Total Cost": 16.68,
           "Plan Rows": 1,
           "Plan Width": 128,
           "Actual Startup Time": 0.008,
           "Actual Total Time": 0.009,
           "Actual Rows": 1.00,
           "Actual Loops": 1,
           "Disabled": false,
           "Inner Unique": false,
           "Join Filter": "(((r_5.account_id = s_5.account_id) AND ((s_5.profile_id IS NULL) OR EXISTS(SubPlan 20) OR EXISTS(SubPlan 22))) OR (ANY (r_5.id = (hashed SubPlan 25).col1)))",
           "Rows Removed by Join Filter": 0,
           "Shared Hit Blocks": 2,
           "Shared Read Blocks": 0,
           "Shared Dirtied Blocks": 0,
           "Shared Written Blocks": 0,
           "Local Hit Blocks": 0,
           "Local Read Blocks": 0,
           "Local Dirtied Blocks": 0,
           "Local Written Blocks": 0,
           "Temp Read Blocks": 0,
           "Temp Written Blocks": 0,
           "Plans": [
             {
               "Node Type": "CTE Scan",
               "Parent Relationship": "Outer",
               "Parallel Aware": false,
               "Async Capable": false,
               "CTE Name": "candidates",
               "Alias": "r_5",
               "Startup Cost": 0.00,
               "Total Cost": 0.02,
               "Plan Rows": 1,
               "Plan Width": 128,
               "Actual Startup Time": 0.000,
               "Actual Total Time": 0.000,
               "Actual Rows": 1.00,
               "Actual Loops": 1,
               "Disabled": false,
               "Storage": "Memory",
               "Maximum Storage": 17,
               "Shared Hit Blocks": 0,
               "Shared Read Blocks": 0,
               "Shared Dirtied Blocks": 0,
               "Shared Written Blocks": 0,
               "Local Hit Blocks": 0,
               "Local Read Blocks": 0,
               "Local Dirtied Blocks": 0,
               "Local Written Blocks": 0,
               "Temp Read Blocks": 0,
               "Temp Written Blocks": 0
             },
             {
               "Node Type": "CTE Scan",
               "Parent Relationship": "Inner",
               "Parallel Aware": false,
               "Async Capable": false,
               "CTE Name": "session",
               "Alias": "s_5",
               "Startup Cost": 0.00,
               "Total Cost": 0.02,
               "Plan Rows": 1,
               "Plan Width": 16,
               "Actual Startup Time": 0.000,
               "Actual Total Time": 0.000,
               "Actual Rows": 1.00,
               "Actual Loops": 1,
               "Disabled": false,
               "Storage": "Memory",
               "Maximum Storage": 17,
               "Shared Hit Blocks": 0,
               "Shared Read Blocks": 0,
               "Shared Dirtied Blocks": 0,
               "Shared Written Blocks": 0,
               "Local Hit Blocks": 0,
               "Local Read Blocks": 0,
               "Local Dirtied Blocks": 0,
               "Local Written Blocks": 0,
               "Temp Read Blocks": 0,
               "Temp Written Blocks": 0
             },
             {
               "Node Type": "Index Scan",
               "Parent Relationship": "SubPlan",
               "Subplan Name": "SubPlan 20",
               "Parallel Aware": false,
               "Async Capable": false,
               "Scan Direction": "Forward",
               "Index Name": "ix_profile_record_account_id_record_id",
               "Relation Name": "profile_record",
               "Alias": "pr_1",
               "Startup Cost": 0.15,
               "Total Cost": 8.17,
               "Plan Rows": 1,
               "Plan Width": 0,
               "Actual Startup Time": 0.005,
               "Actual Total Time": 0.006,
               "Actual Rows": 1.00,
               "Actual Loops": 1,
               "Disabled": false,
               "Index Cond": "((account_id = s_5.account_id) AND (record_id = r_5.id))",
               "Rows Removed by Index Recheck": 0,
               "Filter": "(profile_id = s_5.profile_id)",
               "Rows Removed by Filter": 0,
               "Index Searches": 1,
               "Shared Hit Blocks": 2,
               "Shared Read Blocks": 0,
               "Shared Dirtied Blocks": 0,
               "Shared Written Blocks": 0,
               "Local Hit Blocks": 0,
               "Local Read Blocks": 0,
               "Local Dirtied Blocks": 0,
               "Local Written Blocks": 0,
               "Temp Read Blocks": 0,
               "Temp Written Blocks": 0
             },
             {
               "Node Type": "Nested Loop",
               "Parent Relationship": "SubPlan",
               "Subplan Name": "SubPlan 22",
               "Parallel Aware": false,
               "Async Capable": false,
               "Join Type": "Inner",
               "Startup Cost": 0.15,
               "Total Cost": 8.43,
               "Plan Rows": 1,
               "Plan Width": 0,
               "Actual Startup Time": 0.000,
               "Actual Total Time": 0.000,
               "Actual Rows": 0,
               "Actual Loops": 0,
               "Disabled": false,
               "Inner Unique": false,
               "Join Filter": "(pf_1.folder_id = t_2.id)",
               "Rows Removed by Join Filter": 0,
               "Shared Hit Blocks": 0,
               "Shared Read Blocks": 0,
               "Shared Dirtied Blocks": 0,
               "Shared Written Blocks": 0,
               "Local Hit Blocks": 0,
               "Local Read Blocks": 0,
               "Local Dirtied Blocks": 0,
               "Local Written Blocks": 0,
               "Temp Read Blocks": 0,
               "Temp Written Blocks": 0,
               "Plans": [
                 {
                   "Node Type": "Index Scan",
                   "Parent Relationship": "Outer",
                   "Parallel Aware": false,
                   "Async Capable": false,
                   "Scan Direction": "Forward",
                   "Index Name": "ix_profile_folder_account_id_profile_id",
                   "Relation Name": "profile_folder",
                   "Alias": "pf_1",
                   "Startup Cost": 0.15,
                   "Total Cost": 8.17,
                   "Plan Rows": 1,
                   "Plan Width": 8,
                   "Actual Startup Time": 0.000,
                   "Actual Total Time": 0.000,
                   "Actual Rows": 0,
                   "Actual Loops": 0,
                   "Disabled": false,
                   "Index Cond": "((account_id = s_5.account_id) AND (profile_id = s_5.profile_id))",
                   "Rows Removed by Index Recheck": 0,
                   "Index Searches": 0,
                   "Shared Hit Blocks": 0,
                   "Shared Read Blocks": 0,
                   "Shared Dirtied Blocks": 0,
                   "Shared Written Blocks": 0,
                   "Local Hit Blocks": 0,
                   "Local Read Blocks": 0,
                   "Local Dirtied Blocks": 0,
                   "Local Written Blocks": 0,
                   "Temp Read Blocks": 0,
                   "Temp Written Blocks": 0
                 },
                 {
                   "Node Type": "CTE Scan",
                   "Parent Relationship": "Inner",
                   "Parallel Aware": false,
                   "Async Capable": false,
                   "CTE Name": "ancestry",
                   "Alias": "t_2",
                   "Startup Cost": 0.00,
                   "Total Cost": 0.25,
                   "Plan Rows": 1,
                   "Plan Width": 8,
                   "Actual Startup Time": 0.000,
                   "Actual Total Time": 0.000,
                   "Actual Rows": 0,
                   "Actual Loops": 0,
                   "Disabled": false,
                   "Filter": "(record_id = r_5.id)",
                   "Rows Removed by Filter": 0,
                   "Storage": "Memory",
                   "Maximum Storage": 17,
                   "Shared Hit Blocks": 0,
                   "Shared Read Blocks": 0,
                   "Shared Dirtied Blocks": 0,
                   "Shared Written Blocks": 0,
                   "Local Hit Blocks": 0,
                   "Local Read Blocks": 0,
                   "Local Dirtied Blocks": 0,
                   "Local Written Blocks": 0,
                   "Temp Read Blocks": 0,
                   "Temp Written Blocks": 0
                 }
               ]
             },
             {
               "Node Type": "CTE Scan",
               "Parent Relationship": "SubPlan",
               "Subplan Name": "SubPlan 25",
               "Parallel Aware": false,
               "Async Capable": false,
               "CTE Name": "included",
               "Alias": "i",
               "Startup Cost": 0.00,
               "Total Cost": 0.02,
               "Plan Rows": 1,
               "Plan Width": 8,
               "Actual Startup Time": 0.000,
               "Actual Total Time": 0.000,
               "Actual Rows": 0,
               "Actual Loops": 0,
               "Disabled": false,
               "Storage": "Memory",
               "Maximum Storage": 17,
               "Shared Hit Blocks": 0,
               "Shared Read Blocks": 0,
               "Shared Dirtied Blocks": 0,
               "Shared Written Blocks": 0,
               "Local Hit Blocks": 0,
               "Local Read Blocks": 0,
               "Local Dirtied Blocks": 0,
               "Local Written Blocks": 0,
               "Temp Read Blocks": 0,
               "Temp Written Blocks": 0
             }
           ]
         },
         {
           "Node Type": "Hash Join",
           "Parent Relationship": "InitPlan",
           "Subplan Name": "CTE visible",
           "Parallel Aware": false,
           "Async Capable": false,
           "Join Type": "Right Anti",
           "Startup Cost": 0.28,
           "Total Cost": 0.54,
           "Plan Rows": 1,
           "Plan Width": 128,
           "Actual Startup Time": 0.024,
           "Actual Total Time": 0.025,
           "Actual Rows": 1.00,
           "Actual Loops": 1,
           "Disabled": false,
           "Inner Unique": false,
           "Hash Cond": "(t_4.record_id = r_6.id)",
           "Shared Hit Blocks": 2,
           "Shared Read Blocks": 0,
           "Shared Dirtied Blocks": 0,
           "Shared Written Blocks": 0,
           "Local Hit Blocks": 0,
           "Local Read Blocks": 0,
           "Local Dirtied Blocks": 0,
           "Local Written Blocks": 0,
           "Temp Read Blocks": 0,
           "Temp Written Blocks": 0,
           "Plans": [
             {
               "Node Type": "CTE Scan",
               "Parent Relationship": "Outer",
               "Parallel Aware": false,
               "Async Capable": false,
               "CTE Name": "ancestry",
               "Alias": "t_4",
               "Startup Cost": 0.00,
               "Total Cost": 0.22,
               "Plan Rows": 8,
               "Plan Width": 8,
               "Actual Startup Time": 0.000,
               "Actual Total Time": 0.000,
               "Actual Rows": 0.00,
               "Actual Loops": 1,
               "Disabled": false,
               "Filter": "(hidden OR cycle)",
               "Rows Removed by Filter": 0,
               "Storage": "Memory",
               "Maximum Storage": 17,
               "Shared Hit Blocks": 0,
               "Shared Read Blocks": 0,
               "Shared Dirtied Blocks": 0,
               "Shared Written Blocks": 0,
               "Local Hit Blocks": 0,
               "Local Read Blocks": 0,
               "Local Dirtied Blocks": 0,
               "Local Written Blocks": 0,
               "Temp Read Blocks": 0,
               "Temp Written Blocks": 0
             },
             {
               "Node Type": "Hash",
               "Parent Relationship": "Inner",
               "Parallel Aware": false,
               "Async Capable": false,
               "Startup Cost": 0.27,
               "Total Cost": 0.27,
               "Plan Rows": 1,
               "Plan Width": 128,
               "Actual Startup Time": 0.015,
               "Actual Total Time": 0.015,
               "Actual Rows": 1.00,
               "Actual Loops": 1,
               "Disabled": false,
               "Hash Buckets": 1024,
               "Original Hash Buckets": 1024,
               "Hash Batches": 1,
               "Original Hash Batches": 1,
               "Peak Memory Usage": 9,
               "Shared Hit Blocks": 2,
               "Shared Read Blocks": 0,
               "Shared Dirtied Blocks": 0,
               "Shared Written Blocks": 0,
               "Local Hit Blocks": 0,
               "Local Read Blocks": 0,
               "Local Dirtied Blocks": 0,
               "Local Written Blocks": 0,
               "Temp Read Blocks": 0,
               "Temp Written Blocks": 0,
               "Plans": [
                 {
                   "Node Type": "CTE Scan",
                   "Parent Relationship": "Outer",
                   "Parallel Aware": false,
                   "Async Capable": false,
                   "CTE Name": "scoped",
                   "Alias": "r_6",
                   "Startup Cost": 0.00,
                   "Total Cost": 0.27,
                   "Plan Rows": 1,
                   "Plan Width": 128,
                   "Actual Startup Time": 0.009,
                   "Actual Total Time": 0.010,
                   "Actual Rows": 1.00,
                   "Actual Loops": 1,
                   "Disabled": false,
                   "Filter": "((folder_id IS NULL) OR (ANY (id = (hashed SubPlan 28).col1)))",
                   "Rows Removed by Filter": 0,
                   "Storage": "Memory",
                   "Maximum Storage": 17,
                   "Shared Hit Blocks": 2,
                   "Shared Read Blocks": 0,
                   "Shared Dirtied Blocks": 0,
                   "Shared Written Blocks": 0,
                   "Local Hit Blocks": 0,
                   "Local Read Blocks": 0,
                   "Local Dirtied Blocks": 0,
                   "Local Written Blocks": 0,
                   "Temp Read Blocks": 0,
                   "Temp Written Blocks": 0,
                   "Plans": [
                     {
                       "Node Type": "CTE Scan",
                       "Parent Relationship": "SubPlan",
                       "Subplan Name": "SubPlan 28",
                       "Parallel Aware": false,
                       "Async Capable": false,
                       "CTE Name": "ancestry",
                       "Alias": "t_3",
                       "Startup Cost": 0.00,
                       "Total Cost": 0.22,
                       "Plan Rows": 1,
                       "Plan Width": 8,
                       "Actual Startup Time": 0.000,
                       "Actual Total Time": 0.000,
                       "Actual Rows": 0,
                       "Actual Loops": 0,
                       "Disabled": false,
                       "Filter": "(parent_folder_id IS NULL)",
                       "Rows Removed by Filter": 0,
                       "Storage": "Memory",
                       "Maximum Storage": 17,
                       "Shared Hit Blocks": 0,
                       "Shared Read Blocks": 0,
                       "Shared Dirtied Blocks": 0,
                       "Shared Written Blocks": 0,
                       "Local Hit Blocks": 0,
                       "Local Read Blocks": 0,
                       "Local Dirtied Blocks": 0,
                       "Local Written Blocks": 0,
                       "Temp Read Blocks": 0,
                       "Temp Written Blocks": 0
                     }
                   ]
                 }
               ]
             }
           ]
         },
         {
           "Node Type": "Result",
           "Parent Relationship": "InitPlan",
           "Subplan Name": "CTE boundary",
           "Parallel Aware": false,
           "Async Capable": false,
           "Startup Cost": 0.03,
           "Total Cost": 0.04,
           "Plan Rows": 1,
           "Plan Width": 8,
           "Actual Startup Time": 0.003,
           "Actual Total Time": 0.003,
           "Actual Rows": 1.00,
           "Actual Loops": 1,
           "Disabled": false,
           "Shared Hit Blocks": 0,
           "Shared Read Blocks": 0,
           "Shared Dirtied Blocks": 0,
           "Shared Written Blocks": 0,
           "Local Hit Blocks": 0,
           "Local Read Blocks": 0,
           "Local Dirtied Blocks": 0,
           "Local Written Blocks": 0,
           "Temp Read Blocks": 0,
           "Temp Written Blocks": 0,
           "Plans": [
             {
               "Node Type": "Aggregate",
               "Strategy": "Plain",
               "Partial Mode": "Simple",
               "Parent Relationship": "InitPlan",
               "Subplan Name": "InitPlan 30",
               "Parallel Aware": false,
               "Async Capable": false,
               "Startup Cost": 0.02,
               "Total Cost": 0.03,
               "Plan Rows": 1,
               "Plan Width": 8,
               "Actual Startup Time": 0.002,
               "Actual Total Time": 0.002,
               "Actual Rows": 1.00,
               "Actual Loops": 1,
               "Disabled": false,
               "Shared Hit Blocks": 0,
               "Shared Read Blocks": 0,
               "Shared Dirtied Blocks": 0,
               "Shared Written Blocks": 0,
               "Local Hit Blocks": 0,
               "Local Read Blocks": 0,
               "Local Dirtied Blocks": 0,
               "Local Written Blocks": 0,
               "Temp Read Blocks": 0,
               "Temp Written Blocks": 0,
               "Plans": [
                 {
                   "Node Type": "CTE Scan",
                   "Parent Relationship": "Outer",
                   "Parallel Aware": false,
                   "Async Capable": false,
                   "CTE Name": "visible",
                   "Alias": "r_7",
                   "Startup Cost": 0.00,
                   "Total Cost": 0.02,
                   "Plan Rows": 1,
                   "Plan Width": 8,
                   "Actual Startup Time": 0.000,
                   "Actual Total Time": 0.000,
                   "Actual Rows": 1.00,
                   "Actual Loops": 1,
                   "Disabled": false,
                   "Storage": "Memory",
                   "Maximum Storage": 17,
                   "Shared Hit Blocks": 0,
                   "Shared Read Blocks": 0,
                   "Shared Dirtied Blocks": 0,
                   "Shared Written Blocks": 0,
                   "Local Hit Blocks": 0,
                   "Local Read Blocks": 0,
                   "Local Dirtied Blocks": 0,
                   "Local Written Blocks": 0,
                   "Temp Read Blocks": 0,
                   "Temp Written Blocks": 0
                 }
               ]
             }
           ]
         },
         {
           "Node Type": "Sort",
           "Parent Relationship": "InitPlan",
           "Subplan Name": "CTE page",
           "Parallel Aware": false,
           "Async Capable": false,
           "Startup Cost": 0.07,
           "Total Cost": 0.07,
           "Plan Rows": 1,
           "Plan Width": 128,
           "Actual Startup Time": 0.011,
           "Actual Total Time": 0.011,
           "Actual Rows": 1.00,
           "Actual Loops": 1,
           "Disabled": false,
           "Sort Key": ["r_8.server_sequence"],
           "Sort Method": "quicksort",
           "Sort Space Used": 25,
           "Sort Space Type": "Memory",
           "Shared Hit Blocks": 0,
           "Shared Read Blocks": 0,
           "Shared Dirtied Blocks": 0,
           "Shared Written Blocks": 0,
           "Local Hit Blocks": 0,
           "Local Read Blocks": 0,
           "Local Dirtied Blocks": 0,
           "Local Written Blocks": 0,
           "Temp Read Blocks": 0,
           "Temp Written Blocks": 0,
           "Plans": [
             {
               "Node Type": "Nested Loop",
               "Parent Relationship": "Outer",
               "Parallel Aware": false,
               "Async Capable": false,
               "Join Type": "Inner",
               "Startup Cost": 0.00,
               "Total Cost": 0.05,
               "Plan Rows": 1,
               "Plan Width": 128,
               "Actual Startup Time": 0.002,
               "Actual Total Time": 0.003,
               "Actual Rows": 1.00,
               "Actual Loops": 1,
               "Disabled": false,
               "Inner Unique": false,
               "Join Filter": "(r_8.server_sequence <= b.value)",
               "Rows Removed by Join Filter": 0,
               "Shared Hit Blocks": 0,
               "Shared Read Blocks": 0,
               "Shared Dirtied Blocks": 0,
               "Shared Written Blocks": 0,
               "Local Hit Blocks": 0,
               "Local Read Blocks": 0,
               "Local Dirtied Blocks": 0,
               "Local Written Blocks": 0,
               "Temp Read Blocks": 0,
               "Temp Written Blocks": 0,
               "Plans": [
                 {
                   "Node Type": "CTE Scan",
                   "Parent Relationship": "Outer",
                   "Parallel Aware": false,
                   "Async Capable": false,
                   "CTE Name": "visible",
                   "Alias": "r_8",
                   "Startup Cost": 0.00,
                   "Total Cost": 0.02,
                   "Plan Rows": 1,
                   "Plan Width": 128,
                   "Actual Startup Time": 0.000,
                   "Actual Total Time": 0.001,
                   "Actual Rows": 1.00,
                   "Actual Loops": 1,
                   "Disabled": false,
                   "Filter": "(server_sequence > '0'::bigint)",
                   "Rows Removed by Filter": 0,
                   "Storage": "Memory",
                   "Maximum Storage": 17,
                   "Shared Hit Blocks": 0,
                   "Shared Read Blocks": 0,
                   "Shared Dirtied Blocks": 0,
                   "Shared Written Blocks": 0,
                   "Local Hit Blocks": 0,
                   "Local Read Blocks": 0,
                   "Local Dirtied Blocks": 0,
                   "Local Written Blocks": 0,
                   "Temp Read Blocks": 0,
                   "Temp Written Blocks": 0
                 },
                 {
                   "Node Type": "CTE Scan",
                   "Parent Relationship": "Inner",
                   "Parallel Aware": false,
                   "Async Capable": false,
                   "CTE Name": "boundary",
                   "Alias": "b",
                   "Startup Cost": 0.00,
                   "Total Cost": 0.02,
                   "Plan Rows": 1,
                   "Plan Width": 8,
                   "Actual Startup Time": 0.001,
                   "Actual Total Time": 0.001,
                   "Actual Rows": 1.00,
                   "Actual Loops": 1,
                   "Disabled": false,
                   "Storage": "Memory",
                   "Maximum Storage": 17,
                   "Shared Hit Blocks": 0,
                   "Shared Read Blocks": 0,
                   "Shared Dirtied Blocks": 0,
                   "Shared Written Blocks": 0,
                   "Local Hit Blocks": 0,
                   "Local Read Blocks": 0,
                   "Local Dirtied Blocks": 0,
                   "Local Written Blocks": 0,
                   "Temp Read Blocks": 0,
                   "Temp Written Blocks": 0
                 }
               ]
             }
           ]
         },
         {
           "Node Type": "Nested Loop",
           "Parent Relationship": "InitPlan",
           "Subplan Name": "InitPlan 33",
           "Parallel Aware": false,
           "Async Capable": false,
           "Join Type": "Anti",
           "Startup Cost": 0.15,
           "Total Cost": 8.20,
           "Plan Rows": 1,
           "Plan Width": 0,
           "Actual Startup Time": 0.023,
           "Actual Total Time": 0.023,
           "Actual Rows": 1.00,
           "Actual Loops": 1,
           "Disabled": false,
           "Inner Unique": false,
           "Shared Hit Blocks": 4,
           "Shared Read Blocks": 0,
           "Shared Dirtied Blocks": 0,
           "Shared Written Blocks": 0,
           "Local Hit Blocks": 0,
           "Local Read Blocks": 0,
           "Local Dirtied Blocks": 0,
           "Local Written Blocks": 0,
           "Temp Read Blocks": 0,
           "Temp Written Blocks": 0,
           "Plans": [
             {
               "Node Type": "CTE Scan",
               "Parent Relationship": "Outer",
               "Parallel Aware": false,
               "Async Capable": false,
               "CTE Name": "actor",
               "Alias": "a_2",
               "Startup Cost": 0.00,
               "Total Cost": 0.02,
               "Plan Rows": 1,
               "Plan Width": 16,
               "Actual Startup Time": 0.016,
               "Actual Total Time": 0.016,
               "Actual Rows": 1.00,
               "Actual Loops": 1,
               "Disabled": false,
               "Filter": "(state = 0)",
               "Rows Removed by Filter": 0,
               "Storage": "Memory",
               "Maximum Storage": 17,
               "Shared Hit Blocks": 2,
               "Shared Read Blocks": 0,
               "Shared Dirtied Blocks": 0,
               "Shared Written Blocks": 0,
               "Local Hit Blocks": 0,
               "Local Read Blocks": 0,
               "Local Dirtied Blocks": 0,
               "Local Written Blocks": 0,
               "Temp Read Blocks": 0,
               "Temp Written Blocks": 0
             },
             {
               "Node Type": "Index Only Scan",
               "Parent Relationship": "Inner",
               "Parallel Aware": false,
               "Async Capable": false,
               "Scan Direction": "Forward",
               "Index Name": "ix_terminal_erasure_resource_id",
               "Relation Name": "terminal_erasure",
               "Alias": "e_9",
               "Startup Cost": 0.15,
               "Total Cost": 8.17,
               "Plan Rows": 1,
               "Plan Width": 16,
               "Actual Startup Time": 0.005,
               "Actual Total Time": 0.005,
               "Actual Rows": 0.00,
               "Actual Loops": 1,
               "Disabled": false,
               "Index Cond": "(resource_id = a_2.public_id)",
               "Rows Removed by Index Recheck": 0,
               "Heap Fetches": 0,
               "Index Searches": 1,
               "Shared Hit Blocks": 2,
               "Shared Read Blocks": 0,
               "Shared Dirtied Blocks": 0,
               "Shared Written Blocks": 0,
               "Local Hit Blocks": 0,
               "Local Read Blocks": 0,
               "Local Dirtied Blocks": 0,
               "Local Written Blocks": 0,
               "Temp Read Blocks": 0,
               "Temp Written Blocks": 0
             }
           ]
         },
         {
           "Node Type": "CTE Scan",
           "Parent Relationship": "InitPlan",
           "Subplan Name": "InitPlan 34",
           "Parallel Aware": false,
           "Async Capable": false,
           "CTE Name": "session",
           "Alias": "session",
           "Startup Cost": 0.00,
           "Total Cost": 0.02,
           "Plan Rows": 1,
           "Plan Width": 0,
           "Actual Startup Time": 0.064,
           "Actual Total Time": 0.064,
           "Actual Rows": 1.00,
           "Actual Loops": 1,
           "Disabled": false,
           "Storage": "Memory",
           "Maximum Storage": 17,
           "Shared Hit Blocks": 11,
           "Shared Read Blocks": 0,
           "Shared Dirtied Blocks": 0,
           "Shared Written Blocks": 0,
           "Local Hit Blocks": 0,
           "Local Read Blocks": 0,
           "Local Dirtied Blocks": 0,
           "Local Written Blocks": 0,
           "Temp Read Blocks": 0,
           "Temp Written Blocks": 0
         },
         {
           "Node Type": "Hash Join",
           "Parent Relationship": "InitPlan",
           "Subplan Name": "InitPlan 35",
           "Parallel Aware": false,
           "Async Capable": false,
           "Join Type": "Right Anti",
           "Startup Cost": 0.30,
           "Total Cost": 0.55,
           "Plan Rows": 1,
           "Plan Width": 0,
           "Actual Startup Time": 0.188,
           "Actual Total Time": 0.188,
           "Actual Rows": 0.00,
           "Actual Loops": 1,
           "Disabled": false,
           "Inner Unique": false,
           "Hash Cond": "(hidden.record_id = r_9.id)",
           "Shared Hit Blocks": 29,
           "Shared Read Blocks": 0,
           "Shared Dirtied Blocks": 0,
           "Shared Written Blocks": 0,
           "Local Hit Blocks": 0,
           "Local Read Blocks": 0,
           "Local Dirtied Blocks": 0,
           "Local Written Blocks": 0,
           "Temp Read Blocks": 0,
           "Temp Written Blocks": 0,
           "Plans": [
             {
               "Node Type": "CTE Scan",
               "Parent Relationship": "Outer",
               "Parallel Aware": false,
               "Async Capable": false,
               "CTE Name": "ancestry",
               "Alias": "hidden",
               "Startup Cost": 0.00,
               "Total Cost": 0.22,
               "Plan Rows": 6,
               "Plan Width": 8,
               "Actual Startup Time": 0.000,
               "Actual Total Time": 0.000,
               "Actual Rows": 0,
               "Actual Loops": 0,
               "Disabled": false,
               "Filter": "hidden",
               "Rows Removed by Filter": 0,
               "Storage": "Memory",
               "Maximum Storage": 17,
               "Shared Hit Blocks": 0,
               "Shared Read Blocks": 0,
               "Shared Dirtied Blocks": 0,
               "Shared Written Blocks": 0,
               "Local Hit Blocks": 0,
               "Local Read Blocks": 0,
               "Local Dirtied Blocks": 0,
               "Local Written Blocks": 0,
               "Temp Read Blocks": 0,
               "Temp Written Blocks": 0
             },
             {
               "Node Type": "Hash",
               "Parent Relationship": "Inner",
               "Parallel Aware": false,
               "Async Capable": false,
               "Startup Cost": 0.29,
               "Total Cost": 0.29,
               "Plan Rows": 1,
               "Plan Width": 8,
               "Actual Startup Time": 0.180,
               "Actual Total Time": 0.181,
               "Actual Rows": 0.00,
               "Actual Loops": 1,
               "Disabled": false,
               "Hash Buckets": 1024,
               "Original Hash Buckets": 1024,
               "Hash Batches": 1,
               "Original Hash Batches": 1,
               "Peak Memory Usage": 8,
               "Shared Hit Blocks": 29,
               "Shared Read Blocks": 0,
               "Shared Dirtied Blocks": 0,
               "Shared Written Blocks": 0,
               "Local Hit Blocks": 0,
               "Local Read Blocks": 0,
               "Local Dirtied Blocks": 0,
               "Local Written Blocks": 0,
               "Temp Read Blocks": 0,
               "Temp Written Blocks": 0,
               "Plans": [
                 {
                   "Node Type": "Hash Join",
                   "Parent Relationship": "Outer",
                   "Parallel Aware": false,
                   "Async Capable": false,
                   "Join Type": "Inner",
                   "Startup Cost": 0.03,
                   "Total Cost": 0.29,
                   "Plan Rows": 1,
                   "Plan Width": 8,
                   "Actual Startup Time": 0.180,
                   "Actual Total Time": 0.180,
                   "Actual Rows": 0.00,
                   "Actual Loops": 1,
                   "Disabled": false,
                   "Inner Unique": false,
                   "Hash Cond": "(t_5.record_id = r_9.id)",
                   "Shared Hit Blocks": 29,
                   "Shared Read Blocks": 0,
                   "Shared Dirtied Blocks": 0,
                   "Shared Written Blocks": 0,
                   "Local Hit Blocks": 0,
                   "Local Read Blocks": 0,
                   "Local Dirtied Blocks": 0,
                   "Local Written Blocks": 0,
                   "Temp Read Blocks": 0,
                   "Temp Written Blocks": 0,
                   "Plans": [
                     {
                       "Node Type": "CTE Scan",
                       "Parent Relationship": "Outer",
                       "Parallel Aware": false,
                       "Async Capable": false,
                       "CTE Name": "ancestry",
                       "Alias": "t_5",
                       "Startup Cost": 0.00,
                       "Total Cost": 0.22,
                       "Plan Rows": 6,
                       "Plan Width": 8,
                       "Actual Startup Time": 0.180,
                       "Actual Total Time": 0.180,
                       "Actual Rows": 0.00,
                       "Actual Loops": 1,
                       "Disabled": false,
                       "Filter": "cycle",
                       "Rows Removed by Filter": 0,
                       "Storage": "Memory",
                       "Maximum Storage": 17,
                       "Shared Hit Blocks": 29,
                       "Shared Read Blocks": 0,
                       "Shared Dirtied Blocks": 0,
                       "Shared Written Blocks": 0,
                       "Local Hit Blocks": 0,
                       "Local Read Blocks": 0,
                       "Local Dirtied Blocks": 0,
                       "Local Written Blocks": 0,
                       "Temp Read Blocks": 0,
                       "Temp Written Blocks": 0
                     },
                     {
                       "Node Type": "Hash",
                       "Parent Relationship": "Inner",
                       "Parallel Aware": false,
                       "Async Capable": false,
                       "Startup Cost": 0.02,
                       "Total Cost": 0.02,
                       "Plan Rows": 1,
                       "Plan Width": 8,
                       "Actual Startup Time": 0.000,
                       "Actual Total Time": 0.000,
                       "Actual Rows": 0,
                       "Actual Loops": 0,
                       "Disabled": false,
                       "Shared Hit Blocks": 0,
                       "Shared Read Blocks": 0,
                       "Shared Dirtied Blocks": 0,
                       "Shared Written Blocks": 0,
                       "Local Hit Blocks": 0,
                       "Local Read Blocks": 0,
                       "Local Dirtied Blocks": 0,
                       "Local Written Blocks": 0,
                       "Temp Read Blocks": 0,
                       "Temp Written Blocks": 0,
                       "Plans": [
                         {
                           "Node Type": "CTE Scan",
                           "Parent Relationship": "Outer",
                           "Parallel Aware": false,
                           "Async Capable": false,
                           "CTE Name": "scoped",
                           "Alias": "r_9",
                           "Startup Cost": 0.00,
                           "Total Cost": 0.02,
                           "Plan Rows": 1,
                           "Plan Width": 8,
                           "Actual Startup Time": 0.000,
                           "Actual Total Time": 0.000,
                           "Actual Rows": 0,
                           "Actual Loops": 0,
                           "Disabled": false,
                           "Storage": "Memory",
                           "Maximum Storage": 17,
                           "Shared Hit Blocks": 0,
                           "Shared Read Blocks": 0,
                           "Shared Dirtied Blocks": 0,
                           "Shared Written Blocks": 0,
                           "Local Hit Blocks": 0,
                           "Local Read Blocks": 0,
                           "Local Dirtied Blocks": 0,
                           "Local Written Blocks": 0,
                           "Temp Read Blocks": 0,
                           "Temp Written Blocks": 0
                         }
                       ]
                     }
                   ]
                 }
               ]
             }
           ]
         },
         {
           "Node Type": "Aggregate",
           "Strategy": "Hashed",
           "Partial Mode": "Simple",
           "Parent Relationship": "InitPlan",
           "Subplan Name": "InitPlan 36",
           "Parallel Aware": false,
           "Async Capable": false,
           "Startup Cost": 0.02,
           "Total Cost": 0.04,
           "Plan Rows": 1,
           "Plan Width": 8,
           "Actual Startup Time": 0.030,
           "Actual Total Time": 0.030,
           "Actual Rows": 0.00,
           "Actual Loops": 1,
           "Disabled": false,
           "Group Key": ["r_10.server_sequence"],
           "Filter": "((r_10.server_sequence <= 0) OR (r_10.server_sequence > '9007199254740991'::bigint) OR (count(*) > 1))",
           "Planned Partitions": 0,
           "HashAgg Batches": 1,
           "Peak Memory Usage": 32,
           "Disk Usage": 0,
           "Rows Removed by Filter": 1,
           "Shared Hit Blocks": 2,
           "Shared Read Blocks": 0,
           "Shared Dirtied Blocks": 0,
           "Shared Written Blocks": 0,
           "Local Hit Blocks": 0,
           "Local Read Blocks": 0,
           "Local Dirtied Blocks": 0,
           "Local Written Blocks": 0,
           "Temp Read Blocks": 0,
           "Temp Written Blocks": 0,
           "Plans": [
             {
               "Node Type": "CTE Scan",
               "Parent Relationship": "Outer",
               "Parallel Aware": false,
               "Async Capable": false,
               "CTE Name": "visible",
               "Alias": "r_10",
               "Startup Cost": 0.00,
               "Total Cost": 0.02,
               "Plan Rows": 1,
               "Plan Width": 8,
               "Actual Startup Time": 0.025,
               "Actual Total Time": 0.025,
               "Actual Rows": 1.00,
               "Actual Loops": 1,
               "Disabled": false,
               "Storage": "Memory",
               "Maximum Storage": 17,
               "Shared Hit Blocks": 2,
               "Shared Read Blocks": 0,
               "Shared Dirtied Blocks": 0,
               "Shared Written Blocks": 0,
               "Local Hit Blocks": 0,
               "Local Read Blocks": 0,
               "Local Dirtied Blocks": 0,
               "Local Written Blocks": 0,
               "Temp Read Blocks": 0,
               "Temp Written Blocks": 0
             }
           ]
         },
         {
           "Node Type": "CTE Scan",
           "Parent Relationship": "InitPlan",
           "Subplan Name": "InitPlan 37",
           "Parallel Aware": false,
           "Async Capable": false,
           "CTE Name": "boundary",
           "Alias": "boundary",
           "Startup Cost": 0.00,
           "Total Cost": 0.02,
           "Plan Rows": 1,
           "Plan Width": 8,
           "Actual Startup Time": 0.003,
           "Actual Total Time": 0.003,
           "Actual Rows": 1.00,
           "Actual Loops": 1,
           "Disabled": false,
           "Storage": "Memory",
           "Maximum Storage": 17,
           "Shared Hit Blocks": 0,
           "Shared Read Blocks": 0,
           "Shared Dirtied Blocks": 0,
           "Shared Written Blocks": 0,
           "Local Hit Blocks": 0,
           "Local Read Blocks": 0,
           "Local Dirtied Blocks": 0,
           "Local Written Blocks": 0,
           "Temp Read Blocks": 0,
           "Temp Written Blocks": 0
         },
         {
           "Node Type": "Limit",
           "Parent Relationship": "InitPlan",
           "Subplan Name": "InitPlan 38",
           "Parallel Aware": false,
           "Async Capable": false,
           "Startup Cost": 0.02,
           "Total Cost": 0.02,
           "Plan Rows": 1,
           "Plan Width": 0,
           "Actual Startup Time": 0.012,
           "Actual Total Time": 0.013,
           "Actual Rows": 0.00,
           "Actual Loops": 1,
           "Disabled": false,
           "Shared Hit Blocks": 0,
           "Shared Read Blocks": 0,
           "Shared Dirtied Blocks": 0,
           "Shared Written Blocks": 0,
           "Local Hit Blocks": 0,
           "Local Read Blocks": 0,
           "Local Dirtied Blocks": 0,
           "Local Written Blocks": 0,
           "Temp Read Blocks": 0,
           "Temp Written Blocks": 0,
           "Plans": [
             {
               "Node Type": "CTE Scan",
               "Parent Relationship": "Outer",
               "Parallel Aware": false,
               "Async Capable": false,
               "CTE Name": "page",
               "Alias": "page",
               "Startup Cost": 0.00,
               "Total Cost": 0.02,
               "Plan Rows": 1,
               "Plan Width": 0,
               "Actual Startup Time": 0.011,
               "Actual Total Time": 0.012,
               "Actual Rows": 1.00,
               "Actual Loops": 1,
               "Disabled": false,
               "Storage": "Memory",
               "Maximum Storage": 17,
               "Shared Hit Blocks": 0,
               "Shared Read Blocks": 0,
               "Shared Dirtied Blocks": 0,
               "Shared Written Blocks": 0,
               "Local Hit Blocks": 0,
               "Local Read Blocks": 0,
               "Local Dirtied Blocks": 0,
               "Local Written Blocks": 0,
               "Temp Read Blocks": 0,
               "Temp Written Blocks": 0
             }
           ]
         },
         {
           "Node Type": "Aggregate",
           "Strategy": "Plain",
           "Partial Mode": "Simple",
           "Parent Relationship": "InitPlan",
           "Subplan Name": "InitPlan 39",
           "Parallel Aware": false,
           "Async Capable": false,
           "Startup Cost": 0.06,
           "Total Cost": 0.07,
           "Plan Rows": 1,
           "Plan Width": 32,
           "Actual Startup Time": 0.030,
           "Actual Total Time": 0.031,
           "Actual Rows": 1.00,
           "Actual Loops": 1,
           "Disabled": false,
           "Shared Hit Blocks": 0,
           "Shared Read Blocks": 0,
           "Shared Dirtied Blocks": 0,
           "Shared Written Blocks": 0,
           "Local Hit Blocks": 0,
           "Local Read Blocks": 0,
           "Local Dirtied Blocks": 0,
           "Local Written Blocks": 0,
           "Temp Read Blocks": 0,
           "Temp Written Blocks": 0,
           "Plans": [
             {
               "Node Type": "Sort",
               "Parent Relationship": "Outer",
               "Parallel Aware": false,
               "Async Capable": false,
               "Startup Cost": 0.04,
               "Total Cost": 0.05,
               "Plan Rows": 1,
               "Plan Width": 72,
               "Actual Startup Time": 0.007,
               "Actual Total Time": 0.008,
               "Actual Rows": 1.00,
               "Actual Loops": 1,
               "Disabled": false,
               "Sort Key": ["p_1.server_sequence"],
               "Sort Method": "quicksort",
               "Sort Space Used": 25,
               "Sort Space Type": "Memory",
               "Shared Hit Blocks": 0,
               "Shared Read Blocks": 0,
               "Shared Dirtied Blocks": 0,
               "Shared Written Blocks": 0,
               "Local Hit Blocks": 0,
               "Local Read Blocks": 0,
               "Local Dirtied Blocks": 0,
               "Local Written Blocks": 0,
               "Temp Read Blocks": 0,
               "Temp Written Blocks": 0,
               "Plans": [
                 {
                   "Node Type": "Subquery Scan",
                   "Parent Relationship": "Outer",
                   "Parallel Aware": false,
                   "Async Capable": false,
                   "Alias": "p_1",
                   "Startup Cost": 0.00,
                   "Total Cost": 0.03,
                   "Plan Rows": 1,
                   "Plan Width": 72,
                   "Actual Startup Time": 0.001,
                   "Actual Total Time": 0.002,
                   "Actual Rows": 1.00,
                   "Actual Loops": 1,
                   "Disabled": false,
                   "Shared Hit Blocks": 0,
                   "Shared Read Blocks": 0,
                   "Shared Dirtied Blocks": 0,
                   "Shared Written Blocks": 0,
                   "Local Hit Blocks": 0,
                   "Local Read Blocks": 0,
                   "Local Dirtied Blocks": 0,
                   "Local Written Blocks": 0,
                   "Temp Read Blocks": 0,
                   "Temp Written Blocks": 0,
                   "Plans": [
                     {
                       "Node Type": "Limit",
                       "Parent Relationship": "Subquery",
                       "Parallel Aware": false,
                       "Async Capable": false,
                       "Startup Cost": 0.00,
                       "Total Cost": 0.02,
                       "Plan Rows": 1,
                       "Plan Width": 128,
                       "Actual Startup Time": 0.001,
                       "Actual Total Time": 0.001,
                       "Actual Rows": 1.00,
                       "Actual Loops": 1,
                       "Disabled": false,
                       "Shared Hit Blocks": 0,
                       "Shared Read Blocks": 0,
                       "Shared Dirtied Blocks": 0,
                       "Shared Written Blocks": 0,
                       "Local Hit Blocks": 0,
                       "Local Read Blocks": 0,
                       "Local Dirtied Blocks": 0,
                       "Local Written Blocks": 0,
                       "Temp Read Blocks": 0,
                       "Temp Written Blocks": 0,
                       "Plans": [
                         {
                           "Node Type": "CTE Scan",
                           "Parent Relationship": "Outer",
                           "Parallel Aware": false,
                           "Async Capable": false,
                           "CTE Name": "page",
                           "Alias": "page_1",
                           "Startup Cost": 0.00,
                           "Total Cost": 0.02,
                           "Plan Rows": 1,
                           "Plan Width": 128,
                           "Actual Startup Time": 0.001,
                           "Actual Total Time": 0.001,
                           "Actual Rows": 1.00,
                           "Actual Loops": 1,
                           "Disabled": false,
                           "Storage": "Memory",
                           "Maximum Storage": 17,
                           "Shared Hit Blocks": 0,
                           "Shared Read Blocks": 0,
                           "Shared Dirtied Blocks": 0,
                           "Shared Written Blocks": 0,
                           "Local Hit Blocks": 0,
                           "Local Read Blocks": 0,
                           "Local Dirtied Blocks": 0,
                           "Local Written Blocks": 0,
                           "Temp Read Blocks": 0,
                           "Temp Written Blocks": 0
                         }
                       ]
                     }
                   ]
                 }
               ]
             }
           ]
         },
         {
           "Node Type": "Aggregate",
           "Strategy": "Plain",
           "Partial Mode": "Simple",
           "Parent Relationship": "InitPlan",
           "Subplan Name": "InitPlan 40",
           "Parallel Aware": false,
           "Async Capable": false,
           "Startup Cost": 17.32,
           "Total Cost": 17.33,
           "Plan Rows": 1,
           "Plan Width": 32,
           "Actual Startup Time": 0.009,
           "Actual Total Time": 0.010,
           "Actual Rows": 1.00,
           "Actual Loops": 1,
           "Disabled": false,
           "Shared Hit Blocks": 2,
           "Shared Read Blocks": 0,
           "Shared Dirtied Blocks": 0,
           "Shared Written Blocks": 0,
           "Local Hit Blocks": 0,
           "Local Read Blocks": 0,
           "Local Dirtied Blocks": 0,
           "Local Written Blocks": 0,
           "Temp Read Blocks": 0,
           "Temp Written Blocks": 0,
           "Plans": [
             {
               "Node Type": "Nested Loop",
               "Parent Relationship": "Outer",
               "Parallel Aware": false,
               "Async Capable": false,
               "Join Type": "Left",
               "Startup Cost": 0.83,
               "Total Cost": 17.29,
               "Plan Rows": 2,
               "Plan Width": 256,
               "Actual Startup Time": 0.009,
               "Actual Total Time": 0.010,
               "Actual Rows": 0.00,
               "Actual Loops": 1,
               "Disabled": false,
               "Inner Unique": true,
               "Shared Hit Blocks": 2,
               "Shared Read Blocks": 0,
               "Shared Dirtied Blocks": 0,
               "Shared Written Blocks": 0,
               "Local Hit Blocks": 0,
               "Local Read Blocks": 0,
               "Local Dirtied Blocks": 0,
               "Local Written Blocks": 0,
               "Temp Read Blocks": 0,
               "Temp Written Blocks": 0,
               "Plans": [
                 {
                   "Node Type": "Nested Loop",
                   "Parent Relationship": "Outer",
                   "Parallel Aware": false,
                   "Async Capable": false,
                   "Join Type": "Inner",
                   "Startup Cost": 0.68,
                   "Total Cost": 17.01,
                   "Plan Rows": 1,
                   "Plan Width": 208,
                   "Actual Startup Time": 0.009,
                   "Actual Total Time": 0.010,
                   "Actual Rows": 0.00,
                   "Actual Loops": 1,
                   "Disabled": false,
                   "Inner Unique": true,
                   "Shared Hit Blocks": 2,
                   "Shared Read Blocks": 0,
                   "Shared Dirtied Blocks": 0,
                   "Shared Written Blocks": 0,
                   "Local Hit Blocks": 0,
                   "Local Read Blocks": 0,
                   "Local Dirtied Blocks": 0,
                   "Local Written Blocks": 0,
                   "Temp Read Blocks": 0,
                   "Temp Written Blocks": 0,
                   "Plans": [
                     {
                       "Node Type": "Nested Loop",
                       "Parent Relationship": "Outer",
                       "Parallel Aware": false,
                       "Async Capable": false,
                       "Join Type": "Inner",
                       "Startup Cost": 0.54,
                       "Total Cost": 16.76,
                       "Plan Rows": 1,
                       "Plan Width": 192,
                       "Actual Startup Time": 0.009,
                       "Actual Total Time": 0.009,
                       "Actual Rows": 0.00,
                       "Actual Loops": 1,
                       "Disabled": false,
                       "Inner Unique": true,
                       "Shared Hit Blocks": 2,
                       "Shared Read Blocks": 0,
                       "Shared Dirtied Blocks": 0,
                       "Shared Written Blocks": 0,
                       "Local Hit Blocks": 0,
                       "Local Read Blocks": 0,
                       "Local Dirtied Blocks": 0,
                       "Local Written Blocks": 0,
                       "Temp Read Blocks": 0,
                       "Temp Written Blocks": 0,
                       "Plans": [
                         {
                           "Node Type": "Nested Loop",
                           "Parent Relationship": "Outer",
                           "Parallel Aware": false,
                           "Async Capable": false,
                           "Join Type": "Inner",
                           "Startup Cost": 0.39,
                           "Total Cost": 16.51,
                           "Plan Rows": 1,
                           "Plan Width": 136,
                           "Actual Startup Time": 0.009,
                           "Actual Total Time": 0.009,
                           "Actual Rows": 0.00,
                           "Actual Loops": 1,
                           "Disabled": false,
                           "Inner Unique": true,
                           "Shared Hit Blocks": 2,
                           "Shared Read Blocks": 0,
                           "Shared Dirtied Blocks": 0,
                           "Shared Written Blocks": 0,
                           "Local Hit Blocks": 0,
                           "Local Read Blocks": 0,
                           "Local Dirtied Blocks": 0,
                           "Local Written Blocks": 0,
                           "Temp Read Blocks": 0,
                           "Temp Written Blocks": 0,
                           "Plans": [
                             {
                               "Node Type": "Nested Loop",
                               "Parent Relationship": "Outer",
                               "Parallel Aware": false,
                               "Async Capable": false,
                               "Join Type": "Inner",
                               "Startup Cost": 0.24,
                               "Total Cost": 8.31,
                               "Plan Rows": 1,
                               "Plan Width": 80,
                               "Actual Startup Time": 0.008,
                               "Actual Total Time": 0.009,
                               "Actual Rows": 0.00,
                               "Actual Loops": 1,
                               "Disabled": false,
                               "Inner Unique": false,
                               "Shared Hit Blocks": 2,
                               "Shared Read Blocks": 0,
                               "Shared Dirtied Blocks": 0,
                               "Shared Written Blocks": 0,
                               "Local Hit Blocks": 0,
                               "Local Read Blocks": 0,
                               "Local Dirtied Blocks": 0,
                               "Local Written Blocks": 0,
                               "Temp Read Blocks": 0,
                               "Temp Written Blocks": 0,
                               "Plans": [
                                 {
                                   "Node Type": "Nested Loop",
                                   "Parent Relationship": "Outer",
                                   "Parallel Aware": false,
                                   "Async Capable": false,
                                   "Join Type": "Left",
                                   "Startup Cost": 0.15,
                                   "Total Cost": 8.21,
                                   "Plan Rows": 1,
                                   "Plan Width": 72,
                                   "Actual Startup Time": 0.007,
                                   "Actual Total Time": 0.007,
                                   "Actual Rows": 1.00,
                                   "Actual Loops": 1,
                                   "Disabled": false,
                                   "Inner Unique": true,
                                   "Shared Hit Blocks": 2,
                                   "Shared Read Blocks": 0,
                                   "Shared Dirtied Blocks": 0,
                                   "Shared Written Blocks": 0,
                                   "Local Hit Blocks": 0,
                                   "Local Read Blocks": 0,
                                   "Local Dirtied Blocks": 0,
                                   "Local Written Blocks": 0,
                                   "Temp Read Blocks": 0,
                                   "Temp Written Blocks": 0,
                                   "Plans": [
                                     {
                                       "Node Type": "CTE Scan",
                                       "Parent Relationship": "Outer",
                                       "Parallel Aware": false,
                                       "Async Capable": false,
                                       "CTE Name": "actor",
                                       "Alias": "a_3",
                                       "Startup Cost": 0.00,
                                       "Total Cost": 0.02,
                                       "Plan Rows": 1,
                                       "Plan Width": 24,
                                       "Actual Startup Time": 0.000,
                                       "Actual Total Time": 0.000,
                                       "Actual Rows": 1.00,
                                       "Actual Loops": 1,
                                       "Disabled": false,
                                       "Storage": "Memory",
                                       "Maximum Storage": 17,
                                       "Shared Hit Blocks": 0,
                                       "Shared Read Blocks": 0,
                                       "Shared Dirtied Blocks": 0,
                                       "Shared Written Blocks": 0,
                                       "Local Hit Blocks": 0,
                                       "Local Read Blocks": 0,
                                       "Local Dirtied Blocks": 0,
                                       "Local Written Blocks": 0,
                                       "Temp Read Blocks": 0,
                                       "Temp Written Blocks": 0
                                     },
                                     {
                                       "Node Type": "Index Scan",
                                       "Parent Relationship": "Inner",
                                       "Parallel Aware": false,
                                       "Async Capable": false,
                                       "Scan Direction": "Forward",
                                       "Index Name": "ix_vault_protection_account_id",
                                       "Relation Name": "vault_protection",
                                       "Alias": "rp",
                                       "Startup Cost": 0.15,
                                       "Total Cost": 8.17,
                                       "Plan Rows": 1,
                                       "Plan Width": 64,
                                       "Actual Startup Time": 0.006,
                                       "Actual Total Time": 0.006,
                                       "Actual Rows": 1.00,
                                       "Actual Loops": 1,
                                       "Disabled": false,
                                       "Index Cond": "(account_id = a_3.id)",
                                       "Rows Removed by Index Recheck": 0,
                                       "Index Searches": 1,
                                       "Shared Hit Blocks": 2,
                                       "Shared Read Blocks": 0,
                                       "Shared Dirtied Blocks": 0,
                                       "Shared Written Blocks": 0,
                                       "Local Hit Blocks": 0,
                                       "Local Read Blocks": 0,
                                       "Local Dirtied Blocks": 0,
                                       "Local Written Blocks": 0,
                                       "Temp Read Blocks": 0,
                                       "Temp Written Blocks": 0
                                     }
                                   ]
                                 },
                                 {
                                   "Node Type": "Aggregate",
                                   "Strategy": "Hashed",
                                   "Partial Mode": "Simple",
                                   "Parent Relationship": "Inner",
                                   "Parallel Aware": false,
                                   "Async Capable": false,
                                   "Startup Cost": 0.09,
                                   "Total Cost": 0.10,
                                   "Plan Rows": 1,
                                   "Plan Width": 8,
                                   "Actual Startup Time": 0.001,
                                   "Actual Total Time": 0.001,
                                   "Actual Rows": 0.00,
                                   "Actual Loops": 1,
                                   "Disabled": false,
                                   "Group Key": ["i_1.grant_id"],
                                   "Planned Partitions": 0,
                                   "HashAgg Batches": 1,
                                   "Peak Memory Usage": 32,
                                   "Disk Usage": 0,
                                   "Shared Hit Blocks": 0,
                                   "Shared Read Blocks": 0,
                                   "Shared Dirtied Blocks": 0,
                                   "Shared Written Blocks": 0,
                                   "Local Hit Blocks": 0,
                                   "Local Read Blocks": 0,
                                   "Local Dirtied Blocks": 0,
                                   "Local Written Blocks": 0,
                                   "Temp Read Blocks": 0,
                                   "Temp Written Blocks": 0,
                                   "Plans": [
                                     {
                                       "Node Type": "Nested Loop",
                                       "Parent Relationship": "Outer",
                                       "Parallel Aware": false,
                                       "Async Capable": false,
                                       "Join Type": "Inner",
                                       "Startup Cost": 0.00,
                                       "Total Cost": 0.09,
                                       "Plan Rows": 1,
                                       "Plan Width": 8,
                                       "Actual Startup Time": 0.001,
                                       "Actual Total Time": 0.001,
                                       "Actual Rows": 0.00,
                                       "Actual Loops": 1,
                                       "Disabled": false,
                                       "Inner Unique": false,
                                       "Join Filter": "(r_11.account_id <> s_6.account_id)",
                                       "Rows Removed by Join Filter": 0,
                                       "Shared Hit Blocks": 0,
                                       "Shared Read Blocks": 0,
                                       "Shared Dirtied Blocks": 0,
                                       "Shared Written Blocks": 0,
                                       "Local Hit Blocks": 0,
                                       "Local Read Blocks": 0,
                                       "Local Dirtied Blocks": 0,
                                       "Local Written Blocks": 0,
                                       "Temp Read Blocks": 0,
                                       "Temp Written Blocks": 0,
                                       "Plans": [
                                         {
                                           "Node Type": "Nested Loop",
                                           "Parent Relationship": "Outer",
                                           "Parallel Aware": false,
                                           "Async Capable": false,
                                           "Join Type": "Inner",
                                           "Startup Cost": 0.00,
                                           "Total Cost": 0.05,
                                           "Plan Rows": 1,
                                           "Plan Width": 16,
                                           "Actual Startup Time": 0.001,
                                           "Actual Total Time": 0.001,
                                           "Actual Rows": 0.00,
                                           "Actual Loops": 1,
                                           "Disabled": false,
                                           "Inner Unique": false,
                                           "Join Filter": "(i_1.record_id = r_11.id)",
                                           "Rows Removed by Join Filter": 0,
                                           "Shared Hit Blocks": 0,
                                           "Shared Read Blocks": 0,
                                           "Shared Dirtied Blocks": 0,
                                           "Shared Written Blocks": 0,
                                           "Local Hit Blocks": 0,
                                           "Local Read Blocks": 0,
                                           "Local Dirtied Blocks": 0,
                                           "Local Written Blocks": 0,
                                           "Temp Read Blocks": 0,
                                           "Temp Written Blocks": 0,
                                           "Plans": [
                                             {
                                               "Node Type": "CTE Scan",
                                               "Parent Relationship": "Outer",
                                               "Parallel Aware": false,
                                               "Async Capable": false,
                                               "CTE Name": "included",
                                               "Alias": "i_1",
                                               "Startup Cost": 0.00,
                                               "Total Cost": 0.02,
                                               "Plan Rows": 1,
                                               "Plan Width": 16,
                                               "Actual Startup Time": 0.001,
                                               "Actual Total Time": 0.001,
                                               "Actual Rows": 0.00,
                                               "Actual Loops": 1,
                                               "Disabled": false,
                                               "Filter": "(grant_id IS NOT NULL)",
                                               "Rows Removed by Filter": 0,
                                               "Storage": "Memory",
                                               "Maximum Storage": 17,
                                               "Shared Hit Blocks": 0,
                                               "Shared Read Blocks": 0,
                                               "Shared Dirtied Blocks": 0,
                                               "Shared Written Blocks": 0,
                                               "Local Hit Blocks": 0,
                                               "Local Read Blocks": 0,
                                               "Local Dirtied Blocks": 0,
                                               "Local Written Blocks": 0,
                                               "Temp Read Blocks": 0,
                                               "Temp Written Blocks": 0
                                             },
                                             {
                                               "Node Type": "CTE Scan",
                                               "Parent Relationship": "Inner",
                                               "Parallel Aware": false,
                                               "Async Capable": false,
                                               "CTE Name": "visible",
                                               "Alias": "r_11",
                                               "Startup Cost": 0.00,
                                               "Total Cost": 0.02,
                                               "Plan Rows": 1,
                                               "Plan Width": 16,
                                               "Actual Startup Time": 0.000,
                                               "Actual Total Time": 0.000,
                                               "Actual Rows": 0,
                                               "Actual Loops": 0,
                                               "Disabled": false,
                                               "Storage": "Memory",
                                               "Maximum Storage": 17,
                                               "Shared Hit Blocks": 0,
                                               "Shared Read Blocks": 0,
                                               "Shared Dirtied Blocks": 0,
                                               "Shared Written Blocks": 0,
                                               "Local Hit Blocks": 0,
                                               "Local Read Blocks": 0,
                                               "Local Dirtied Blocks": 0,
                                               "Local Written Blocks": 0,
                                               "Temp Read Blocks": 0,
                                               "Temp Written Blocks": 0
                                             }
                                           ]
                                         },
                                         {
                                           "Node Type": "CTE Scan",
                                           "Parent Relationship": "Inner",
                                           "Parallel Aware": false,
                                           "Async Capable": false,
                                           "CTE Name": "session",
                                           "Alias": "s_6",
                                           "Startup Cost": 0.00,
                                           "Total Cost": 0.02,
                                           "Plan Rows": 1,
                                           "Plan Width": 8,
                                           "Actual Startup Time": 0.000,
                                           "Actual Total Time": 0.000,
                                           "Actual Rows": 0,
                                           "Actual Loops": 0,
                                           "Disabled": false,
                                           "Storage": "Memory",
                                           "Maximum Storage": 17,
                                           "Shared Hit Blocks": 0,
                                           "Shared Read Blocks": 0,
                                           "Shared Dirtied Blocks": 0,
                                           "Shared Written Blocks": 0,
                                           "Local Hit Blocks": 0,
                                           "Local Read Blocks": 0,
                                           "Local Dirtied Blocks": 0,
                                           "Local Written Blocks": 0,
                                           "Temp Read Blocks": 0,
                                           "Temp Written Blocks": 0
                                         }
                                       ]
                                     }
                                   ]
                                 }
                               ]
                             },
                             {
                               "Node Type": "Index Scan",
                               "Parent Relationship": "Inner",
                               "Parallel Aware": false,
                               "Async Capable": false,
                               "Scan Direction": "Forward",
                               "Index Name": "pk_collection_grant",
                               "Relation Name": "collection_grant",
                               "Alias": "g_1",
                               "Startup Cost": 0.15,
                               "Total Cost": 8.17,
                               "Plan Rows": 1,
                               "Plan Width": 72,
                               "Actual Startup Time": 0.000,
                               "Actual Total Time": 0.000,
                               "Actual Rows": 0,
                               "Actual Loops": 0,
                               "Disabled": false,
                               "Index Cond": "(id = i_1.grant_id)",
                               "Rows Removed by Index Recheck": 0,
                               "Index Searches": 0,
                               "Shared Hit Blocks": 0,
                               "Shared Read Blocks": 0,
                               "Shared Dirtied Blocks": 0,
                               "Shared Written Blocks": 0,
                               "Local Hit Blocks": 0,
                               "Local Read Blocks": 0,
                               "Local Dirtied Blocks": 0,
                               "Local Written Blocks": 0,
                               "Temp Read Blocks": 0,
                               "Temp Written Blocks": 0
                             }
                           ]
                         },
                         {
                           "Node Type": "Index Scan",
                           "Parent Relationship": "Inner",
                           "Parallel Aware": false,
                           "Async Capable": false,
                           "Scan Direction": "Forward",
                           "Index Name": "pk_collection",
                           "Relation Name": "collection",
                           "Alias": "c_4",
                           "Startup Cost": 0.15,
                           "Total Cost": 0.25,
                           "Plan Rows": 1,
                           "Plan Width": 72,
                           "Actual Startup Time": 0.000,
                           "Actual Total Time": 0.000,
                           "Actual Rows": 0,
                           "Actual Loops": 0,
                           "Disabled": false,
                           "Index Cond": "(id = g_1.collection_id)",
                           "Rows Removed by Index Recheck": 0,
                           "Index Searches": 0,
                           "Shared Hit Blocks": 0,
                           "Shared Read Blocks": 0,
                           "Shared Dirtied Blocks": 0,
                           "Shared Written Blocks": 0,
                           "Local Hit Blocks": 0,
                           "Local Read Blocks": 0,
                           "Local Dirtied Blocks": 0,
                           "Local Written Blocks": 0,
                           "Temp Read Blocks": 0,
                           "Temp Written Blocks": 0
                         }
                       ]
                     },
                     {
                       "Node Type": "Index Scan",
                       "Parent Relationship": "Inner",
                       "Parallel Aware": false,
                       "Async Capable": false,
                       "Scan Direction": "Forward",
                       "Index Name": "pk_account",
                       "Relation Name": "account",
                       "Alias": "owner_2",
                       "Startup Cost": 0.15,
                       "Total Cost": 0.26,
                       "Plan Rows": 1,
                       "Plan Width": 24,
                       "Actual Startup Time": 0.000,
                       "Actual Total Time": 0.000,
                       "Actual Rows": 0,
                       "Actual Loops": 0,
                       "Disabled": false,
                       "Index Cond": "(id = c_4.account_id)",
                       "Rows Removed by Index Recheck": 0,
                       "Index Searches": 0,
                       "Shared Hit Blocks": 0,
                       "Shared Read Blocks": 0,
                       "Shared Dirtied Blocks": 0,
                       "Shared Written Blocks": 0,
                       "Local Hit Blocks": 0,
                       "Local Read Blocks": 0,
                       "Local Dirtied Blocks": 0,
                       "Local Written Blocks": 0,
                       "Temp Read Blocks": 0,
                       "Temp Written Blocks": 0
                     }
                   ]
                 },
                 {
                   "Node Type": "Index Scan",
                   "Parent Relationship": "Inner",
                   "Parallel Aware": false,
                   "Async Capable": false,
                   "Scan Direction": "Forward",
                   "Index Name": "ix_vault_protection_account_id",
                   "Relation Name": "vault_protection",
                   "Alias": "op",
                   "Startup Cost": 0.15,
                   "Total Cost": 0.27,
                   "Plan Rows": 1,
                   "Plan Width": 64,
                   "Actual Startup Time": 0.000,
                   "Actual Total Time": 0.000,
                   "Actual Rows": 0,
                   "Actual Loops": 0,
                   "Disabled": false,
                   "Index Cond": "(account_id = owner_2.id)",
                   "Rows Removed by Index Recheck": 0,
                   "Index Searches": 0,
                   "Shared Hit Blocks": 0,
                   "Shared Read Blocks": 0,
                   "Shared Dirtied Blocks": 0,
                   "Shared Written Blocks": 0,
                   "Local Hit Blocks": 0,
                   "Local Read Blocks": 0,
                   "Local Dirtied Blocks": 0,
                   "Local Written Blocks": 0,
                   "Temp Read Blocks": 0,
                   "Temp Written Blocks": 0
                 }
               ]
             }
           ]
         }
       ]
     },
     "Planning": {
       "Shared Hit Blocks": 44,
       "Shared Read Blocks": 0,
       "Shared Dirtied Blocks": 0,
       "Shared Written Blocks": 0,
       "Local Hit Blocks": 0,
       "Local Read Blocks": 0,
       "Local Dirtied Blocks": 0,
       "Local Written Blocks": 0,
       "Temp Read Blocks": 0,
       "Temp Written Blocks": 0
     },
     "Planning Time": 2.789,
     "Triggers": [
     ],
     "Execution Time": 1.263
   }
 ]


  Passed ArturRios.Cerberus.Data.Tests.RecordListStoreTests.GivenUnrelatedDeepFolderInventory_WhenListingOnePermittedRecord_ThenDoNotAdmitOrTraverseUnrelatedRows(selected: True, foreign: False, shared: False) [644 ms]
  Standard Output Messages:
 [
   {
     "Plan": {
       "Node Type": "Result",
       "Parallel Aware": false,
       "Async Capable": false,
       "Startup Cost": 955.96,
       "Total Cost": 955.98,
       "Plan Rows": 1,
       "Plan Width": 77,
       "Actual Startup Time": 0.539,
       "Actual Total Time": 0.566,
       "Actual Rows": 1.00,
       "Actual Loops": 1,
       "Disabled": false,
       "Shared Hit Blocks": 51,
       "Shared Read Blocks": 0,
       "Shared Dirtied Blocks": 0,
       "Shared Written Blocks": 0,
       "Local Hit Blocks": 0,
       "Local Read Blocks": 0,
       "Local Dirtied Blocks": 0,
       "Local Written Blocks": 0,
       "Temp Read Blocks": 0,
       "Temp Written Blocks": 0,
       "Plans": [
         {
           "Node Type": "Index Scan",
           "Parent Relationship": "InitPlan",
           "Subplan Name": "CTE actor",
           "Parallel Aware": false,
           "Async Capable": false,
           "Scan Direction": "Forward",
           "Index Name": "ix_account_heimdall_public_id",
           "Relation Name": "account",
           "Alias": "a",
           "Startup Cost": 0.15,
           "Total Cost": 8.17,
           "Plan Rows": 1,
           "Plan Width": 149,
           "Actual Startup Time": 0.021,
           "Actual Total Time": 0.022,
           "Actual Rows": 1.00,
           "Actual Loops": 1,
           "Disabled": false,
           "Index Cond": "(heimdall_public_id = 'bd70e74f-f222-4781-9319-937e0be47b55'::uuid)",
           "Rows Removed by Index Recheck": 0,
           "Index Searches": 1,
           "Shared Hit Blocks": 2,
           "Shared Read Blocks": 0,
           "Shared Dirtied Blocks": 0,
           "Shared Written Blocks": 0,
           "Local Hit Blocks": 0,
           "Local Read Blocks": 0,
           "Local Dirtied Blocks": 0,
           "Local Written Blocks": 0,
           "Temp Read Blocks": 0,
           "Temp Written Blocks": 0
         },
         {
           "Node Type": "Nested Loop",
           "Parent Relationship": "InitPlan",
           "Subplan Name": "CTE session",
           "Parallel Aware": false,
           "Async Capable": false,
           "Join Type": "Anti",
           "Startup Cost": 8.34,
           "Total Cost": 16.40,
           "Plan Rows": 1,
           "Plan Width": 203,
           "Actual Startup Time": 0.085,
           "Actual Total Time": 0.088,
           "Actual Rows": 1.00,
           "Actual Loops": 1,
           "Disabled": false,
           "Inner Unique": false,
           "Shared Hit Blocks": 13,
           "Shared Read Blocks": 0,
           "Shared Dirtied Blocks": 0,
           "Shared Written Blocks": 0,
           "Local Hit Blocks": 0,
           "Local Read Blocks": 0,
           "Local Dirtied Blocks": 0,
           "Local Written Blocks": 0,
           "Temp Read Blocks": 0,
           "Temp Written Blocks": 0,
           "Plans": [
             {
               "Node Type": "Hash Join",
               "Parent Relationship": "Outer",
               "Parallel Aware": false,
               "Async Capable": false,
               "Join Type": "Inner",
               "Startup Cost": 8.19,
               "Total Cost": 8.22,
               "Plan Rows": 1,
               "Plan Width": 219,
               "Actual Startup Time": 0.077,
               "Actual Total Time": 0.080,
               "Actual Rows": 1.00,
               "Actual Loops": 1,
               "Disabled": false,
               "Inner Unique": true,
               "Hash Cond": "((a_1.id = s.account_id) AND (a_1.policy_revision = s.policy_revision) AND (a_1.revocation_generation = s.revocation_generation))",
               "Join Filter": "(CASE WHEN a_1.renewal_enabled THEN (s.expires_at > statement_timestamp()) ELSE (s.expires_at IS NULL) END AND ((s.profile_id IS NULL) OR (ANY ((s.profile_id = (hashed SubPlan 3).col1) AND (a_1.id = (hashed SubPlan 3).col2)))))",
               "Rows Removed by Join Filter": 0,
               "Shared Hit Blocks": 11,
               "Shared Read Blocks": 0,
               "Shared Dirtied Blocks": 0,
               "Shared Written Blocks": 0,
               "Local Hit Blocks": 0,
               "Local Read Blocks": 0,
               "Local Dirtied Blocks": 0,
               "Local Written Blocks": 0,
               "Temp Read Blocks": 0,
               "Temp Written Blocks": 0,
               "Plans": [
                 {
                   "Node Type": "CTE Scan",
                   "Parent Relationship": "Outer",
                   "Parallel Aware": false,
                   "Async Capable": false,
                   "CTE Name": "actor",
                   "Alias": "a_1",
                   "Startup Cost": 0.00,
                   "Total Cost": 0.02,
                   "Plan Rows": 1,
                   "Plan Width": 41,
                   "Actual Startup Time": 0.001,
                   "Actual Total Time": 0.001,
                   "Actual Rows": 1.00,
                   "Actual Loops": 1,
                   "Disabled": false,
                   "Filter": "(state = 0)",
                   "Rows Removed by Filter": 0,
                   "Storage": "Memory",
                   "Maximum Storage": 17,
                   "Shared Hit Blocks": 0,
                   "Shared Read Blocks": 0,
                   "Shared Dirtied Blocks": 0,
                   "Shared Written Blocks": 0,
                   "Local Hit Blocks": 0,
                   "Local Read Blocks": 0,
                   "Local Dirtied Blocks": 0,
                   "Local Written Blocks": 0,
                   "Temp Read Blocks": 0,
                   "Temp Written Blocks": 0
                 },
                 {
                   "Node Type": "Hash",
                   "Parent Relationship": "Inner",
                   "Parallel Aware": false,
                   "Async Capable": false,
                   "Startup Cost": 8.18,
                   "Total Cost": 8.18,
                   "Plan Rows": 1,
                   "Plan Width": 203,
                   "Actual Startup Time": 0.025,
                   "Actual Total Time": 0.025,
                   "Actual Rows": 1.00,
                   "Actual Loops": 1,
                   "Disabled": false,
                   "Hash Buckets": 1024,
                   "Original Hash Buckets": 1024,
                   "Hash Batches": 1,
                   "Original Hash Batches": 1,
                   "Peak Memory Usage": 9,
                   "Shared Hit Blocks": 2,
                   "Shared Read Blocks": 0,
                   "Shared Dirtied Blocks": 0,
                   "Shared Written Blocks": 0,
                   "Local Hit Blocks": 0,
                   "Local Read Blocks": 0,
                   "Local Dirtied Blocks": 0,
                   "Local Written Blocks": 0,
                   "Temp Read Blocks": 0,
                   "Temp Written Blocks": 0,
                   "Plans": [
                     {
                       "Node Type": "Index Scan",
                       "Parent Relationship": "Outer",
                       "Parallel Aware": false,
                       "Async Capable": false,
                       "Scan Direction": "Forward",
                       "Index Name": "ix_vault_access_session_handle_verifier",
                       "Relation Name": "vault_access_session",
                       "Alias": "s",
                       "Startup Cost": 0.15,
                       "Total Cost": 8.18,
                       "Plan Rows": 1,
                       "Plan Width": 203,
                       "Actual Startup Time": 0.017,
                       "Actual Total Time": 0.018,
                       "Actual Rows": 1.00,
                       "Actual Loops": 1,
                       "Disabled": false,
                       "Index Cond": "((handle_verifier)::text = 'e9e94374a6b23c5161e3f1dd76ec064595c44704ed51bca3ba1d1be780c6e0e4'::text)",
                       "Rows Removed by Index Recheck": 0,
                       "Filter": "((NOT revoked) AND (policy_revision > 0) AND (revocation_generation > 0) AND (issued_at <= statement_timestamp()))",
                       "Rows Removed by Filter": 0,
                       "Index Searches": 1,
                       "Shared Hit Blocks": 2,
                       "Shared Read Blocks": 0,
                       "Shared Dirtied Blocks": 0,
                       "Shared Written Blocks": 0,
                       "Local Hit Blocks": 0,
                       "Local Read Blocks": 0,
                       "Local Dirtied Blocks": 0,
                       "Local Written Blocks": 0,
                       "Temp Read Blocks": 0,
                       "Temp Written Blocks": 0
                     }
                   ]
                 },
                 {
                   "Node Type": "Nested Loop",
                   "Parent Relationship": "SubPlan",
                   "Subplan Name": "SubPlan 3",
                   "Parallel Aware": false,
                   "Async Capable": false,
                   "Join Type": "Anti",
                   "Startup Cost": 0.15,
                   "Total Cost": 26.86,
                   "Plan Rows": 1,
                   "Plan Width": 16,
                   "Actual Startup Time": 0.022,
                   "Actual Total Time": 0.027,
                   "Actual Rows": 4.00,
                   "Actual Loops": 1,
                   "Disabled": false,
                   "Inner Unique": false,
                   "Shared Hit Blocks": 9,
                   "Shared Read Blocks": 0,
                   "Shared Dirtied Blocks": 0,
                   "Shared Written Blocks": 0,
                   "Local Hit Blocks": 0,
                   "Local Read Blocks": 0,
                   "Local Dirtied Blocks": 0,
                   "Local Written Blocks": 0,
                   "Temp Read Blocks": 0,
                   "Temp Written Blocks": 0,
                   "Plans": [
                     {
                       "Node Type": "Seq Scan",
                       "Parent Relationship": "Outer",
                       "Parallel Aware": false,
                       "Async Capable": false,
                       "Relation Name": "profile",
                       "Alias": "p",
                       "Startup Cost": 0.00,
                       "Total Cost": 14.50,
                       "Plan Rows": 2,
                       "Plan Width": 32,
                       "Actual Startup Time": 0.011,
                       "Actual Total Time": 0.012,
                       "Actual Rows": 4.00,
                       "Actual Loops": 1,
                       "Disabled": false,
                       "Filter": "(deleted_at IS NULL)",
                       "Rows Removed by Filter": 0,
                       "Shared Hit Blocks": 1,
                       "Shared Read Blocks": 0,
                       "Shared Dirtied Blocks": 0,
                       "Shared Written Blocks": 0,
                       "Local Hit Blocks": 0,
                       "Local Read Blocks": 0,
                       "Local Dirtied Blocks": 0,
                       "Local Written Blocks": 0,
                       "Temp Read Blocks": 0,
                       "Temp Written Blocks": 0
                     },
                     {
                       "Node Type": "Index Only Scan",
                       "Parent Relationship": "Inner",
                       "Parallel Aware": false,
                       "Async Capable": false,
                       "Scan Direction": "Forward",
                       "Index Name": "ix_terminal_erasure_resource_id",
                       "Relation Name": "terminal_erasure",
                       "Alias": "e",
                       "Startup Cost": 0.15,
                       "Total Cost": 6.17,
                       "Plan Rows": 1,
                       "Plan Width": 16,
                       "Actual Startup Time": 0.003,
                       "Actual Total Time": 0.003,
                       "Actual Rows": 0.00,
                       "Actual Loops": 4,
                       "Disabled": false,
                       "Index Cond": "(resource_id = p.public_id)",
                       "Rows Removed by Index Recheck": 0,
                       "Heap Fetches": 0,
                       "Index Searches": 4,
                       "Shared Hit Blocks": 8,
                       "Shared Read Blocks": 0,
                       "Shared Dirtied Blocks": 0,
                       "Shared Written Blocks": 0,
                       "Local Hit Blocks": 0,
                       "Local Read Blocks": 0,
                       "Local Dirtied Blocks": 0,
                       "Local Written Blocks": 0,
                       "Temp Read Blocks": 0,
                       "Temp Written Blocks": 0
                     }
                   ]
                 }
               ]
             },
             {
               "Node Type": "Index Only Scan",
               "Parent Relationship": "Inner",
               "Parallel Aware": false,
               "Async Capable": false,
               "Scan Direction": "Forward",
               "Index Name": "ix_terminal_erasure_resource_id",
               "Relation Name": "terminal_erasure",
               "Alias": "e_1",
               "Startup Cost": 0.15,
               "Total Cost": 8.17,
               "Plan Rows": 1,
               "Plan Width": 16,
               "Actual Startup Time": 0.006,
               "Actual Total Time": 0.006,
               "Actual Rows": 0.00,
               "Actual Loops": 1,
               "Disabled": false,
               "Index Cond": "(resource_id = a_1.public_id)",
               "Rows Removed by Index Recheck": 0,
               "Heap Fetches": 0,
               "Index Searches": 1,
               "Shared Hit Blocks": 2,
               "Shared Read Blocks": 0,
               "Shared Dirtied Blocks": 0,
               "Shared Written Blocks": 0,
               "Local Hit Blocks": 0,
               "Local Read Blocks": 0,
               "Local Dirtied Blocks": 0,
               "Local Written Blocks": 0,
               "Temp Read Blocks": 0,
               "Temp Written Blocks": 0
             }
           ]
         },
         {
           "Node Type": "Nested Loop",
           "Parent Relationship": "InitPlan",
           "Subplan Name": "CTE collections",
           "Parallel Aware": false,
           "Async Capable": false,
           "Join Type": "Anti",
           "Startup Cost": 2.47,
           "Total Cost": 61.36,
           "Plan Rows": 1,
           "Plan Width": 136,
           "Actual Startup Time": 0.030,
           "Actual Total Time": 0.034,
           "Actual Rows": 0.00,
           "Actual Loops": 1,
           "Disabled": false,
           "Inner Unique": false,
           "Shared Hit Blocks": 3,
           "Shared Read Blocks": 0,
           "Shared Dirtied Blocks": 0,
           "Shared Written Blocks": 0,
           "Local Hit Blocks": 0,
           "Local Read Blocks": 0,
           "Local Dirtied Blocks": 0,
           "Local Written Blocks": 0,
           "Temp Read Blocks": 0,
           "Temp Written Blocks": 0,
           "Plans": [
             {
               "Node Type": "Nested Loop",
               "Parent Relationship": "Outer",
               "Parallel Aware": false,
               "Async Capable": false,
               "Join Type": "Left",
               "Startup Cost": 0.30,
               "Total Cost": 55.62,
               "Plan Rows": 1,
               "Plan Width": 152,
               "Actual Startup Time": 0.029,
               "Actual Total Time": 0.033,
               "Actual Rows": 0.00,
               "Actual Loops": 1,
               "Disabled": false,
               "Inner Unique": false,
               "Filter": "((c.account_id = s_1.account_id) OR (g.id IS NOT NULL))",
               "Rows Removed by Filter": 0,
               "Shared Hit Blocks": 3,
               "Shared Read Blocks": 0,
               "Shared Dirtied Blocks": 0,
               "Shared Written Blocks": 0,
               "Local Hit Blocks": 0,
               "Local Read Blocks": 0,
               "Local Dirtied Blocks": 0,
               "Local Written Blocks": 0,
               "Temp Read Blocks": 0,
               "Temp Written Blocks": 0,
               "Plans": [
                 {
                   "Node Type": "Nested Loop",
                   "Parent Relationship": "Outer",
                   "Parallel Aware": false,
                   "Async Capable": false,
                   "Join Type": "Inner",
                   "Startup Cost": 0.00,
                   "Total Cost": 39.25,
                   "Plan Rows": 1,
                   "Plan Width": 152,
                   "Actual Startup Time": 0.029,
                   "Actual Total Time": 0.030,
                   "Actual Rows": 0.00,
                   "Actual Loops": 1,
                   "Disabled": false,
                   "Inner Unique": false,
                   "Join Filter": "((s_1.profile_id IS NULL) OR EXISTS(SubPlan 5))",
                   "Rows Removed by Join Filter": 1,
                   "Shared Hit Blocks": 3,
                   "Shared Read Blocks": 0,
                   "Shared Dirtied Blocks": 0,
                   "Shared Written Blocks": 0,
                   "Local Hit Blocks": 0,
                   "Local Read Blocks": 0,
                   "Local Dirtied Blocks": 0,
                   "Local Written Blocks": 0,
                   "Temp Read Blocks": 0,
                   "Temp Written Blocks": 0,
                   "Plans": [
                     {
                       "Node Type": "Nested Loop",
                       "Parent Relationship": "Outer",
                       "Parallel Aware": false,
                       "Async Capable": false,
                       "Join Type": "Inner",
                       "Startup Cost": 0.00,
                       "Total Cost": 31.05,
                       "Plan Rows": 1,
                       "Plan Width": 144,
                       "Actual Startup Time": 0.016,
                       "Actual Total Time": 0.017,
                       "Actual Rows": 1.00,
                       "Actual Loops": 1,
                       "Disabled": false,
                       "Inner Unique": true,
                       "Join Filter": "(c.account_id = owner.id)",
                       "Rows Removed by Join Filter": 3,
                       "Shared Hit Blocks": 2,
                       "Shared Read Blocks": 0,
                       "Shared Dirtied Blocks": 0,
                       "Shared Written Blocks": 0,
                       "Local Hit Blocks": 0,
                       "Local Read Blocks": 0,
                       "Local Dirtied Blocks": 0,
                       "Local Written Blocks": 0,
                       "Temp Read Blocks": 0,
                       "Temp Written Blocks": 0,
                       "Plans": [
                         {
                           "Node Type": "Seq Scan",
                           "Parent Relationship": "Outer",
                           "Parallel Aware": false,
                           "Async Capable": false,
                           "Relation Name": "collection",
                           "Alias": "c",
                           "Startup Cost": 0.00,
                           "Total Cost": 15.20,
                           "Plan Rows": 3,
                           "Plan Width": 128,
                           "Actual Startup Time": 0.004,
                           "Actual Total Time": 0.004,
                           "Actual Rows": 1.00,
                           "Actual Loops": 1,
                           "Disabled": false,
                           "Filter": "(deleted_at IS NULL)",
                           "Rows Removed by Filter": 0,
                           "Shared Hit Blocks": 1,
                           "Shared Read Blocks": 0,
                           "Shared Dirtied Blocks": 0,
                           "Shared Written Blocks": 0,
                           "Local Hit Blocks": 0,
                           "Local Read Blocks": 0,
                           "Local Dirtied Blocks": 0,
                           "Local Written Blocks": 0,
                           "Temp Read Blocks": 0,
                           "Temp Written Blocks": 0
                         },
                         {
                           "Node Type": "Materialize",
                           "Parent Relationship": "Inner",
                           "Parallel Aware": false,
                           "Async Capable": false,
                           "Startup Cost": 0.00,
                           "Total Cost": 15.76,
                           "Plan Rows": 2,
                           "Plan Width": 24,
                           "Actual Startup Time": 0.008,
                           "Actual Total Time": 0.010,
                           "Actual Rows": 4.00,
                           "Actual Loops": 1,
                           "Disabled": false,
                           "Storage": "Memory",
                           "Maximum Storage": 17,
                           "Shared Hit Blocks": 1,
                           "Shared Read Blocks": 0,
                           "Shared Dirtied Blocks": 0,
                           "Shared Written Blocks": 0,
                           "Local Hit Blocks": 0,
                           "Local Read Blocks": 0,
                           "Local Dirtied Blocks": 0,
                           "Local Written Blocks": 0,
                           "Temp Read Blocks": 0,
                           "Temp Written Blocks": 0,
                           "Plans": [
                             {
                               "Node Type": "Seq Scan",
                               "Parent Relationship": "Outer",
                               "Parallel Aware": false,
                               "Async Capable": false,
                               "Relation Name": "account",
                               "Alias": "owner",
                               "Startup Cost": 0.00,
                               "Total Cost": 15.75,
                               "Plan Rows": 2,
                               "Plan Width": 24,
                               "Actual Startup Time": 0.005,
                               "Actual Total Time": 0.005,
                               "Actual Rows": 4.00,
                               "Actual Loops": 1,
                               "Disabled": false,
                               "Filter": "(state = 0)",
                               "Rows Removed by Filter": 0,
                               "Shared Hit Blocks": 1,
                               "Shared Read Blocks": 0,
                               "Shared Dirtied Blocks": 0,
                               "Shared Written Blocks": 0,
                               "Local Hit Blocks": 0,
                               "Local Read Blocks": 0,
                               "Local Dirtied Blocks": 0,
                               "Local Written Blocks": 0,
                               "Temp Read Blocks": 0,
                               "Temp Written Blocks": 0
                             }
                           ]
                         }
                       ]
                     },
                     {
                       "Node Type": "CTE Scan",
                       "Parent Relationship": "Inner",
                       "Parallel Aware": false,
                       "Async Capable": false,
                       "CTE Name": "session",
                       "Alias": "s_1",
                       "Startup Cost": 0.00,
                       "Total Cost": 0.02,
                       "Plan Rows": 1,
                       "Plan Width": 16,
                       "Actual Startup Time": 0.000,
                       "Actual Total Time": 0.000,
                       "Actual Rows": 1.00,
                       "Actual Loops": 1,
                       "Disabled": false,
                       "Storage": "Memory",
                       "Maximum Storage": 17,
                       "Shared Hit Blocks": 0,
                       "Shared Read Blocks": 0,
                       "Shared Dirtied Blocks": 0,
                       "Shared Written Blocks": 0,
                       "Local Hit Blocks": 0,
                       "Local Read Blocks": 0,
                       "Local Dirtied Blocks": 0,
                       "Local Written Blocks": 0,
                       "Temp Read Blocks": 0,
                       "Temp Written Blocks": 0
                     },
                     {
                       "Node Type": "Index Only Scan",
                       "Parent Relationship": "SubPlan",
                       "Subplan Name": "SubPlan 5",
                       "Parallel Aware": false,
                       "Async Capable": false,
                       "Scan Direction": "Forward",
                       "Index Name": "pk_profile_collection",
                       "Relation Name": "profile_collection",
                       "Alias": "pc",
                       "Startup Cost": 0.15,
                       "Total Cost": 8.17,
                       "Plan Rows": 1,
                       "Plan Width": 0,
                       "Actual Startup Time": 0.010,
                       "Actual Total Time": 0.010,
                       "Actual Rows": 0.00,
                       "Actual Loops": 1,
                       "Disabled": false,
                       "Index Cond": "((profile_id = s_1.profile_id) AND (collection_id = c.id))",
                       "Rows Removed by Index Recheck": 0,
                       "Heap Fetches": 0,
                       "Index Searches": 1,
                       "Shared Hit Blocks": 1,
                       "Shared Read Blocks": 0,
                       "Shared Dirtied Blocks": 0,
                       "Shared Written Blocks": 0,
                       "Local Hit Blocks": 0,
                       "Local Read Blocks": 0,
                       "Local Dirtied Blocks": 0,
                       "Local Written Blocks": 0,
                       "Temp Read Blocks": 0,
                       "Temp Written Blocks": 0
                     }
                   ]
                 },
                 {
                   "Node Type": "Nested Loop",
                   "Parent Relationship": "Inner",
                   "Parallel Aware": false,
                   "Async Capable": false,
                   "Join Type": "Anti",
                   "Startup Cost": 0.30,
                   "Total Cost": 16.36,
                   "Plan Rows": 1,
                   "Plan Width": 24,
                   "Actual Startup Time": 0.000,
                   "Actual Total Time": 0.000,
                   "Actual Rows": 0,
                   "Actual Loops": 0,
                   "Disabled": false,
                   "Inner Unique": false,
                   "Shared Hit Blocks": 0,
                   "Shared Read Blocks": 0,
                   "Shared Dirtied Blocks": 0,
                   "Shared Written Blocks": 0,
                   "Local Hit Blocks": 0,
                   "Local Read Blocks": 0,
                   "Local Dirtied Blocks": 0,
                   "Local Written Blocks": 0,
                   "Temp Read Blocks": 0,
                   "Temp Written Blocks": 0,
                   "Plans": [
                     {
                       "Node Type": "Index Scan",
                       "Parent Relationship": "Outer",
                       "Parallel Aware": false,
                       "Async Capable": false,
                       "Scan Direction": "Forward",
                       "Index Name": "ix_collection_grant_collection_id_recipient_account_id",
                       "Relation Name": "collection_grant",
                       "Alias": "g",
                       "Startup Cost": 0.15,
                       "Total Cost": 8.18,
                       "Plan Rows": 1,
                       "Plan Width": 40,
                       "Actual Startup Time": 0.000,
                       "Actual Total Time": 0.000,
                       "Actual Rows": 0,
                       "Actual Loops": 0,
                       "Disabled": false,
                       "Index Cond": "((collection_id = c.id) AND (recipient_account_id = s_1.account_id))",
                       "Rows Removed by Index Recheck": 0,
                       "Filter": "((access = ANY ('{0,1}'::integer[])) AND (revision > 0) AND (revision <= '9007199254740991'::bigint) AND (state = 0))",
                       "Rows Removed by Filter": 0,
                       "Index Searches": 0,
                       "Shared Hit Blocks": 0,
                       "Shared Read Blocks": 0,
                       "Shared Dirtied Blocks": 0,
                       "Shared Written Blocks": 0,
                       "Local Hit Blocks": 0,
                       "Local Read Blocks": 0,
                       "Local Dirtied Blocks": 0,
                       "Local Written Blocks": 0,
                       "Temp Read Blocks": 0,
                       "Temp Written Blocks": 0
                     },
                     {
                       "Node Type": "Index Only Scan",
                       "Parent Relationship": "Inner",
                       "Parallel Aware": false,
                       "Async Capable": false,
                       "Scan Direction": "Forward",
                       "Index Name": "ix_terminal_erasure_resource_id",
                       "Relation Name": "terminal_erasure",
                       "Alias": "e_2",
                       "Startup Cost": 0.15,
                       "Total Cost": 8.17,
                       "Plan Rows": 1,
                       "Plan Width": 16,
                       "Actual Startup Time": 0.000,
                       "Actual Total Time": 0.000,
                       "Actual Rows": 0,
                       "Actual Loops": 0,
                       "Disabled": false,
                       "Index Cond": "(resource_id = g.public_id)",
                       "Rows Removed by Index Recheck": 0,
                       "Heap Fetches": 0,
                       "Index Searches": 0,
                       "Shared Hit Blocks": 0,
                       "Shared Read Blocks": 0,
                       "Shared Dirtied Blocks": 0,
                       "Shared Written Blocks": 0,
                       "Local Hit Blocks": 0,
                       "Local Read Blocks": 0,
                       "Local Dirtied Blocks": 0,
                       "Local Written Blocks": 0,
                       "Temp Read Blocks": 0,
                       "Temp Written Blocks": 0
                     }
                   ]
                 }
               ]
             },
             {
               "Node Type": "Bitmap Heap Scan",
               "Parent Relationship": "Inner",
               "Parallel Aware": false,
               "Async Capable": false,
               "Relation Name": "terminal_erasure",
               "Alias": "e_3",
               "Startup Cost": 2.17,
               "Total Cost": 7.51,
               "Plan Rows": 2,
               "Plan Width": 16,
               "Actual Startup Time": 0.000,
               "Actual Total Time": 0.000,
               "Actual Rows": 0,
               "Actual Loops": 0,
               "Disabled": false,
               "Recheck Cond": "((resource_id = owner.public_id) OR (resource_id = c.public_id))",
               "Rows Removed by Index Recheck": 0,
               "Exact Heap Blocks": 0,
               "Lossy Heap Blocks": 0,
               "Shared Hit Blocks": 0,
               "Shared Read Blocks": 0,
               "Shared Dirtied Blocks": 0,
               "Shared Written Blocks": 0,
               "Local Hit Blocks": 0,
               "Local Read Blocks": 0,
               "Local Dirtied Blocks": 0,
               "Local Written Blocks": 0,
               "Temp Read Blocks": 0,
               "Temp Written Blocks": 0,
               "Plans": [
                 {
                   "Node Type": "Bitmap Index Scan",
                   "Parent Relationship": "Outer",
                   "Parallel Aware": false,
                   "Async Capable": false,
                   "Index Name": "ix_terminal_erasure_resource_id",
                   "Startup Cost": 0.00,
                   "Total Cost": 2.17,
                   "Plan Rows": 2,
                   "Plan Width": 0,
                   "Actual Startup Time": 0.000,
                   "Actual Total Time": 0.000,
                   "Actual Rows": 0,
                   "Actual Loops": 0,
                   "Disabled": false,
                   "Index Cond": "(resource_id = ANY (ARRAY[owner.public_id, c.public_id]))",
                   "Index Searches": 0,
                   "Shared Hit Blocks": 0,
                   "Shared Read Blocks": 0,
                   "Shared Dirtied Blocks": 0,
                   "Shared Written Blocks": 0,
                   "Local Hit Blocks": 0,
                   "Local Read Blocks": 0,
                   "Local Dirtied Blocks": 0,
                   "Local Written Blocks": 0,
                   "Temp Read Blocks": 0,
                   "Temp Written Blocks": 0
                 }
               ]
             }
           ]
         },
         {
           "Node Type": "Recursive Union",
           "Parent Relationship": "InitPlan",
           "Subplan Name": "CTE reachable",
           "Parallel Aware": false,
           "Async Capable": false,
           "Startup Cost": 16.72,
           "Total Cost": 321.76,
           "Plan Rows": 11,
           "Plan Width": 16,
           "Actual Startup Time": 0.041,
           "Actual Total Time": 0.045,
           "Actual Rows": 0.00,
           "Actual Loops": 1,
           "Disabled": false,
           "Storage": "Memory",
           "Maximum Storage": 33,
           "Shared Hit Blocks": 4,
           "Shared Read Blocks": 0,
           "Shared Dirtied Blocks": 0,
           "Shared Written Blocks": 0,
           "Local Hit Blocks": 0,
           "Local Read Blocks": 0,
           "Local Dirtied Blocks": 0,
           "Local Written Blocks": 0,
           "Temp Read Blocks": 0,
           "Temp Written Blocks": 0,
           "Plans": [
             {
               "Node Type": "Nested Loop",
               "Parent Relationship": "Outer",
               "Parallel Aware": false,
               "Async Capable": false,
               "Join Type": "Anti",
               "Startup Cost": 16.72,
               "Total Cost": 37.98,
               "Plan Rows": 1,
               "Plan Width": 16,
               "Actual Startup Time": 0.022,
               "Actual Total Time": 0.024,
               "Actual Rows": 0.00,
               "Actual Loops": 1,
               "Disabled": false,
               "Inner Unique": false,
               "Shared Hit Blocks": 2,
               "Shared Read Blocks": 0,
               "Shared Dirtied Blocks": 0,
               "Shared Written Blocks": 0,
               "Local Hit Blocks": 0,
               "Local Read Blocks": 0,
               "Local Dirtied Blocks": 0,
               "Local Written Blocks": 0,
               "Temp Read Blocks": 0,
               "Temp Written Blocks": 0,
               "Plans": [
                 {
                   "Node Type": "Nested Loop",
                   "Parent Relationship": "Outer",
                   "Parallel Aware": false,
                   "Async Capable": false,
                   "Join Type": "Inner",
                   "Startup Cost": 16.57,
                   "Total Cost": 32.80,
                   "Plan Rows": 1,
                   "Plan Width": 32,
                   "Actual Startup Time": 0.021,
                   "Actual Total Time": 0.024,
                   "Actual Rows": 0.00,
                   "Actual Loops": 1,
                   "Disabled": false,
                   "Inner Unique": true,
                   "Shared Hit Blocks": 2,
                   "Shared Read Blocks": 0,
                   "Shared Dirtied Blocks": 0,
                   "Shared Written Blocks": 0,
                   "Local Hit Blocks": 0,
                   "Local Read Blocks": 0,
                   "Local Dirtied Blocks": 0,
                   "Local Written Blocks": 0,
                   "Temp Read Blocks": 0,
                   "Temp Written Blocks": 0,
                   "Plans": [
                     {
                       "Node Type": "Unique",
                       "Parent Relationship": "Outer",
                       "Parallel Aware": false,
                       "Async Capable": false,
                       "Startup Cost": 16.43,
                       "Total Cost": 16.44,
                       "Plan Rows": 2,
                       "Plan Width": 16,
                       "Actual Startup Time": 0.021,
                       "Actual Total Time": 0.023,
                       "Actual Rows": 0.00,
                       "Actual Loops": 1,
                       "Disabled": false,
                       "Shared Hit Blocks": 2,
                       "Shared Read Blocks": 0,
                       "Shared Dirtied Blocks": 0,
                       "Shared Written Blocks": 0,
                       "Local Hit Blocks": 0,
                       "Local Read Blocks": 0,
                       "Local Dirtied Blocks": 0,
                       "Local Written Blocks": 0,
                       "Temp Read Blocks": 0,
                       "Temp Written Blocks": 0,
                       "Plans": [
                         {
                           "Node Type": "Sort",
                           "Parent Relationship": "Outer",
                           "Parallel Aware": false,
                           "Async Capable": false,
                           "Startup Cost": 16.43,
                           "Total Cost": 16.43,
                           "Plan Rows": 2,
                           "Plan Width": 16,
                           "Actual Startup Time": 0.021,
                           "Actual Total Time": 0.022,
                           "Actual Rows": 0.00,
                           "Actual Loops": 1,
                           "Disabled": false,
                           "Sort Key": ["pf.account_id", "pf.folder_id"],
                           "Sort Method": "quicksort",
                           "Sort Space Used": 25,
                           "Sort Space Type": "Memory",
                           "Shared Hit Blocks": 2,
                           "Shared Read Blocks": 0,
                           "Shared Dirtied Blocks": 0,
                           "Shared Written Blocks": 0,
                           "Local Hit Blocks": 0,
                           "Local Read Blocks": 0,
                           "Local Dirtied Blocks": 0,
                           "Local Written Blocks": 0,
                           "Temp Read Blocks": 0,
                           "Temp Written Blocks": 0,
                           "Plans": [
                             {
                               "Node Type": "Append",
                               "Parent Relationship": "Outer",
                               "Parallel Aware": false,
                               "Async Capable": false,
                               "Startup Cost": 0.15,
                               "Total Cost": 16.41,
                               "Plan Rows": 2,
                               "Plan Width": 16,
                               "Actual Startup Time": 0.012,
                               "Actual Total Time": 0.013,
                               "Actual Rows": 0.00,
                               "Actual Loops": 1,
                               "Disabled": false,
                               "Shared Hit Blocks": 2,
                               "Shared Read Blocks": 0,
                               "Shared Dirtied Blocks": 0,
                               "Shared Written Blocks": 0,
                               "Local Hit Blocks": 0,
                               "Local Read Blocks": 0,
                               "Local Dirtied Blocks": 0,
                               "Local Written Blocks": 0,
                               "Temp Read Blocks": 0,
                               "Temp Written Blocks": 0,
                               "Subplans Removed": 0,
                               "Plans": [
                                 {
                                   "Node Type": "Nested Loop",
                                   "Parent Relationship": "Member",
                                   "Parallel Aware": false,
                                   "Async Capable": false,
                                   "Join Type": "Inner",
                                   "Startup Cost": 0.15,
                                   "Total Cost": 8.20,
                                   "Plan Rows": 1,
                                   "Plan Width": 16,
                                   "Actual Startup Time": 0.010,
                                   "Actual Total Time": 0.011,
                                   "Actual Rows": 0.00,
                                   "Actual Loops": 1,
                                   "Disabled": false,
                                   "Inner Unique": false,
                                   "Shared Hit Blocks": 2,
                                   "Shared Read Blocks": 0,
                                   "Shared Dirtied Blocks": 0,
                                   "Shared Written Blocks": 0,
                                   "Local Hit Blocks": 0,
                                   "Local Read Blocks": 0,
                                   "Local Dirtied Blocks": 0,
                                   "Local Written Blocks": 0,
                                   "Temp Read Blocks": 0,
                                   "Temp Written Blocks": 0,
                                   "Plans": [
                                     {
                                       "Node Type": "CTE Scan",
                                       "Parent Relationship": "Outer",
                                       "Parallel Aware": false,
                                       "Async Capable": false,
                                       "CTE Name": "session",
                                       "Alias": "s_2",
                                       "Startup Cost": 0.00,
                                       "Total Cost": 0.02,
                                       "Plan Rows": 1,
                                       "Plan Width": 16,
                                       "Actual Startup Time": 0.000,
                                       "Actual Total Time": 0.000,
                                       "Actual Rows": 1.00,
                                       "Actual Loops": 1,
                                       "Disabled": false,
                                       "Storage": "Memory",
                                       "Maximum Storage": 17,
                                       "Shared Hit Blocks": 0,
                                       "Shared Read Blocks": 0,
                                       "Shared Dirtied Blocks": 0,
                                       "Shared Written Blocks": 0,
                                       "Local Hit Blocks": 0,
                                       "Local Read Blocks": 0,
                                       "Local Dirtied Blocks": 0,
                                       "Local Written Blocks": 0,
                                       "Temp Read Blocks": 0,
                                       "Temp Written Blocks": 0
                                     },
                                     {
                                       "Node Type": "Index Scan",
                                       "Parent Relationship": "Inner",
                                       "Parallel Aware": false,
                                       "Async Capable": false,
                                       "Scan Direction": "Forward",
                                       "Index Name": "ix_profile_folder_account_id_profile_id",
                                       "Relation Name": "profile_folder",
                                       "Alias": "pf",
                                       "Startup Cost": 0.15,
                                       "Total Cost": 8.17,
                                       "Plan Rows": 1,
                                       "Plan Width": 24,
                                       "Actual Startup Time": 0.008,
                                       "Actual Total Time": 0.008,
                                       "Actual Rows": 0.00,
                                       "Actual Loops": 1,
                                       "Disabled": false,
                                       "Index Cond": "((account_id = s_2.account_id) AND (profile_id = s_2.profile_id))",
                                       "Rows Removed by Index Recheck": 0,
                                       "Index Searches": 1,
                                       "Shared Hit Blocks": 2,
                                       "Shared Read Blocks": 0,
                                       "Shared Dirtied Blocks": 0,
                                       "Shared Written Blocks": 0,
                                       "Local Hit Blocks": 0,
                                       "Local Read Blocks": 0,
                                       "Local Dirtied Blocks": 0,
                                       "Local Written Blocks": 0,
                                       "Temp Read Blocks": 0,
                                       "Temp Written Blocks": 0
                                     }
                                   ]
                                 },
                                 {
                                   "Node Type": "Nested Loop",
                                   "Parent Relationship": "Member",
                                   "Parallel Aware": false,
                                   "Async Capable": false,
                                   "Join Type": "Inner",
                                   "Startup Cost": 0.15,
                                   "Total Cost": 8.20,
                                   "Plan Rows": 1,
                                   "Plan Width": 16,
                                   "Actual Startup Time": 0.001,
                                   "Actual Total Time": 0.001,
                                   "Actual Rows": 0.00,
                                   "Actual Loops": 1,
                                   "Disabled": false,
                                   "Inner Unique": false,
                                   "Shared Hit Blocks": 0,
                                   "Shared Read Blocks": 0,
                                   "Shared Dirtied Blocks": 0,
                                   "Shared Written Blocks": 0,
                                   "Local Hit Blocks": 0,
                                   "Local Read Blocks": 0,
                                   "Local Dirtied Blocks": 0,
                                   "Local Written Blocks": 0,
                                   "Temp Read Blocks": 0,
                                   "Temp Written Blocks": 0,
                                   "Plans": [
                                     {
                                       "Node Type": "CTE Scan",
                                       "Parent Relationship": "Outer",
                                       "Parallel Aware": false,
                                       "Async Capable": false,
                                       "CTE Name": "collections",
                                       "Alias": "c_1",
                                       "Startup Cost": 0.00,
                                       "Total Cost": 0.02,
                                       "Plan Rows": 1,
                                       "Plan Width": 16,
                                       "Actual Startup Time": 0.000,
                                       "Actual Total Time": 0.000,
                                       "Actual Rows": 0.00,
                                       "Actual Loops": 1,
                                       "Disabled": false,
                                       "Storage": "Memory",
                                       "Maximum Storage": 17,
                                       "Shared Hit Blocks": 0,
                                       "Shared Read Blocks": 0,
                                       "Shared Dirtied Blocks": 0,
                                       "Shared Written Blocks": 0,
                                       "Local Hit Blocks": 0,
                                       "Local Read Blocks": 0,
                                       "Local Dirtied Blocks": 0,
                                       "Local Written Blocks": 0,
                                       "Temp Read Blocks": 0,
                                       "Temp Written Blocks": 0
                                     },
                                     {
                                       "Node Type": "Index Scan",
                                       "Parent Relationship": "Inner",
                                       "Parallel Aware": false,
                                       "Async Capable": false,
                                       "Scan Direction": "Forward",
                                       "Index Name": "ix_collection_folder_account_id_collection_id",
                                       "Relation Name": "collection_folder",
                                       "Alias": "cf",
                                       "Startup Cost": 0.15,
                                       "Total Cost": 8.17,
                                       "Plan Rows": 1,
                                       "Plan Width": 24,
                                       "Actual Startup Time": 0.000,
                                       "Actual Total Time": 0.000,
                                       "Actual Rows": 0,
                                       "Actual Loops": 0,
                                       "Disabled": false,
                                       "Index Cond": "((account_id = c_1.account_id) AND (collection_id = c_1.id))",
                                       "Rows Removed by Index Recheck": 0,
                                       "Index Searches": 0,
                                       "Shared Hit Blocks": 0,
                                       "Shared Read Blocks": 0,
                                       "Shared Dirtied Blocks": 0,
                                       "Shared Written Blocks": 0,
                                       "Local Hit Blocks": 0,
                                       "Local Read Blocks": 0,
                                       "Local Dirtied Blocks": 0,
                                       "Local Written Blocks": 0,
                                       "Temp Read Blocks": 0,
                                       "Temp Written Blocks": 0
                                     }
                                   ]
                                 }
                               ]
                             }
                           ]
                         }
                       ]
                     },
                     {
                       "Node Type": "Index Scan",
                       "Parent Relationship": "Inner",
                       "Parallel Aware": false,
                       "Async Capable": false,
                       "Scan Direction": "Forward",
                       "Index Name": "pk_folder",
                       "Relation Name": "folder",
                       "Alias": "f",
                       "Startup Cost": 0.15,
                       "Total Cost": 8.17,
                       "Plan Rows": 1,
                       "Plan Width": 32,
                       "Actual Startup Time": 0.000,
                       "Actual Total Time": 0.000,
                       "Actual Rows": 0,
                       "Actual Loops": 0,
                       "Disabled": false,
                       "Index Cond": "(id = pf.folder_id)",
                       "Rows Removed by Index Recheck": 0,
                       "Filter": "((deleted_at IS NULL) AND (account_id = pf.account_id))",
                       "Rows Removed by Filter": 0,
                       "Index Searches": 0,
                       "Shared Hit Blocks": 0,
                       "Shared Read Blocks": 0,
                       "Shared Dirtied Blocks": 0,
                       "Shared Written Blocks": 0,
                       "Local Hit Blocks": 0,
                       "Local Read Blocks": 0,
                       "Local Dirtied Blocks": 0,
                       "Local Written Blocks": 0,
                       "Temp Read Blocks": 0,
                       "Temp Written Blocks": 0
                     }
                   ]
                 },
                 {
                   "Node Type": "Index Only Scan",
                   "Parent Relationship": "Inner",
                   "Parallel Aware": false,
                   "Async Capable": false,
                   "Scan Direction": "Forward",
                   "Index Name": "ix_terminal_erasure_resource_id",
                   "Relation Name": "terminal_erasure",
                   "Alias": "e_4",
                   "Startup Cost": 0.15,
                   "Total Cost": 5.17,
                   "Plan Rows": 1,
                   "Plan Width": 16,
                   "Actual Startup Time": 0.000,
                   "Actual Total Time": 0.000,
                   "Actual Rows": 0,
                   "Actual Loops": 0,
                   "Disabled": false,
                   "Index Cond": "(resource_id = f.public_id)",
                   "Rows Removed by Index Recheck": 0,
                   "Heap Fetches": 0,
                   "Index Searches": 0,
                   "Shared Hit Blocks": 0,
                   "Shared Read Blocks": 0,
                   "Shared Dirtied Blocks": 0,
                   "Shared Written Blocks": 0,
                   "Local Hit Blocks": 0,
                   "Local Read Blocks": 0,
                   "Local Dirtied Blocks": 0,
                   "Local Written Blocks": 0,
                   "Temp Read Blocks": 0,
                   "Temp Written Blocks": 0
                 }
               ]
             },
             {
               "Node Type": "Nested Loop",
               "Parent Relationship": "Inner",
               "Parallel Aware": false,
               "Async Capable": false,
               "Join Type": "Anti",
               "Startup Cost": 0.50,
               "Total Cost": 28.37,
               "Plan Rows": 1,
               "Plan Width": 16,
               "Actual Startup Time": 0.018,
               "Actual Total Time": 0.019,
               "Actual Rows": 0.00,
               "Actual Loops": 1,
               "Disabled": false,
               "Inner Unique": false,
               "Shared Hit Blocks": 2,
               "Shared Read Blocks": 0,
               "Shared Dirtied Blocks": 0,
               "Shared Written Blocks": 0,
               "Local Hit Blocks": 0,
               "Local Read Blocks": 0,
               "Local Dirtied Blocks": 0,
               "Local Written Blocks": 0,
               "Temp Read Blocks": 0,
               "Temp Written Blocks": 0,
               "Plans": [
                 {
                   "Node Type": "Hash Join",
                   "Parent Relationship": "Outer",
                   "Parallel Aware": false,
                   "Async Capable": false,
                   "Join Type": "Inner",
                   "Startup Cost": 0.35,
                   "Total Cost": 23.19,
                   "Plan Rows": 1,
                   "Plan Width": 32,
                   "Actual Startup Time": 0.018,
                   "Actual Total Time": 0.019,
                   "Actual Rows": 0.00,
                   "Actual Loops": 1,
                   "Disabled": false,
                   "Inner Unique": false,
                   "Hash Cond": "((f_1.account_id = parent.account_id) AND (f_1.parent_folder_id = parent.id))",
                   "Shared Hit Blocks": 2,
                   "Shared Read Blocks": 0,
                   "Shared Dirtied Blocks": 0,
                   "Shared Written Blocks": 0,
                   "Local Hit Blocks": 0,
                   "Local Read Blocks": 0,
                   "Local Dirtied Blocks": 0,
                   "Local Written Blocks": 0,
                   "Temp Read Blocks": 0,
                   "Temp Written Blocks": 0,
                   "Plans": [
                     {
                       "Node Type": "Seq Scan",
                       "Parent Relationship": "Outer",
                       "Parallel Aware": false,
                       "Async Capable": false,
                       "Relation Name": "folder",
                       "Alias": "f_1",
                       "Startup Cost": 0.00,
                       "Total Cost": 22.80,
                       "Plan Rows": 4,
                       "Plan Width": 40,
                       "Actual Startup Time": 0.004,
                       "Actual Total Time": 0.004,
                       "Actual Rows": 1.00,
                       "Actual Loops": 1,
                       "Disabled": false,
                       "Filter": "(deleted_at IS NULL)",
                       "Rows Removed by Filter": 0,
                       "Shared Hit Blocks": 2,
                       "Shared Read Blocks": 0,
                       "Shared Dirtied Blocks": 0,
                       "Shared Written Blocks": 0,
                       "Local Hit Blocks": 0,
                       "Local Read Blocks": 0,
                       "Local Dirtied Blocks": 0,
                       "Local Written Blocks": 0,
                       "Temp Read Blocks": 0,
                       "Temp Written Blocks": 0
                     },
                     {
                       "Node Type": "Hash",
                       "Parent Relationship": "Inner",
                       "Parallel Aware": false,
                       "Async Capable": false,
                       "Startup Cost": 0.20,
                       "Total Cost": 0.20,
                       "Plan Rows": 10,
                       "Plan Width": 16,
                       "Actual Startup Time": 0.003,
                       "Actual Total Time": 0.003,
                       "Actual Rows": 0.00,
                       "Actual Loops": 1,
                       "Disabled": false,
                       "Hash Buckets": 1024,
                       "Original Hash Buckets": 1024,
                       "Hash Batches": 1,
                       "Original Hash Batches": 1,
                       "Peak Memory Usage": 8,
                       "Shared Hit Blocks": 0,
                       "Shared Read Blocks": 0,
                       "Shared Dirtied Blocks": 0,
                       "Shared Written Blocks": 0,
                       "Local Hit Blocks": 0,
                       "Local Read Blocks": 0,
                       "Local Dirtied Blocks": 0,
                       "Local Written Blocks": 0,
                       "Temp Read Blocks": 0,
                       "Temp Written Blocks": 0,
                       "Plans": [
                         {
                           "Node Type": "WorkTable Scan",
                           "Parent Relationship": "Outer",
                           "Parallel Aware": false,
                           "Async Capable": false,
                           "CTE Name": "reachable",
                           "Alias": "parent",
                           "Startup Cost": 0.00,
                           "Total Cost": 0.20,
                           "Plan Rows": 10,
                           "Plan Width": 16,
                           "Actual Startup Time": 0.002,
                           "Actual Total Time": 0.002,
                           "Actual Rows": 0.00,
                           "Actual Loops": 1,
                           "Disabled": false,
                           "Shared Hit Blocks": 0,
                           "Shared Read Blocks": 0,
                           "Shared Dirtied Blocks": 0,
                           "Shared Written Blocks": 0,
                           "Local Hit Blocks": 0,
                           "Local Read Blocks": 0,
                           "Local Dirtied Blocks": 0,
                           "Local Written Blocks": 0,
                           "Temp Read Blocks": 0,
                           "Temp Written Blocks": 0
                         }
                       ]
                     }
                   ]
                 },
                 {
                   "Node Type": "Index Only Scan",
                   "Parent Relationship": "Inner",
                   "Parallel Aware": false,
                   "Async Capable": false,
                   "Scan Direction": "Forward",
                   "Index Name": "ix_terminal_erasure_resource_id",
                   "Relation Name": "terminal_erasure",
                   "Alias": "e_5",
                   "Startup Cost": 0.15,
                   "Total Cost": 5.17,
                   "Plan Rows": 1,
                   "Plan Width": 16,
                   "Actual Startup Time": 0.000,
                   "Actual Total Time": 0.000,
                   "Actual Rows": 0,
                   "Actual Loops": 0,
                   "Disabled": false,
                   "Index Cond": "(resource_id = f_1.public_id)",
                   "Rows Removed by Index Recheck": 0,
                   "Heap Fetches": 0,
                   "Index Searches": 0,
                   "Shared Hit Blocks": 0,
                   "Shared Read Blocks": 0,
                   "Shared Dirtied Blocks": 0,
                   "Shared Written Blocks": 0,
                   "Local Hit Blocks": 0,
                   "Local Read Blocks": 0,
                   "Local Dirtied Blocks": 0,
                   "Local Written Blocks": 0,
                   "Temp Read Blocks": 0,
                   "Temp Written Blocks": 0
                 }
               ]
             }
           ]
         },
         {
           "Node Type": "Nested Loop",
           "Parent Relationship": "InitPlan",
           "Subplan Name": "CTE candidates",
           "Parallel Aware": false,
           "Async Capable": false,
           "Join Type": "Anti",
           "Startup Cost": 62.24,
           "Total Cost": 98.72,
           "Plan Rows": 1,
           "Plan Width": 128,
           "Actual Startup Time": 0.236,
           "Actual Total Time": 0.262,
           "Actual Rows": 1.00,
           "Actual Loops": 1,
           "Disabled": false,
           "Inner Unique": false,
           "Shared Hit Blocks": 30,
           "Shared Read Blocks": 0,
           "Shared Dirtied Blocks": 0,
           "Shared Written Blocks": 0,
           "Local Hit Blocks": 0,
           "Local Read Blocks": 0,
           "Local Dirtied Blocks": 0,
           "Local Written Blocks": 0,
           "Temp Read Blocks": 0,
           "Temp Written Blocks": 0,
           "Plans": [
             {
               "Node Type": "Nested Loop",
               "Parent Relationship": "Outer",
               "Parallel Aware": false,
               "Async Capable": false,
               "Join Type": "Inner",
               "Startup Cost": 60.07,
               "Total Cost": 92.92,
               "Plan Rows": 1,
               "Plan Width": 144,
               "Actual Startup Time": 0.226,
               "Actual Total Time": 0.251,
               "Actual Rows": 1.00,
               "Actual Loops": 1,
               "Disabled": false,
               "Inner Unique": true,
               "Shared Hit Blocks": 28,
               "Shared Read Blocks": 0,
               "Shared Dirtied Blocks": 0,
               "Shared Written Blocks": 0,
               "Local Hit Blocks": 0,
               "Local Read Blocks": 0,
               "Local Dirtied Blocks": 0,
               "Local Written Blocks": 0,
               "Temp Read Blocks": 0,
               "Temp Written Blocks": 0,
               "Plans": [
                 {
                   "Node Type": "Hash Join",
                   "Parent Relationship": "Outer",
                   "Parallel Aware": false,
                   "Async Capable": false,
                   "Join Type": "Inner",
                   "Startup Cost": 59.92,
                   "Total Cost": 82.74,
                   "Plan Rows": 1,
                   "Plan Width": 128,
                   "Actual Startup Time": 0.217,
                   "Actual Total Time": 0.241,
                   "Actual Rows": 1.00,
                   "Actual Loops": 1,
                   "Disabled": false,
                   "Inner Unique": true,
                   "Hash Cond": "(r.id = r_1.id)",
                   "Shared Hit Blocks": 26,
                   "Shared Read Blocks": 0,
                   "Shared Dirtied Blocks": 0,
                   "Shared Written Blocks": 0,
                   "Local Hit Blocks": 0,
                   "Local Read Blocks": 0,
                   "Local Dirtied Blocks": 0,
                   "Local Written Blocks": 0,
                   "Temp Read Blocks": 0,
                   "Temp Written Blocks": 0,
                   "Plans": [
                     {
                       "Node Type": "Seq Scan",
                       "Parent Relationship": "Outer",
                       "Parallel Aware": false,
                       "Async Capable": false,
                       "Relation Name": "record",
                       "Alias": "r",
                       "Startup Cost": 0.00,
                       "Total Cost": 22.80,
                       "Plan Rows": 4,
                       "Plan Width": 128,
                       "Actual Startup Time": 0.005,
                       "Actual Total Time": 0.065,
                       "Actual Rows": 405.00,
                       "Actual Loops": 1,
                       "Disabled": false,
                       "Filter": "(deleted_at IS NULL)",
                       "Rows Removed by Filter": 0,
                       "Shared Hit Blocks": 15,
                       "Shared Read Blocks": 0,
                       "Shared Dirtied Blocks": 0,
                       "Shared Written Blocks": 0,
                       "Local Hit Blocks": 0,
                       "Local Read Blocks": 0,
                       "Local Dirtied Blocks": 0,
                       "Local Written Blocks": 0,
                       "Temp Read Blocks": 0,
                       "Temp Written Blocks": 0
                     },
                     {
                       "Node Type": "Hash",
                       "Parent Relationship": "Inner",
                       "Parallel Aware": false,
                       "Async Capable": false,
                       "Startup Cost": 59.84,
                       "Total Cost": 59.84,
                       "Plan Rows": 7,
                       "Plan Width": 8,
                       "Actual Startup Time": 0.137,
                       "Actual Total Time": 0.140,
                       "Actual Rows": 1.00,
                       "Actual Loops": 1,
                       "Disabled": false,
                       "Hash Buckets": 1024,
                       "Original Hash Buckets": 1024,
                       "Hash Batches": 1,
                       "Original Hash Batches": 1,
                       "Peak Memory Usage": 9,
                       "Shared Hit Blocks": 11,
                       "Shared Read Blocks": 0,
                       "Shared Dirtied Blocks": 0,
                       "Shared Written Blocks": 0,
                       "Local Hit Blocks": 0,
                       "Local Read Blocks": 0,
                       "Local Dirtied Blocks": 0,
                       "Local Written Blocks": 0,
                       "Temp Read Blocks": 0,
                       "Temp Written Blocks": 0,
                       "Plans": [
                         {
                           "Node Type": "Unique",
                           "Parent Relationship": "Outer",
                           "Parallel Aware": false,
                           "Async Capable": false,
                           "Startup Cost": 59.80,
                           "Total Cost": 59.84,
                           "Plan Rows": 7,
                           "Plan Width": 8,
                           "Actual Startup Time": 0.132,
                           "Actual Total Time": 0.136,
                           "Actual Rows": 1.00,
                           "Actual Loops": 1,
                           "Disabled": false,
                           "Shared Hit Blocks": 11,
                           "Shared Read Blocks": 0,
                           "Shared Dirtied Blocks": 0,
                           "Shared Written Blocks": 0,
                           "Local Hit Blocks": 0,
                           "Local Read Blocks": 0,
                           "Local Dirtied Blocks": 0,
                           "Local Written Blocks": 0,
                           "Temp Read Blocks": 0,
                           "Temp Written Blocks": 0,
                           "Plans": [
                             {
                               "Node Type": "Sort",
                               "Parent Relationship": "Outer",
                               "Parallel Aware": false,
                               "Async Capable": false,
                               "Startup Cost": 59.80,
                               "Total Cost": 59.82,
                               "Plan Rows": 7,
                               "Plan Width": 8,
                               "Actual Startup Time": 0.131,
                               "Actual Total Time": 0.135,
                               "Actual Rows": 1.00,
                               "Actual Loops": 1,
                               "Disabled": false,
                               "Sort Key": ["r_1.id"],
                               "Sort Method": "quicksort",
                               "Sort Space Used": 25,
                               "Sort Space Type": "Memory",
                               "Shared Hit Blocks": 11,
                               "Shared Read Blocks": 0,
                               "Shared Dirtied Blocks": 0,
                               "Shared Written Blocks": 0,
                               "Local Hit Blocks": 0,
                               "Local Read Blocks": 0,
                               "Local Dirtied Blocks": 0,
                               "Local Written Blocks": 0,
                               "Temp Read Blocks": 0,
                               "Temp Written Blocks": 0,
                               "Plans": [
                                 {
                                   "Node Type": "Append",
                                   "Parent Relationship": "Outer",
                                   "Parallel Aware": false,
                                   "Async Capable": false,
                                   "Startup Cost": 4.31,
                                   "Total Cost": 59.70,
                                   "Plan Rows": 7,
                                   "Plan Width": 8,
                                   "Actual Startup Time": 0.016,
                                   "Actual Total Time": 0.113,
                                   "Actual Rows": 1.00,
                                   "Actual Loops": 1,
                                   "Disabled": false,
                                   "Shared Hit Blocks": 11,
                                   "Shared Read Blocks": 0,
                                   "Shared Dirtied Blocks": 0,
                                   "Shared Written Blocks": 0,
                                   "Local Hit Blocks": 0,
                                   "Local Read Blocks": 0,
                                   "Local Dirtied Blocks": 0,
                                   "Local Written Blocks": 0,
                                   "Temp Read Blocks": 0,
                                   "Temp Written Blocks": 0,
                                   "Subplans Removed": 0,
                                   "Plans": [
                                     {
                                       "Node Type": "Nested Loop",
                                       "Parent Relationship": "Member",
                                       "Parallel Aware": false,
                                       "Async Capable": false,
                                       "Join Type": "Inner",
                                       "Startup Cost": 4.31,
                                       "Total Cost": 14.22,
                                       "Plan Rows": 4,
                                       "Plan Width": 8,
                                       "Actual Startup Time": 0.002,
                                       "Actual Total Time": 0.003,
                                       "Actual Rows": 0.00,
                                       "Actual Loops": 1,
                                       "Disabled": false,
                                       "Inner Unique": false,
                                       "Shared Hit Blocks": 0,
                                       "Shared Read Blocks": 0,
                                       "Shared Dirtied Blocks": 0,
                                       "Shared Written Blocks": 0,
                                       "Local Hit Blocks": 0,
                                       "Local Read Blocks": 0,
                                       "Local Dirtied Blocks": 0,
                                       "Local Written Blocks": 0,
                                       "Temp Read Blocks": 0,
                                       "Temp Written Blocks": 0,
                                       "Plans": [
                                         {
                                           "Node Type": "CTE Scan",
                                           "Parent Relationship": "Outer",
                                           "Parallel Aware": false,
                                           "Async Capable": false,
                                           "CTE Name": "session",
                                           "Alias": "s_3",
                                           "Startup Cost": 0.00,
                                           "Total Cost": 0.02,
                                           "Plan Rows": 1,
                                           "Plan Width": 8,
                                           "Actual Startup Time": 0.002,
                                           "Actual Total Time": 0.002,
                                           "Actual Rows": 0.00,
                                           "Actual Loops": 1,
                                           "Disabled": false,
                                           "Filter": "(profile_id IS NULL)",
                                           "Rows Removed by Filter": 1,
                                           "Storage": "Memory",
                                           "Maximum Storage": 17,
                                           "Shared Hit Blocks": 0,
                                           "Shared Read Blocks": 0,
                                           "Shared Dirtied Blocks": 0,
                                           "Shared Written Blocks": 0,
                                           "Local Hit Blocks": 0,
                                           "Local Read Blocks": 0,
                                           "Local Dirtied Blocks": 0,
                                           "Local Written Blocks": 0,
                                           "Temp Read Blocks": 0,
                                           "Temp Written Blocks": 0
                                         },
                                         {
                                           "Node Type": "Bitmap Heap Scan",
                                           "Parent Relationship": "Inner",
                                           "Parallel Aware": false,
                                           "Async Capable": false,
                                           "Relation Name": "record",
                                           "Alias": "r_1",
                                           "Startup Cost": 4.31,
                                           "Total Cost": 14.16,
                                           "Plan Rows": 4,
                                           "Plan Width": 16,
                                           "Actual Startup Time": 0.000,
                                           "Actual Total Time": 0.000,
                                           "Actual Rows": 0,
                                           "Actual Loops": 0,
                                           "Disabled": false,
                                           "Recheck Cond": "(account_id = s_3.account_id)",
                                           "Rows Removed by Index Recheck": 0,
                                           "Exact Heap Blocks": 0,
                                           "Lossy Heap Blocks": 0,
                                           "Shared Hit Blocks": 0,
                                           "Shared Read Blocks": 0,
                                           "Shared Dirtied Blocks": 0,
                                           "Shared Written Blocks": 0,
                                           "Local Hit Blocks": 0,
                                           "Local Read Blocks": 0,
                                           "Local Dirtied Blocks": 0,
                                           "Local Written Blocks": 0,
                                           "Temp Read Blocks": 0,
                                           "Temp Written Blocks": 0,
                                           "Plans": [
                                             {
                                               "Node Type": "Bitmap Index Scan",
                                               "Parent Relationship": "Outer",
                                               "Parallel Aware": false,
                                               "Async Capable": false,
                                               "Index Name": "ix_record_account_id_server_sequence",
                                               "Startup Cost": 0.00,
                                               "Total Cost": 4.31,
                                               "Plan Rows": 4,
                                               "Plan Width": 0,
                                               "Actual Startup Time": 0.000,
                                               "Actual Total Time": 0.000,
                                               "Actual Rows": 0,
                                               "Actual Loops": 0,
                                               "Disabled": false,
                                               "Index Cond": "(account_id = s_3.account_id)",
                                               "Index Searches": 0,
                                               "Shared Hit Blocks": 0,
                                               "Shared Read Blocks": 0,
                                               "Shared Dirtied Blocks": 0,
                                               "Shared Written Blocks": 0,
                                               "Local Hit Blocks": 0,
                                               "Local Read Blocks": 0,
                                               "Local Dirtied Blocks": 0,
                                               "Local Written Blocks": 0,
                                               "Temp Read Blocks": 0,
                                               "Temp Written Blocks": 0
                                             }
                                           ]
                                         }
                                       ]
                                     },
                                     {
                                       "Node Type": "Nested Loop",
                                       "Parent Relationship": "Member",
                                       "Parallel Aware": false,
                                       "Async Capable": false,
                                       "Join Type": "Inner",
                                       "Startup Cost": 0.15,
                                       "Total Cost": 8.20,
                                       "Plan Rows": 1,
                                       "Plan Width": 8,
                                       "Actual Startup Time": 0.012,
                                       "Actual Total Time": 0.013,
                                       "Actual Rows": 1.00,
                                       "Actual Loops": 1,
                                       "Disabled": false,
                                       "Inner Unique": false,
                                       "Shared Hit Blocks": 2,
                                       "Shared Read Blocks": 0,
                                       "Shared Dirtied Blocks": 0,
                                       "Shared Written Blocks": 0,
                                       "Local Hit Blocks": 0,
                                       "Local Read Blocks": 0,
                                       "Local Dirtied Blocks": 0,
                                       "Local Written Blocks": 0,
                                       "Temp Read Blocks": 0,
                                       "Temp Written Blocks": 0,
                                       "Plans": [
                                         {
                                           "Node Type": "CTE Scan",
                                           "Parent Relationship": "Outer",
                                           "Parallel Aware": false,
                                           "Async Capable": false,
                                           "CTE Name": "session",
                                           "Alias": "s_4",
                                           "Startup Cost": 0.00,
                                           "Total Cost": 0.02,
                                           "Plan Rows": 1,
                                           "Plan Width": 16,
                                           "Actual Startup Time": 0.000,
                                           "Actual Total Time": 0.000,
                                           "Actual Rows": 1.00,
                                           "Actual Loops": 1,
                                           "Disabled": false,
                                           "Storage": "Memory",
                                           "Maximum Storage": 17,
                                           "Shared Hit Blocks": 0,
                                           "Shared Read Blocks": 0,
                                           "Shared Dirtied Blocks": 0,
                                           "Shared Written Blocks": 0,
                                           "Local Hit Blocks": 0,
                                           "Local Read Blocks": 0,
                                           "Local Dirtied Blocks": 0,
                                           "Local Written Blocks": 0,
                                           "Temp Read Blocks": 0,
                                           "Temp Written Blocks": 0
                                         },
                                         {
                                           "Node Type": "Index Scan",
                                           "Parent Relationship": "Inner",
                                           "Parallel Aware": false,
                                           "Async Capable": false,
                                           "Scan Direction": "Forward",
                                           "Index Name": "ix_profile_record_account_id_profile_id",
                                           "Relation Name": "profile_record",
                                           "Alias": "pr",
                                           "Startup Cost": 0.15,
                                           "Total Cost": 8.17,
                                           "Plan Rows": 1,
                                           "Plan Width": 24,
                                           "Actual Startup Time": 0.010,
                                           "Actual Total Time": 0.010,
                                           "Actual Rows": 1.00,
                                           "Actual Loops": 1,
                                           "Disabled": false,
                                           "Index Cond": "((account_id = s_4.account_id) AND (profile_id = s_4.profile_id))",
                                           "Rows Removed by Index Recheck": 0,
                                           "Index Searches": 1,
                                           "Shared Hit Blocks": 2,
                                           "Shared Read Blocks": 0,
                                           "Shared Dirtied Blocks": 0,
                                           "Shared Written Blocks": 0,
                                           "Local Hit Blocks": 0,
                                           "Local Read Blocks": 0,
                                           "Local Dirtied Blocks": 0,
                                           "Local Written Blocks": 0,
                                           "Temp Read Blocks": 0,
                                           "Temp Written Blocks": 0
                                         }
                                       ]
                                     },
                                     {
                                       "Node Type": "Nested Loop",
                                       "Parent Relationship": "Member",
                                       "Parallel Aware": false,
                                       "Async Capable": false,
                                       "Join Type": "Inner",
                                       "Startup Cost": 0.15,
                                       "Total Cost": 8.20,
                                       "Plan Rows": 1,
                                       "Plan Width": 8,
                                       "Actual Startup Time": 0.030,
                                       "Actual Total Time": 0.031,
                                       "Actual Rows": 0.00,
                                       "Actual Loops": 1,
                                       "Disabled": false,
                                       "Inner Unique": false,
                                       "Shared Hit Blocks": 3,
                                       "Shared Read Blocks": 0,
                                       "Shared Dirtied Blocks": 0,
                                       "Shared Written Blocks": 0,
                                       "Local Hit Blocks": 0,
                                       "Local Read Blocks": 0,
                                       "Local Dirtied Blocks": 0,
                                       "Local Written Blocks": 0,
                                       "Temp Read Blocks": 0,
                                       "Temp Written Blocks": 0,
                                       "Plans": [
                                         {
                                           "Node Type": "CTE Scan",
                                           "Parent Relationship": "Outer",
                                           "Parallel Aware": false,
                                           "Async Capable": false,
                                           "CTE Name": "collections",
                                           "Alias": "c_2",
                                           "Startup Cost": 0.00,
                                           "Total Cost": 0.02,
                                           "Plan Rows": 1,
                                           "Plan Width": 16,
                                           "Actual Startup Time": 0.030,
                                           "Actual Total Time": 0.030,
                                           "Actual Rows": 0.00,
                                           "Actual Loops": 1,
                                           "Disabled": false,
                                           "Storage": "Memory",
                                           "Maximum Storage": 17,
                                           "Shared Hit Blocks": 3,
                                           "Shared Read Blocks": 0,
                                           "Shared Dirtied Blocks": 0,
                                           "Shared Written Blocks": 0,
                                           "Local Hit Blocks": 0,
                                           "Local Read Blocks": 0,
                                           "Local Dirtied Blocks": 0,
                                           "Local Written Blocks": 0,
                                           "Temp Read Blocks": 0,
                                           "Temp Written Blocks": 0
                                         },
                                         {
                                           "Node Type": "Index Scan",
                                           "Parent Relationship": "Inner",
                                           "Parallel Aware": false,
                                           "Async Capable": false,
                                           "Scan Direction": "Forward",
                                           "Index Name": "ix_collection_record_account_id_collection_id",
                                           "Relation Name": "collection_record",
                                           "Alias": "cr",
                                           "Startup Cost": 0.15,
                                           "Total Cost": 8.17,
                                           "Plan Rows": 1,
                                           "Plan Width": 24,
                                           "Actual Startup Time": 0.000,
                                           "Actual Total Time": 0.000,
                                           "Actual Rows": 0,
                                           "Actual Loops": 0,
                                           "Disabled": false,
                                           "Index Cond": "((account_id = c_2.account_id) AND (collection_id = c_2.id))",
                                           "Rows Removed by Index Recheck": 0,
                                           "Index Searches": 0,
                                           "Shared Hit Blocks": 0,
                                           "Shared Read Blocks": 0,
                                           "Shared Dirtied Blocks": 0,
                                           "Shared Written Blocks": 0,
                                           "Local Hit Blocks": 0,
                                           "Local Read Blocks": 0,
                                           "Local Dirtied Blocks": 0,
                                           "Local Written Blocks": 0,
                                           "Temp Read Blocks": 0,
                                           "Temp Written Blocks": 0
                                         }
                                       ]
                                     },
                                     {
                                       "Node Type": "Hash Join",
                                       "Parent Relationship": "Member",
                                       "Parallel Aware": false,
                                       "Async Capable": false,
                                       "Join Type": "Inner",
                                       "Startup Cost": 0.39,
                                       "Total Cost": 29.05,
                                       "Plan Rows": 1,
                                       "Plan Width": 8,
                                       "Actual Startup Time": 0.062,
                                       "Actual Total Time": 0.063,
                                       "Actual Rows": 0.00,
                                       "Actual Loops": 1,
                                       "Disabled": false,
                                       "Inner Unique": false,
                                       "Hash Cond": "((r_2.account_id = f_2.account_id) AND (r_2.folder_id = f_2.id))",
                                       "Shared Hit Blocks": 6,
                                       "Shared Read Blocks": 0,
                                       "Shared Dirtied Blocks": 0,
                                       "Shared Written Blocks": 0,
                                       "Local Hit Blocks": 0,
                                       "Local Read Blocks": 0,
                                       "Local Dirtied Blocks": 0,
                                       "Local Written Blocks": 0,
                                       "Temp Read Blocks": 0,
                                       "Temp Written Blocks": 0,
                                       "Plans": [
                                         {
                                           "Node Type": "Seq Scan",
                                           "Parent Relationship": "Outer",
                                           "Parallel Aware": false,
                                           "Async Capable": false,
                                           "Relation Name": "record",
                                           "Alias": "r_2",
                                           "Startup Cost": 0.00,
                                           "Total Cost": 22.80,
                                           "Plan Rows": 780,
                                           "Plan Width": 24,
                                           "Actual Startup Time": 0.002,
                                           "Actual Total Time": 0.002,
                                           "Actual Rows": 1.00,
                                           "Actual Loops": 1,
                                           "Disabled": false,
                                           "Shared Hit Blocks": 2,
                                           "Shared Read Blocks": 0,
                                           "Shared Dirtied Blocks": 0,
                                           "Shared Written Blocks": 0,
                                           "Local Hit Blocks": 0,
                                           "Local Read Blocks": 0,
                                           "Local Dirtied Blocks": 0,
                                           "Local Written Blocks": 0,
                                           "Temp Read Blocks": 0,
                                           "Temp Written Blocks": 0
                                         },
                                         {
                                           "Node Type": "Hash",
                                           "Parent Relationship": "Inner",
                                           "Parallel Aware": false,
                                           "Async Capable": false,
                                           "Startup Cost": 0.22,
                                           "Total Cost": 0.22,
                                           "Plan Rows": 11,
                                           "Plan Width": 16,
                                           "Actual Startup Time": 0.042,
                                           "Actual Total Time": 0.042,
                                           "Actual Rows": 0.00,
                                           "Actual Loops": 1,
                                           "Disabled": false,
                                           "Hash Buckets": 1024,
                                           "Original Hash Buckets": 1024,
                                           "Hash Batches": 1,
                                           "Original Hash Batches": 1,
                                           "Peak Memory Usage": 8,
                                           "Shared Hit Blocks": 4,
                                           "Shared Read Blocks": 0,
                                           "Shared Dirtied Blocks": 0,
                                           "Shared Written Blocks": 0,
                                           "Local Hit Blocks": 0,
                                           "Local Read Blocks": 0,
                                           "Local Dirtied Blocks": 0,
                                           "Local Written Blocks": 0,
                                           "Temp Read Blocks": 0,
                                           "Temp Written Blocks": 0,
                                           "Plans": [
                                             {
                                               "Node Type": "CTE Scan",
                                               "Parent Relationship": "Outer",
                                               "Parallel Aware": false,
                                               "Async Capable": false,
                                               "CTE Name": "reachable",
                                               "Alias": "f_2",
                                               "Startup Cost": 0.00,
                                               "Total Cost": 0.22,
                                               "Plan Rows": 11,
                                               "Plan Width": 16,
                                               "Actual Startup Time": 0.042,
                                               "Actual Total Time": 0.042,
                                               "Actual Rows": 0.00,
                                               "Actual Loops": 1,
                                               "Disabled": false,
                                               "Storage": "Memory",
                                               "Maximum Storage": 17,
                                               "Shared Hit Blocks": 4,
                                               "Shared Read Blocks": 0,
                                               "Shared Dirtied Blocks": 0,
                                               "Shared Written Blocks": 0,
                                               "Local Hit Blocks": 0,
                                               "Local Read Blocks": 0,
                                               "Local Dirtied Blocks": 0,
                                               "Local Written Blocks": 0,
                                               "Temp Read Blocks": 0,
                                               "Temp Written Blocks": 0
                                             }
                                           ]
                                         }
                                       ]
                                     }
                                   ]
                                 }
                               ]
                             }
                           ]
                         }
                       ]
                     }
                   ]
                 },
                 {
                   "Node Type": "Index Scan",
                   "Parent Relationship": "Inner",
                   "Parallel Aware": false,
                   "Async Capable": false,
                   "Scan Direction": "Forward",
                   "Index Name": "pk_account",
                   "Relation Name": "account",
                   "Alias": "owner_1",
                   "Startup Cost": 0.15,
                   "Total Cost": 6.17,
                   "Plan Rows": 1,
                   "Plan Width": 24,
                   "Actual Startup Time": 0.007,
                   "Actual Total Time": 0.007,
                   "Actual Rows": 1.00,
                   "Actual Loops": 1,
                   "Disabled": false,
                   "Index Cond": "(id = r.account_id)",
                   "Rows Removed by Index Recheck": 0,
                   "Filter": "(state = 0)",
                   "Rows Removed by Filter": 0,
                   "Index Searches": 1,
                   "Shared Hit Blocks": 2,
                   "Shared Read Blocks": 0,
                   "Shared Dirtied Blocks": 0,
                   "Shared Written Blocks": 0,
                   "Local Hit Blocks": 0,
                   "Local Read Blocks": 0,
                   "Local Dirtied Blocks": 0,
                   "Local Written Blocks": 0,
                   "Temp Read Blocks": 0,
                   "Temp Written Blocks": 0
                 }
               ]
             },
             {
               "Node Type": "Bitmap Heap Scan",
               "Parent Relationship": "Inner",
               "Parallel Aware": false,
               "Async Capable": false,
               "Relation Name": "terminal_erasure",
               "Alias": "e_6",
               "Startup Cost": 2.17,
               "Total Cost": 7.51,
               "Plan Rows": 2,
               "Plan Width": 16,
               "Actual Startup Time": 0.008,
               "Actual Total Time": 0.008,
               "Actual Rows": 0.00,
               "Actual Loops": 1,
               "Disabled": false,
               "Recheck Cond": "((resource_id = r.public_id) OR (resource_id = owner_1.public_id))",
               "Rows Removed by Index Recheck": 0,
               "Exact Heap Blocks": 0,
               "Lossy Heap Blocks": 0,
               "Shared Hit Blocks": 2,
               "Shared Read Blocks": 0,
               "Shared Dirtied Blocks": 0,
               "Shared Written Blocks": 0,
               "Local Hit Blocks": 0,
               "Local Read Blocks": 0,
               "Local Dirtied Blocks": 0,
               "Local Written Blocks": 0,
               "Temp Read Blocks": 0,
               "Temp Written Blocks": 0,
               "Plans": [
                 {
                   "Node Type": "Bitmap Index Scan",
                   "Parent Relationship": "Outer",
                   "Parallel Aware": false,
                   "Async Capable": false,
                   "Index Name": "ix_terminal_erasure_resource_id",
                   "Startup Cost": 0.00,
                   "Total Cost": 2.17,
                   "Plan Rows": 2,
                   "Plan Width": 0,
                   "Actual Startup Time": 0.003,
                   "Actual Total Time": 0.003,
                   "Actual Rows": 0.00,
                   "Actual Loops": 1,
                   "Disabled": false,
                   "Index Cond": "(resource_id = ANY (ARRAY[r.public_id, owner_1.public_id]))",
                   "Index Searches": 1,
                   "Shared Hit Blocks": 2,
                   "Shared Read Blocks": 0,
                   "Shared Dirtied Blocks": 0,
                   "Shared Written Blocks": 0,
                   "Local Hit Blocks": 0,
                   "Local Read Blocks": 0,
                   "Local Dirtied Blocks": 0,
                   "Local Written Blocks": 0,
                   "Temp Read Blocks": 0,
                   "Temp Written Blocks": 0
                 }
               ]
             }
           ]
         },
         {
           "Node Type": "Recursive Union",
           "Parent Relationship": "InitPlan",
           "Subplan Name": "CTE ancestry",
           "Parallel Aware": false,
           "Async Capable": false,
           "Startup Cost": 0.15,
           "Total Cost": 389.30,
           "Plan Rows": 11,
           "Plan Width": 66,
           "Actual Startup Time": 0.267,
           "Actual Total Time": 0.269,
           "Actual Rows": 0.00,
           "Actual Loops": 1,
           "Disabled": false,
           "Storage": "Memory",
           "Maximum Storage": 33,
           "Shared Hit Blocks": 30,
           "Shared Read Blocks": 0,
           "Shared Dirtied Blocks": 0,
           "Shared Written Blocks": 0,
           "Local Hit Blocks": 0,
           "Local Read Blocks": 0,
           "Local Dirtied Blocks": 0,
           "Local Written Blocks": 0,
           "Temp Read Blocks": 0,
           "Temp Written Blocks": 0,
           "Plans": [
             {
               "Node Type": "Nested Loop",
               "Parent Relationship": "Outer",
               "Parallel Aware": false,
               "Async Capable": false,
               "Join Type": "Inner",
               "Startup Cost": 0.15,
               "Total Cost": 16.37,
               "Plan Rows": 1,
               "Plan Width": 66,
               "Actual Startup Time": 0.266,
               "Actual Total Time": 0.266,
               "Actual Rows": 0.00,
               "Actual Loops": 1,
               "Disabled": false,
               "Inner Unique": true,
               "Shared Hit Blocks": 30,
               "Shared Read Blocks": 0,
               "Shared Dirtied Blocks": 0,
               "Shared Written Blocks": 0,
               "Local Hit Blocks": 0,
               "Local Read Blocks": 0,
               "Local Dirtied Blocks": 0,
               "Local Written Blocks": 0,
               "Temp Read Blocks": 0,
               "Temp Written Blocks": 0,
               "Plans": [
                 {
                   "Node Type": "CTE Scan",
                   "Parent Relationship": "Outer",
                   "Parallel Aware": false,
                   "Async Capable": false,
                   "CTE Name": "candidates",
                   "Alias": "r_3",
                   "Startup Cost": 0.00,
                   "Total Cost": 0.02,
                   "Plan Rows": 1,
                   "Plan Width": 24,
                   "Actual Startup Time": 0.238,
                   "Actual Total Time": 0.260,
                   "Actual Rows": 1.00,
                   "Actual Loops": 1,
                   "Disabled": false,
                   "Storage": "Memory",
                   "Maximum Storage": 17,
                   "Shared Hit Blocks": 30,
                   "Shared Read Blocks": 0,
                   "Shared Dirtied Blocks": 0,
                   "Shared Written Blocks": 0,
                   "Local Hit Blocks": 0,
                   "Local Read Blocks": 0,
                   "Local Dirtied Blocks": 0,
                   "Local Written Blocks": 0,
                   "Temp Read Blocks": 0,
                   "Temp Written Blocks": 0
                 },
                 {
                   "Node Type": "Index Scan",
                   "Parent Relationship": "Inner",
                   "Parallel Aware": false,
                   "Async Capable": false,
                   "Scan Direction": "Forward",
                   "Index Name": "pk_folder",
                   "Relation Name": "folder",
                   "Alias": "f_3",
                   "Startup Cost": 0.15,
                   "Total Cost": 8.17,
                   "Plan Rows": 1,
                   "Plan Width": 48,
                   "Actual Startup Time": 0.004,
                   "Actual Total Time": 0.005,
                   "Actual Rows": 0.00,
                   "Actual Loops": 1,
                   "Disabled": false,
                   "Index Cond": "(id = r_3.folder_id)",
                   "Rows Removed by Index Recheck": 0,
                   "Filter": "(account_id = r_3.account_id)",
                   "Rows Removed by Filter": 0,
                   "Index Searches": 0,
                   "Shared Hit Blocks": 0,
                   "Shared Read Blocks": 0,
                   "Shared Dirtied Blocks": 0,
                   "Shared Written Blocks": 0,
                   "Local Hit Blocks": 0,
                   "Local Read Blocks": 0,
                   "Local Dirtied Blocks": 0,
                   "Local Written Blocks": 0,
                   "Temp Read Blocks": 0,
                   "Temp Written Blocks": 0
                 },
                 {
                   "Node Type": "Index Only Scan",
                   "Parent Relationship": "SubPlan",
                   "Subplan Name": "SubPlan 10",
                   "Parallel Aware": false,
                   "Async Capable": false,
                   "Scan Direction": "Forward",
                   "Index Name": "ix_terminal_erasure_resource_id",
                   "Relation Name": "terminal_erasure",
                   "Alias": "e_7",
                   "Startup Cost": 0.15,
                   "Total Cost": 8.17,
                   "Plan Rows": 1,
                   "Plan Width": 0,
                   "Actual Startup Time": 0.000,
                   "Actual Total Time": 0.000,
                   "Actual Rows": 0,
                   "Actual Loops": 0,
                   "Disabled": false,
                   "Index Cond": "(resource_id = f_3.public_id)",
                   "Rows Removed by Index Recheck": 0,
                   "Heap Fetches": 0,
                   "Index Searches": 0,
                   "Shared Hit Blocks": 0,
                   "Shared Read Blocks": 0,
                   "Shared Dirtied Blocks": 0,
                   "Shared Written Blocks": 0,
                   "Local Hit Blocks": 0,
                   "Local Read Blocks": 0,
                   "Local Dirtied Blocks": 0,
                   "Local Written Blocks": 0,
                   "Temp Read Blocks": 0,
                   "Temp Written Blocks": 0
                 }
               ]
             },
             {
               "Node Type": "Nested Loop",
               "Parent Relationship": "Inner",
               "Parallel Aware": false,
               "Async Capable": false,
               "Join Type": "Inner",
               "Startup Cost": 0.15,
               "Total Cost": 37.28,
               "Plan Rows": 1,
               "Plan Width": 66,
               "Actual Startup Time": 0.001,
               "Actual Total Time": 0.002,
               "Actual Rows": 0.00,
               "Actual Loops": 1,
               "Disabled": false,
               "Inner Unique": true,
               "Shared Hit Blocks": 0,
               "Shared Read Blocks": 0,
               "Shared Dirtied Blocks": 0,
               "Shared Written Blocks": 0,
               "Local Hit Blocks": 0,
               "Local Read Blocks": 0,
               "Local Dirtied Blocks": 0,
               "Local Written Blocks": 0,
               "Temp Read Blocks": 0,
               "Temp Written Blocks": 0,
               "Plans": [
                 {
                   "Node Type": "WorkTable Scan",
                   "Parent Relationship": "Outer",
                   "Parallel Aware": false,
                   "Async Capable": false,
                   "CTE Name": "ancestry",
                   "Alias": "t",
                   "Startup Cost": 0.00,
                   "Total Cost": 0.20,
                   "Plan Rows": 5,
                   "Plan Width": 57,
                   "Actual Startup Time": 0.001,
                   "Actual Total Time": 0.001,
                   "Actual Rows": 0.00,
                   "Actual Loops": 1,
                   "Disabled": false,
                   "Filter": "(NOT cycle)",
                   "Rows Removed by Filter": 0,
                   "Shared Hit Blocks": 0,
                   "Shared Read Blocks": 0,
                   "Shared Dirtied Blocks": 0,
                   "Shared Written Blocks": 0,
                   "Local Hit Blocks": 0,
                   "Local Read Blocks": 0,
                   "Local Dirtied Blocks": 0,
                   "Local Written Blocks": 0,
                   "Temp Read Blocks": 0,
                   "Temp Written Blocks": 0
                 },
                 {
                   "Node Type": "Index Scan",
                   "Parent Relationship": "Inner",
                   "Parallel Aware": false,
                   "Async Capable": false,
                   "Scan Direction": "Forward",
                   "Index Name": "pk_folder",
                   "Relation Name": "folder",
                   "Alias": "f_4",
                   "Startup Cost": 0.15,
                   "Total Cost": 5.77,
                   "Plan Rows": 1,
                   "Plan Width": 48,
                   "Actual Startup Time": 0.000,
                   "Actual Total Time": 0.000,
                   "Actual Rows": 0,
                   "Actual Loops": 0,
                   "Disabled": false,
                   "Index Cond": "(id = t.parent_folder_id)",
                   "Rows Removed by Index Recheck": 0,
                   "Filter": "(account_id = t.account_id)",
                   "Rows Removed by Filter": 0,
                   "Index Searches": 0,
                   "Shared Hit Blocks": 0,
                   "Shared Read Blocks": 0,
                   "Shared Dirtied Blocks": 0,
                   "Shared Written Blocks": 0,
                   "Local Hit Blocks": 0,
                   "Local Read Blocks": 0,
                   "Local Dirtied Blocks": 0,
                   "Local Written Blocks": 0,
                   "Temp Read Blocks": 0,
                   "Temp Written Blocks": 0
                 },
                 {
                   "Node Type": "Index Only Scan",
                   "Parent Relationship": "SubPlan",
                   "Subplan Name": "SubPlan 12",
                   "Parallel Aware": false,
                   "Async Capable": false,
                   "Scan Direction": "Forward",
                   "Index Name": "ix_terminal_erasure_resource_id",
                   "Relation Name": "terminal_erasure",
                   "Alias": "e_8",
                   "Startup Cost": 0.15,
                   "Total Cost": 8.17,
                   "Plan Rows": 1,
                   "Plan Width": 0,
                   "Actual Startup Time": 0.000,
                   "Actual Total Time": 0.000,
                   "Actual Rows": 0,
                   "Actual Loops": 0,
                   "Disabled": false,
                   "Index Cond": "(resource_id = f_4.public_id)",
                   "Rows Removed by Index Recheck": 0,
                   "Heap Fetches": 0,
                   "Index Searches": 0,
                   "Shared Hit Blocks": 0,
                   "Shared Read Blocks": 0,
                   "Shared Dirtied Blocks": 0,
                   "Shared Written Blocks": 0,
                   "Local Hit Blocks": 0,
                   "Local Read Blocks": 0,
                   "Local Dirtied Blocks": 0,
                   "Local Written Blocks": 0,
                   "Temp Read Blocks": 0,
                   "Temp Written Blocks": 0
                 }
               ]
             }
           ]
         },
         {
           "Node Type": "Nested Loop",
           "Parent Relationship": "InitPlan",
           "Subplan Name": "CTE included",
           "Parallel Aware": false,
           "Async Capable": false,
           "Join Type": "Inner",
           "Startup Cost": 0.00,
           "Total Cost": 16.66,
           "Plan Rows": 1,
           "Plan Width": 24,
           "Actual Startup Time": 0.002,
           "Actual Total Time": 0.003,
           "Actual Rows": 0.00,
           "Actual Loops": 1,
           "Disabled": false,
           "Inner Unique": false,
           "Join Filter": "((r_4.account_id = c_3.account_id) AND (EXISTS(SubPlan 15) OR EXISTS(SubPlan 17)))",
           "Rows Removed by Join Filter": 0,
           "Shared Hit Blocks": 0,
           "Shared Read Blocks": 0,
           "Shared Dirtied Blocks": 0,
           "Shared Written Blocks": 0,
           "Local Hit Blocks": 0,
           "Local Read Blocks": 0,
           "Local Dirtied Blocks": 0,
           "Local Written Blocks": 0,
           "Temp Read Blocks": 0,
           "Temp Written Blocks": 0,
           "Plans": [
             {
               "Node Type": "CTE Scan",
               "Parent Relationship": "Outer",
               "Parallel Aware": false,
               "Async Capable": false,
               "CTE Name": "candidates",
               "Alias": "r_4",
               "Startup Cost": 0.00,
               "Total Cost": 0.02,
               "Plan Rows": 1,
               "Plan Width": 16,
               "Actual Startup Time": 0.000,
               "Actual Total Time": 0.001,
               "Actual Rows": 1.00,
               "Actual Loops": 1,
               "Disabled": false,
               "Storage": "Memory",
               "Maximum Storage": 17,
               "Shared Hit Blocks": 0,
               "Shared Read Blocks": 0,
               "Shared Dirtied Blocks": 0,
               "Shared Written Blocks": 0,
               "Local Hit Blocks": 0,
               "Local Read Blocks": 0,
               "Local Dirtied Blocks": 0,
               "Local Written Blocks": 0,
               "Temp Read Blocks": 0,
               "Temp Written Blocks": 0
             },
             {
               "Node Type": "CTE Scan",
               "Parent Relationship": "Inner",
               "Parallel Aware": false,
               "Async Capable": false,
               "CTE Name": "collections",
               "Alias": "c_3",
               "Startup Cost": 0.00,
               "Total Cost": 0.02,
               "Plan Rows": 1,
               "Plan Width": 24,
               "Actual Startup Time": 0.000,
               "Actual Total Time": 0.000,
               "Actual Rows": 0.00,
               "Actual Loops": 1,
               "Disabled": false,
               "Storage": "Memory",
               "Maximum Storage": 17,
               "Shared Hit Blocks": 0,
               "Shared Read Blocks": 0,
               "Shared Dirtied Blocks": 0,
               "Shared Written Blocks": 0,
               "Local Hit Blocks": 0,
               "Local Read Blocks": 0,
               "Local Dirtied Blocks": 0,
               "Local Written Blocks": 0,
               "Temp Read Blocks": 0,
               "Temp Written Blocks": 0
             },
             {
               "Node Type": "Index Scan",
               "Parent Relationship": "SubPlan",
               "Subplan Name": "SubPlan 15",
               "Parallel Aware": false,
               "Async Capable": false,
               "Scan Direction": "Forward",
               "Index Name": "ix_collection_record_account_id_record_id",
               "Relation Name": "collection_record",
               "Alias": "cr_1",
               "Startup Cost": 0.15,
               "Total Cost": 8.17,
               "Plan Rows": 1,
               "Plan Width": 0,
               "Actual Startup Time": 0.000,
               "Actual Total Time": 0.000,
               "Actual Rows": 0,
               "Actual Loops": 0,
               "Disabled": false,
               "Index Cond": "((account_id = r_4.account_id) AND (record_id = r_4.id))",
               "Rows Removed by Index Recheck": 0,
               "Filter": "(collection_id = c_3.id)",
               "Rows Removed by Filter": 0,
               "Index Searches": 0,
               "Shared Hit Blocks": 0,
               "Shared Read Blocks": 0,
               "Shared Dirtied Blocks": 0,
               "Shared Written Blocks": 0,
               "Local Hit Blocks": 0,
               "Local Read Blocks": 0,
               "Local Dirtied Blocks": 0,
               "Local Written Blocks": 0,
               "Temp Read Blocks": 0,
               "Temp Written Blocks": 0
             },
             {
               "Node Type": "Nested Loop",
               "Parent Relationship": "SubPlan",
               "Subplan Name": "SubPlan 17",
               "Parallel Aware": false,
               "Async Capable": false,
               "Join Type": "Inner",
               "Startup Cost": 0.15,
               "Total Cost": 8.43,
               "Plan Rows": 1,
               "Plan Width": 0,
               "Actual Startup Time": 0.000,
               "Actual Total Time": 0.000,
               "Actual Rows": 0,
               "Actual Loops": 0,
               "Disabled": false,
               "Inner Unique": false,
               "Join Filter": "(cf_1.folder_id = t_1.id)",
               "Rows Removed by Join Filter": 0,
               "Shared Hit Blocks": 0,
               "Shared Read Blocks": 0,
               "Shared Dirtied Blocks": 0,
               "Shared Written Blocks": 0,
               "Local Hit Blocks": 0,
               "Local Read Blocks": 0,
               "Local Dirtied Blocks": 0,
               "Local Written Blocks": 0,
               "Temp Read Blocks": 0,
               "Temp Written Blocks": 0,
               "Plans": [
                 {
                   "Node Type": "Index Scan",
                   "Parent Relationship": "Outer",
                   "Parallel Aware": false,
                   "Async Capable": false,
                   "Scan Direction": "Forward",
                   "Index Name": "ix_collection_folder_account_id_collection_id",
                   "Relation Name": "collection_folder",
                   "Alias": "cf_1",
                   "Startup Cost": 0.15,
                   "Total Cost": 8.17,
                   "Plan Rows": 1,
                   "Plan Width": 8,
                   "Actual Startup Time": 0.000,
                   "Actual Total Time": 0.000,
                   "Actual Rows": 0,
                   "Actual Loops": 0,
                   "Disabled": false,
                   "Index Cond": "((account_id = r_4.account_id) AND (collection_id = c_3.id))",
                   "Rows Removed by Index Recheck": 0,
                   "Index Searches": 0,
                   "Shared Hit Blocks": 0,
                   "Shared Read Blocks": 0,
                   "Shared Dirtied Blocks": 0,
                   "Shared Written Blocks": 0,
                   "Local Hit Blocks": 0,
                   "Local Read Blocks": 0,
                   "Local Dirtied Blocks": 0,
                   "Local Written Blocks": 0,
                   "Temp Read Blocks": 0,
                   "Temp Written Blocks": 0
                 },
                 {
                   "Node Type": "CTE Scan",
                   "Parent Relationship": "Inner",
                   "Parallel Aware": false,
                   "Async Capable": false,
                   "CTE Name": "ancestry",
                   "Alias": "t_1",
                   "Startup Cost": 0.00,
                   "Total Cost": 0.25,
                   "Plan Rows": 1,
                   "Plan Width": 8,
                   "Actual Startup Time": 0.000,
                   "Actual Total Time": 0.000,
                   "Actual Rows": 0,
                   "Actual Loops": 0,
                   "Disabled": false,
                   "Filter": "(record_id = r_4.id)",
                   "Rows Removed by Filter": 0,
                   "Storage": "Memory",
                   "Maximum Storage": 17,
                   "Shared Hit Blocks": 0,
                   "Shared Read Blocks": 0,
                   "Shared Dirtied Blocks": 0,
                   "Shared Written Blocks": 0,
                   "Local Hit Blocks": 0,
                   "Local Read Blocks": 0,
                   "Local Dirtied Blocks": 0,
                   "Local Written Blocks": 0,
                   "Temp Read Blocks": 0,
                   "Temp Written Blocks": 0
                 }
               ]
             }
           ]
         },
         {
           "Node Type": "Nested Loop",
           "Parent Relationship": "InitPlan",
           "Subplan Name": "CTE scoped",
           "Parallel Aware": false,
           "Async Capable": false,
           "Join Type": "Inner",
           "Startup Cost": 0.00,
           "Total Cost": 16.68,
           "Plan Rows": 1,
           "Plan Width": 128,
           "Actual Startup Time": 0.015,
           "Actual Total Time": 0.016,
           "Actual Rows": 1.00,
           "Actual Loops": 1,
           "Disabled": false,
           "Inner Unique": false,
           "Join Filter": "(((r_5.account_id = s_5.account_id) AND ((s_5.profile_id IS NULL) OR EXISTS(SubPlan 20) OR EXISTS(SubPlan 22))) OR (ANY (r_5.id = (hashed SubPlan 25).col1)))",
           "Rows Removed by Join Filter": 0,
           "Shared Hit Blocks": 2,
           "Shared Read Blocks": 0,
           "Shared Dirtied Blocks": 0,
           "Shared Written Blocks": 0,
           "Local Hit Blocks": 0,
           "Local Read Blocks": 0,
           "Local Dirtied Blocks": 0,
           "Local Written Blocks": 0,
           "Temp Read Blocks": 0,
           "Temp Written Blocks": 0,
           "Plans": [
             {
               "Node Type": "CTE Scan",
               "Parent Relationship": "Outer",
               "Parallel Aware": false,
               "Async Capable": false,
               "CTE Name": "candidates",
               "Alias": "r_5",
               "Startup Cost": 0.00,
               "Total Cost": 0.02,
               "Plan Rows": 1,
               "Plan Width": 128,
               "Actual Startup Time": 0.003,
               "Actual Total Time": 0.003,
               "Actual Rows": 1.00,
               "Actual Loops": 1,
               "Disabled": false,
               "Storage": "Memory",
               "Maximum Storage": 17,
               "Shared Hit Blocks": 0,
               "Shared Read Blocks": 0,
               "Shared Dirtied Blocks": 0,
               "Shared Written Blocks": 0,
               "Local Hit Blocks": 0,
               "Local Read Blocks": 0,
               "Local Dirtied Blocks": 0,
               "Local Written Blocks": 0,
               "Temp Read Blocks": 0,
               "Temp Written Blocks": 0
             },
             {
               "Node Type": "CTE Scan",
               "Parent Relationship": "Inner",
               "Parallel Aware": false,
               "Async Capable": false,
               "CTE Name": "session",
               "Alias": "s_5",
               "Startup Cost": 0.00,
               "Total Cost": 0.02,
               "Plan Rows": 1,
               "Plan Width": 16,
               "Actual Startup Time": 0.000,
               "Actual Total Time": 0.000,
               "Actual Rows": 1.00,
               "Actual Loops": 1,
               "Disabled": false,
               "Storage": "Memory",
               "Maximum Storage": 17,
               "Shared Hit Blocks": 0,
               "Shared Read Blocks": 0,
               "Shared Dirtied Blocks": 0,
               "Shared Written Blocks": 0,
               "Local Hit Blocks": 0,
               "Local Read Blocks": 0,
               "Local Dirtied Blocks": 0,
               "Local Written Blocks": 0,
               "Temp Read Blocks": 0,
               "Temp Written Blocks": 0
             },
             {
               "Node Type": "Index Scan",
               "Parent Relationship": "SubPlan",
               "Subplan Name": "SubPlan 20",
               "Parallel Aware": false,
               "Async Capable": false,
               "Scan Direction": "Forward",
               "Index Name": "ix_profile_record_account_id_record_id",
               "Relation Name": "profile_record",
               "Alias": "pr_1",
               "Startup Cost": 0.15,
               "Total Cost": 8.17,
               "Plan Rows": 1,
               "Plan Width": 0,
               "Actual Startup Time": 0.008,
               "Actual Total Time": 0.008,
               "Actual Rows": 1.00,
               "Actual Loops": 1,
               "Disabled": false,
               "Index Cond": "((account_id = s_5.account_id) AND (record_id = r_5.id))",
               "Rows Removed by Index Recheck": 0,
               "Filter": "(profile_id = s_5.profile_id)",
               "Rows Removed by Filter": 0,
               "Index Searches": 1,
               "Shared Hit Blocks": 2,
               "Shared Read Blocks": 0,
               "Shared Dirtied Blocks": 0,
               "Shared Written Blocks": 0,
               "Local Hit Blocks": 0,
               "Local Read Blocks": 0,
               "Local Dirtied Blocks": 0,
               "Local Written Blocks": 0,
               "Temp Read Blocks": 0,
               "Temp Written Blocks": 0
             },
             {
               "Node Type": "Nested Loop",
               "Parent Relationship": "SubPlan",
               "Subplan Name": "SubPlan 22",
               "Parallel Aware": false,
               "Async Capable": false,
               "Join Type": "Inner",
               "Startup Cost": 0.15,
               "Total Cost": 8.43,
               "Plan Rows": 1,
               "Plan Width": 0,
               "Actual Startup Time": 0.000,
               "Actual Total Time": 0.000,
               "Actual Rows": 0,
               "Actual Loops": 0,
               "Disabled": false,
               "Inner Unique": false,
               "Join Filter": "(pf_1.folder_id = t_2.id)",
               "Rows Removed by Join Filter": 0,
               "Shared Hit Blocks": 0,
               "Shared Read Blocks": 0,
               "Shared Dirtied Blocks": 0,
               "Shared Written Blocks": 0,
               "Local Hit Blocks": 0,
               "Local Read Blocks": 0,
               "Local Dirtied Blocks": 0,
               "Local Written Blocks": 0,
               "Temp Read Blocks": 0,
               "Temp Written Blocks": 0,
               "Plans": [
                 {
                   "Node Type": "Index Scan",
                   "Parent Relationship": "Outer",
                   "Parallel Aware": false,
                   "Async Capable": false,
                   "Scan Direction": "Forward",
                   "Index Name": "ix_profile_folder_account_id_profile_id",
                   "Relation Name": "profile_folder",
                   "Alias": "pf_1",
                   "Startup Cost": 0.15,
                   "Total Cost": 8.17,
                   "Plan Rows": 1,
                   "Plan Width": 8,
                   "Actual Startup Time": 0.000,
                   "Actual Total Time": 0.000,
                   "Actual Rows": 0,
                   "Actual Loops": 0,
                   "Disabled": false,
                   "Index Cond": "((account_id = s_5.account_id) AND (profile_id = s_5.profile_id))",
                   "Rows Removed by Index Recheck": 0,
                   "Index Searches": 0,
                   "Shared Hit Blocks": 0,
                   "Shared Read Blocks": 0,
                   "Shared Dirtied Blocks": 0,
                   "Shared Written Blocks": 0,
                   "Local Hit Blocks": 0,
                   "Local Read Blocks": 0,
                   "Local Dirtied Blocks": 0,
                   "Local Written Blocks": 0,
                   "Temp Read Blocks": 0,
                   "Temp Written Blocks": 0
                 },
                 {
                   "Node Type": "CTE Scan",
                   "Parent Relationship": "Inner",
                   "Parallel Aware": false,
                   "Async Capable": false,
                   "CTE Name": "ancestry",
                   "Alias": "t_2",
                   "Startup Cost": 0.00,
                   "Total Cost": 0.25,
                   "Plan Rows": 1,
                   "Plan Width": 8,
                   "Actual Startup Time": 0.000,
                   "Actual Total Time": 0.000,
                   "Actual Rows": 0,
                   "Actual Loops": 0,
                   "Disabled": false,
                   "Filter": "(record_id = r_5.id)",
                   "Rows Removed by Filter": 0,
                   "Storage": "Memory",
                   "Maximum Storage": 17,
                   "Shared Hit Blocks": 0,
                   "Shared Read Blocks": 0,
                   "Shared Dirtied Blocks": 0,
                   "Shared Written Blocks": 0,
                   "Local Hit Blocks": 0,
                   "Local Read Blocks": 0,
                   "Local Dirtied Blocks": 0,
                   "Local Written Blocks": 0,
                   "Temp Read Blocks": 0,
                   "Temp Written Blocks": 0
                 }
               ]
             },
             {
               "Node Type": "CTE Scan",
               "Parent Relationship": "SubPlan",
               "Subplan Name": "SubPlan 25",
               "Parallel Aware": false,
               "Async Capable": false,
               "CTE Name": "included",
               "Alias": "i",
               "Startup Cost": 0.00,
               "Total Cost": 0.02,
               "Plan Rows": 1,
               "Plan Width": 8,
               "Actual Startup Time": 0.000,
               "Actual Total Time": 0.000,
               "Actual Rows": 0,
               "Actual Loops": 0,
               "Disabled": false,
               "Storage": "Memory",
               "Maximum Storage": 17,
               "Shared Hit Blocks": 0,
               "Shared Read Blocks": 0,
               "Shared Dirtied Blocks": 0,
               "Shared Written Blocks": 0,
               "Local Hit Blocks": 0,
               "Local Read Blocks": 0,
               "Local Dirtied Blocks": 0,
               "Local Written Blocks": 0,
               "Temp Read Blocks": 0,
               "Temp Written Blocks": 0
             }
           ]
         },
         {
           "Node Type": "Hash Join",
           "Parent Relationship": "InitPlan",
           "Subplan Name": "CTE visible",
           "Parallel Aware": false,
           "Async Capable": false,
           "Join Type": "Right Anti",
           "Startup Cost": 0.28,
           "Total Cost": 0.54,
           "Plan Rows": 1,
           "Plan Width": 128,
           "Actual Startup Time": 0.034,
           "Actual Total Time": 0.036,
           "Actual Rows": 1.00,
           "Actual Loops": 1,
           "Disabled": false,
           "Inner Unique": false,
           "Hash Cond": "(t_4.record_id = r_6.id)",
           "Shared Hit Blocks": 2,
           "Shared Read Blocks": 0,
           "Shared Dirtied Blocks": 0,
           "Shared Written Blocks": 0,
           "Local Hit Blocks": 0,
           "Local Read Blocks": 0,
           "Local Dirtied Blocks": 0,
           "Local Written Blocks": 0,
           "Temp Read Blocks": 0,
           "Temp Written Blocks": 0,
           "Plans": [
             {
               "Node Type": "CTE Scan",
               "Parent Relationship": "Outer",
               "Parallel Aware": false,
               "Async Capable": false,
               "CTE Name": "ancestry",
               "Alias": "t_4",
               "Startup Cost": 0.00,
               "Total Cost": 0.22,
               "Plan Rows": 8,
               "Plan Width": 8,
               "Actual Startup Time": 0.000,
               "Actual Total Time": 0.000,
               "Actual Rows": 0.00,
               "Actual Loops": 1,
               "Disabled": false,
               "Filter": "(hidden OR cycle)",
               "Rows Removed by Filter": 0,
               "Storage": "Memory",
               "Maximum Storage": 17,
               "Shared Hit Blocks": 0,
               "Shared Read Blocks": 0,
               "Shared Dirtied Blocks": 0,
               "Shared Written Blocks": 0,
               "Local Hit Blocks": 0,
               "Local Read Blocks": 0,
               "Local Dirtied Blocks": 0,
               "Local Written Blocks": 0,
               "Temp Read Blocks": 0,
               "Temp Written Blocks": 0
             },
             {
               "Node Type": "Hash",
               "Parent Relationship": "Inner",
               "Parallel Aware": false,
               "Async Capable": false,
               "Startup Cost": 0.27,
               "Total Cost": 0.27,
               "Plan Rows": 1,
               "Plan Width": 128,
               "Actual Startup Time": 0.022,
               "Actual Total Time": 0.022,
               "Actual Rows": 1.00,
               "Actual Loops": 1,
               "Disabled": false,
               "Hash Buckets": 1024,
               "Original Hash Buckets": 1024,
               "Hash Batches": 1,
               "Original Hash Batches": 1,
               "Peak Memory Usage": 9,
               "Shared Hit Blocks": 2,
               "Shared Read Blocks": 0,
               "Shared Dirtied Blocks": 0,
               "Shared Written Blocks": 0,
               "Local Hit Blocks": 0,
               "Local Read Blocks": 0,
               "Local Dirtied Blocks": 0,
               "Local Written Blocks": 0,
               "Temp Read Blocks": 0,
               "Temp Written Blocks": 0,
               "Plans": [
                 {
                   "Node Type": "CTE Scan",
                   "Parent Relationship": "Outer",
                   "Parallel Aware": false,
                   "Async Capable": false,
                   "CTE Name": "scoped",
                   "Alias": "r_6",
                   "Startup Cost": 0.00,
                   "Total Cost": 0.27,
                   "Plan Rows": 1,
                   "Plan Width": 128,
                   "Actual Startup Time": 0.018,
                   "Actual Total Time": 0.018,
                   "Actual Rows": 1.00,
                   "Actual Loops": 1,
                   "Disabled": false,
                   "Filter": "((folder_id IS NULL) OR (ANY (id = (hashed SubPlan 28).col1)))",
                   "Rows Removed by Filter": 0,
                   "Storage": "Memory",
                   "Maximum Storage": 17,
                   "Shared Hit Blocks": 2,
                   "Shared Read Blocks": 0,
                   "Shared Dirtied Blocks": 0,
                   "Shared Written Blocks": 0,
                   "Local Hit Blocks": 0,
                   "Local Read Blocks": 0,
                   "Local Dirtied Blocks": 0,
                   "Local Written Blocks": 0,
                   "Temp Read Blocks": 0,
                   "Temp Written Blocks": 0,
                   "Plans": [
                     {
                       "Node Type": "CTE Scan",
                       "Parent Relationship": "SubPlan",
                       "Subplan Name": "SubPlan 28",
                       "Parallel Aware": false,
                       "Async Capable": false,
                       "CTE Name": "ancestry",
                       "Alias": "t_3",
                       "Startup Cost": 0.00,
                       "Total Cost": 0.22,
                       "Plan Rows": 1,
                       "Plan Width": 8,
                       "Actual Startup Time": 0.000,
                       "Actual Total Time": 0.000,
                       "Actual Rows": 0,
                       "Actual Loops": 0,
                       "Disabled": false,
                       "Filter": "(parent_folder_id IS NULL)",
                       "Rows Removed by Filter": 0,
                       "Storage": "Memory",
                       "Maximum Storage": 17,
                       "Shared Hit Blocks": 0,
                       "Shared Read Blocks": 0,
                       "Shared Dirtied Blocks": 0,
                       "Shared Written Blocks": 0,
                       "Local Hit Blocks": 0,
                       "Local Read Blocks": 0,
                       "Local Dirtied Blocks": 0,
                       "Local Written Blocks": 0,
                       "Temp Read Blocks": 0,
                       "Temp Written Blocks": 0
                     }
                   ]
                 }
               ]
             }
           ]
         },
         {
           "Node Type": "Result",
           "Parent Relationship": "InitPlan",
           "Subplan Name": "CTE boundary",
           "Parallel Aware": false,
           "Async Capable": false,
           "Startup Cost": 0.03,
           "Total Cost": 0.04,
           "Plan Rows": 1,
           "Plan Width": 8,
           "Actual Startup Time": 0.005,
           "Actual Total Time": 0.006,
           "Actual Rows": 1.00,
           "Actual Loops": 1,
           "Disabled": false,
           "Shared Hit Blocks": 0,
           "Shared Read Blocks": 0,
           "Shared Dirtied Blocks": 0,
           "Shared Written Blocks": 0,
           "Local Hit Blocks": 0,
           "Local Read Blocks": 0,
           "Local Dirtied Blocks": 0,
           "Local Written Blocks": 0,
           "Temp Read Blocks": 0,
           "Temp Written Blocks": 0,
           "Plans": [
             {
               "Node Type": "Aggregate",
               "Strategy": "Plain",
               "Partial Mode": "Simple",
               "Parent Relationship": "InitPlan",
               "Subplan Name": "InitPlan 30",
               "Parallel Aware": false,
               "Async Capable": false,
               "Startup Cost": 0.02,
               "Total Cost": 0.03,
               "Plan Rows": 1,
               "Plan Width": 8,
               "Actual Startup Time": 0.003,
               "Actual Total Time": 0.004,
               "Actual Rows": 1.00,
               "Actual Loops": 1,
               "Disabled": false,
               "Shared Hit Blocks": 0,
               "Shared Read Blocks": 0,
               "Shared Dirtied Blocks": 0,
               "Shared Written Blocks": 0,
               "Local Hit Blocks": 0,
               "Local Read Blocks": 0,
               "Local Dirtied Blocks": 0,
               "Local Written Blocks": 0,
               "Temp Read Blocks": 0,
               "Temp Written Blocks": 0,
               "Plans": [
                 {
                   "Node Type": "CTE Scan",
                   "Parent Relationship": "Outer",
                   "Parallel Aware": false,
                   "Async Capable": false,
                   "CTE Name": "visible",
                   "Alias": "r_7",
                   "Startup Cost": 0.00,
                   "Total Cost": 0.02,
                   "Plan Rows": 1,
                   "Plan Width": 8,
                   "Actual Startup Time": 0.000,
                   "Actual Total Time": 0.001,
                   "Actual Rows": 1.00,
                   "Actual Loops": 1,
                   "Disabled": false,
                   "Storage": "Memory",
                   "Maximum Storage": 17,
                   "Shared Hit Blocks": 0,
                   "Shared Read Blocks": 0,
                   "Shared Dirtied Blocks": 0,
                   "Shared Written Blocks": 0,
                   "Local Hit Blocks": 0,
                   "Local Read Blocks": 0,
                   "Local Dirtied Blocks": 0,
                   "Local Written Blocks": 0,
                   "Temp Read Blocks": 0,
                   "Temp Written Blocks": 0
                 }
               ]
             }
           ]
         },
         {
           "Node Type": "Sort",
           "Parent Relationship": "InitPlan",
           "Subplan Name": "CTE page",
           "Parallel Aware": false,
           "Async Capable": false,
           "Startup Cost": 0.07,
           "Total Cost": 0.07,
           "Plan Rows": 1,
           "Plan Width": 128,
           "Actual Startup Time": 0.021,
           "Actual Total Time": 0.021,
           "Actual Rows": 1.00,
           "Actual Loops": 1,
           "Disabled": false,
           "Sort Key": ["r_8.server_sequence"],
           "Sort Method": "quicksort",
           "Sort Space Used": 25,
           "Sort Space Type": "Memory",
           "Shared Hit Blocks": 0,
           "Shared Read Blocks": 0,
           "Shared Dirtied Blocks": 0,
           "Shared Written Blocks": 0,
           "Local Hit Blocks": 0,
           "Local Read Blocks": 0,
           "Local Dirtied Blocks": 0,
           "Local Written Blocks": 0,
           "Temp Read Blocks": 0,
           "Temp Written Blocks": 0,
           "Plans": [
             {
               "Node Type": "Nested Loop",
               "Parent Relationship": "Outer",
               "Parallel Aware": false,
               "Async Capable": false,
               "Join Type": "Inner",
               "Startup Cost": 0.00,
               "Total Cost": 0.05,
               "Plan Rows": 1,
               "Plan Width": 128,
               "Actual Startup Time": 0.003,
               "Actual Total Time": 0.004,
               "Actual Rows": 1.00,
               "Actual Loops": 1,
               "Disabled": false,
               "Inner Unique": false,
               "Join Filter": "(r_8.server_sequence <= b.value)",
               "Rows Removed by Join Filter": 0,
               "Shared Hit Blocks": 0,
               "Shared Read Blocks": 0,
               "Shared Dirtied Blocks": 0,
               "Shared Written Blocks": 0,
               "Local Hit Blocks": 0,
               "Local Read Blocks": 0,
               "Local Dirtied Blocks": 0,
               "Local Written Blocks": 0,
               "Temp Read Blocks": 0,
               "Temp Written Blocks": 0,
               "Plans": [
                 {
                   "Node Type": "CTE Scan",
                   "Parent Relationship": "Outer",
                   "Parallel Aware": false,
                   "Async Capable": false,
                   "CTE Name": "visible",
                   "Alias": "r_8",
                   "Startup Cost": 0.00,
                   "Total Cost": 0.02,
                   "Plan Rows": 1,
                   "Plan Width": 128,
                   "Actual Startup Time": 0.001,
                   "Actual Total Time": 0.001,
                   "Actual Rows": 1.00,
                   "Actual Loops": 1,
                   "Disabled": false,
                   "Filter": "(server_sequence > '0'::bigint)",
                   "Rows Removed by Filter": 0,
                   "Storage": "Memory",
                   "Maximum Storage": 17,
                   "Shared Hit Blocks": 0,
                   "Shared Read Blocks": 0,
                   "Shared Dirtied Blocks": 0,
                   "Shared Written Blocks": 0,
                   "Local Hit Blocks": 0,
                   "Local Read Blocks": 0,
                   "Local Dirtied Blocks": 0,
                   "Local Written Blocks": 0,
                   "Temp Read Blocks": 0,
                   "Temp Written Blocks": 0
                 },
                 {
                   "Node Type": "CTE Scan",
                   "Parent Relationship": "Inner",
                   "Parallel Aware": false,
                   "Async Capable": false,
                   "CTE Name": "boundary",
                   "Alias": "b",
                   "Startup Cost": 0.00,
                   "Total Cost": 0.02,
                   "Plan Rows": 1,
                   "Plan Width": 8,
                   "Actual Startup Time": 0.000,
                   "Actual Total Time": 0.000,
                   "Actual Rows": 1.00,
                   "Actual Loops": 1,
                   "Disabled": false,
                   "Storage": "Memory",
                   "Maximum Storage": 17,
                   "Shared Hit Blocks": 0,
                   "Shared Read Blocks": 0,
                   "Shared Dirtied Blocks": 0,
                   "Shared Written Blocks": 0,
                   "Local Hit Blocks": 0,
                   "Local Read Blocks": 0,
                   "Local Dirtied Blocks": 0,
                   "Local Written Blocks": 0,
                   "Temp Read Blocks": 0,
                   "Temp Written Blocks": 0
                 }
               ]
             }
           ]
         },
         {
           "Node Type": "Nested Loop",
           "Parent Relationship": "InitPlan",
           "Subplan Name": "InitPlan 33",
           "Parallel Aware": false,
           "Async Capable": false,
           "Join Type": "Anti",
           "Startup Cost": 0.15,
           "Total Cost": 8.20,
           "Plan Rows": 1,
           "Plan Width": 0,
           "Actual Startup Time": 0.034,
           "Actual Total Time": 0.035,
           "Actual Rows": 1.00,
           "Actual Loops": 1,
           "Disabled": false,
           "Inner Unique": false,
           "Shared Hit Blocks": 4,
           "Shared Read Blocks": 0,
           "Shared Dirtied Blocks": 0,
           "Shared Written Blocks": 0,
           "Local Hit Blocks": 0,
           "Local Read Blocks": 0,
           "Local Dirtied Blocks": 0,
           "Local Written Blocks": 0,
           "Temp Read Blocks": 0,
           "Temp Written Blocks": 0,
           "Plans": [
             {
               "Node Type": "CTE Scan",
               "Parent Relationship": "Outer",
               "Parallel Aware": false,
               "Async Capable": false,
               "CTE Name": "actor",
               "Alias": "a_2",
               "Startup Cost": 0.00,
               "Total Cost": 0.02,
               "Plan Rows": 1,
               "Plan Width": 16,
               "Actual Startup Time": 0.025,
               "Actual Total Time": 0.025,
               "Actual Rows": 1.00,
               "Actual Loops": 1,
               "Disabled": false,
               "Filter": "(state = 0)",
               "Rows Removed by Filter": 0,
               "Storage": "Memory",
               "Maximum Storage": 17,
               "Shared Hit Blocks": 2,
               "Shared Read Blocks": 0,
               "Shared Dirtied Blocks": 0,
               "Shared Written Blocks": 0,
               "Local Hit Blocks": 0,
               "Local Read Blocks": 0,
               "Local Dirtied Blocks": 0,
               "Local Written Blocks": 0,
               "Temp Read Blocks": 0,
               "Temp Written Blocks": 0
             },
             {
               "Node Type": "Index Only Scan",
               "Parent Relationship": "Inner",
               "Parallel Aware": false,
               "Async Capable": false,
               "Scan Direction": "Forward",
               "Index Name": "ix_terminal_erasure_resource_id",
               "Relation Name": "terminal_erasure",
               "Alias": "e_9",
               "Startup Cost": 0.15,
               "Total Cost": 8.17,
               "Plan Rows": 1,
               "Plan Width": 16,
               "Actual Startup Time": 0.008,
               "Actual Total Time": 0.008,
               "Actual Rows": 0.00,
               "Actual Loops": 1,
               "Disabled": false,
               "Index Cond": "(resource_id = a_2.public_id)",
               "Rows Removed by Index Recheck": 0,
               "Heap Fetches": 0,
               "Index Searches": 1,
               "Shared Hit Blocks": 2,
               "Shared Read Blocks": 0,
               "Shared Dirtied Blocks": 0,
               "Shared Written Blocks": 0,
               "Local Hit Blocks": 0,
               "Local Read Blocks": 0,
               "Local Dirtied Blocks": 0,
               "Local Written Blocks": 0,
               "Temp Read Blocks": 0,
               "Temp Written Blocks": 0
             }
           ]
         },
         {
           "Node Type": "CTE Scan",
           "Parent Relationship": "InitPlan",
           "Subplan Name": "InitPlan 34",
           "Parallel Aware": false,
           "Async Capable": false,
           "CTE Name": "session",
           "Alias": "session",
           "Startup Cost": 0.00,
           "Total Cost": 0.02,
           "Plan Rows": 1,
           "Plan Width": 0,
           "Actual Startup Time": 0.088,
           "Actual Total Time": 0.088,
           "Actual Rows": 1.00,
           "Actual Loops": 1,
           "Disabled": false,
           "Storage": "Memory",
           "Maximum Storage": 17,
           "Shared Hit Blocks": 13,
           "Shared Read Blocks": 0,
           "Shared Dirtied Blocks": 0,
           "Shared Written Blocks": 0,
           "Local Hit Blocks": 0,
           "Local Read Blocks": 0,
           "Local Dirtied Blocks": 0,
           "Local Written Blocks": 0,
           "Temp Read Blocks": 0,
           "Temp Written Blocks": 0
         },
         {
           "Node Type": "Hash Join",
           "Parent Relationship": "InitPlan",
           "Subplan Name": "InitPlan 35",
           "Parallel Aware": false,
           "Async Capable": false,
           "Join Type": "Right Anti",
           "Startup Cost": 0.30,
           "Total Cost": 0.55,
           "Plan Rows": 1,
           "Plan Width": 0,
           "Actual Startup Time": 0.276,
           "Actual Total Time": 0.277,
           "Actual Rows": 0.00,
           "Actual Loops": 1,
           "Disabled": false,
           "Inner Unique": false,
           "Hash Cond": "(hidden.record_id = r_9.id)",
           "Shared Hit Blocks": 30,
           "Shared Read Blocks": 0,
           "Shared Dirtied Blocks": 0,
           "Shared Written Blocks": 0,
           "Local Hit Blocks": 0,
           "Local Read Blocks": 0,
           "Local Dirtied Blocks": 0,
           "Local Written Blocks": 0,
           "Temp Read Blocks": 0,
           "Temp Written Blocks": 0,
           "Plans": [
             {
               "Node Type": "CTE Scan",
               "Parent Relationship": "Outer",
               "Parallel Aware": false,
               "Async Capable": false,
               "CTE Name": "ancestry",
               "Alias": "hidden",
               "Startup Cost": 0.00,
               "Total Cost": 0.22,
               "Plan Rows": 6,
               "Plan Width": 8,
               "Actual Startup Time": 0.000,
               "Actual Total Time": 0.000,
               "Actual Rows": 0,
               "Actual Loops": 0,
               "Disabled": false,
               "Filter": "hidden",
               "Rows Removed by Filter": 0,
               "Storage": "Memory",
               "Maximum Storage": 17,
               "Shared Hit Blocks": 0,
               "Shared Read Blocks": 0,
               "Shared Dirtied Blocks": 0,
               "Shared Written Blocks": 0,
               "Local Hit Blocks": 0,
               "Local Read Blocks": 0,
               "Local Dirtied Blocks": 0,
               "Local Written Blocks": 0,
               "Temp Read Blocks": 0,
               "Temp Written Blocks": 0
             },
             {
               "Node Type": "Hash",
               "Parent Relationship": "Inner",
               "Parallel Aware": false,
               "Async Capable": false,
               "Startup Cost": 0.29,
               "Total Cost": 0.29,
               "Plan Rows": 1,
               "Plan Width": 8,
               "Actual Startup Time": 0.268,
               "Actual Total Time": 0.269,
               "Actual Rows": 0.00,
               "Actual Loops": 1,
               "Disabled": false,
               "Hash Buckets": 1024,
               "Original Hash Buckets": 1024,
               "Hash Batches": 1,
               "Original Hash Batches": 1,
               "Peak Memory Usage": 8,
               "Shared Hit Blocks": 30,
               "Shared Read Blocks": 0,
               "Shared Dirtied Blocks": 0,
               "Shared Written Blocks": 0,
               "Local Hit Blocks": 0,
               "Local Read Blocks": 0,
               "Local Dirtied Blocks": 0,
               "Local Written Blocks": 0,
               "Temp Read Blocks": 0,
               "Temp Written Blocks": 0,
               "Plans": [
                 {
                   "Node Type": "Hash Join",
                   "Parent Relationship": "Outer",
                   "Parallel Aware": false,
                   "Async Capable": false,
                   "Join Type": "Inner",
                   "Startup Cost": 0.03,
                   "Total Cost": 0.29,
                   "Plan Rows": 1,
                   "Plan Width": 8,
                   "Actual Startup Time": 0.268,
                   "Actual Total Time": 0.268,
                   "Actual Rows": 0.00,
                   "Actual Loops": 1,
                   "Disabled": false,
                   "Inner Unique": false,
                   "Hash Cond": "(t_5.record_id = r_9.id)",
                   "Shared Hit Blocks": 30,
                   "Shared Read Blocks": 0,
                   "Shared Dirtied Blocks": 0,
                   "Shared Written Blocks": 0,
                   "Local Hit Blocks": 0,
                   "Local Read Blocks": 0,
                   "Local Dirtied Blocks": 0,
                   "Local Written Blocks": 0,
                   "Temp Read Blocks": 0,
                   "Temp Written Blocks": 0,
                   "Plans": [
                     {
                       "Node Type": "CTE Scan",
                       "Parent Relationship": "Outer",
                       "Parallel Aware": false,
                       "Async Capable": false,
                       "CTE Name": "ancestry",
                       "Alias": "t_5",
                       "Startup Cost": 0.00,
                       "Total Cost": 0.22,
                       "Plan Rows": 6,
                       "Plan Width": 8,
                       "Actual Startup Time": 0.267,
                       "Actual Total Time": 0.267,
                       "Actual Rows": 0.00,
                       "Actual Loops": 1,
                       "Disabled": false,
                       "Filter": "cycle",
                       "Rows Removed by Filter": 0,
                       "Storage": "Memory",
                       "Maximum Storage": 17,
                       "Shared Hit Blocks": 30,
                       "Shared Read Blocks": 0,
                       "Shared Dirtied Blocks": 0,
                       "Shared Written Blocks": 0,
                       "Local Hit Blocks": 0,
                       "Local Read Blocks": 0,
                       "Local Dirtied Blocks": 0,
                       "Local Written Blocks": 0,
                       "Temp Read Blocks": 0,
                       "Temp Written Blocks": 0
                     },
                     {
                       "Node Type": "Hash",
                       "Parent Relationship": "Inner",
                       "Parallel Aware": false,
                       "Async Capable": false,
                       "Startup Cost": 0.02,
                       "Total Cost": 0.02,
                       "Plan Rows": 1,
                       "Plan Width": 8,
                       "Actual Startup Time": 0.000,
                       "Actual Total Time": 0.000,
                       "Actual Rows": 0,
                       "Actual Loops": 0,
                       "Disabled": false,
                       "Shared Hit Blocks": 0,
                       "Shared Read Blocks": 0,
                       "Shared Dirtied Blocks": 0,
                       "Shared Written Blocks": 0,
                       "Local Hit Blocks": 0,
                       "Local Read Blocks": 0,
                       "Local Dirtied Blocks": 0,
                       "Local Written Blocks": 0,
                       "Temp Read Blocks": 0,
                       "Temp Written Blocks": 0,
                       "Plans": [
                         {
                           "Node Type": "CTE Scan",
                           "Parent Relationship": "Outer",
                           "Parallel Aware": false,
                           "Async Capable": false,
                           "CTE Name": "scoped",
                           "Alias": "r_9",
                           "Startup Cost": 0.00,
                           "Total Cost": 0.02,
                           "Plan Rows": 1,
                           "Plan Width": 8,
                           "Actual Startup Time": 0.000,
                           "Actual Total Time": 0.000,
                           "Actual Rows": 0,
                           "Actual Loops": 0,
                           "Disabled": false,
                           "Storage": "Memory",
                           "Maximum Storage": 17,
                           "Shared Hit Blocks": 0,
                           "Shared Read Blocks": 0,
                           "Shared Dirtied Blocks": 0,
                           "Shared Written Blocks": 0,
                           "Local Hit Blocks": 0,
                           "Local Read Blocks": 0,
                           "Local Dirtied Blocks": 0,
                           "Local Written Blocks": 0,
                           "Temp Read Blocks": 0,
                           "Temp Written Blocks": 0
                         }
                       ]
                     }
                   ]
                 }
               ]
             }
           ]
         },
         {
           "Node Type": "Aggregate",
           "Strategy": "Hashed",
           "Partial Mode": "Simple",
           "Parent Relationship": "InitPlan",
           "Subplan Name": "InitPlan 36",
           "Parallel Aware": false,
           "Async Capable": false,
           "Startup Cost": 0.02,
           "Total Cost": 0.04,
           "Plan Rows": 1,
           "Plan Width": 8,
           "Actual Startup Time": 0.044,
           "Actual Total Time": 0.044,
           "Actual Rows": 0.00,
           "Actual Loops": 1,
           "Disabled": false,
           "Group Key": ["r_10.server_sequence"],
           "Filter": "((r_10.server_sequence <= 0) OR (r_10.server_sequence > '9007199254740991'::bigint) OR (count(*) > 1))",
           "Planned Partitions": 0,
           "HashAgg Batches": 1,
           "Peak Memory Usage": 32,
           "Disk Usage": 0,
           "Rows Removed by Filter": 1,
           "Shared Hit Blocks": 2,
           "Shared Read Blocks": 0,
           "Shared Dirtied Blocks": 0,
           "Shared Written Blocks": 0,
           "Local Hit Blocks": 0,
           "Local Read Blocks": 0,
           "Local Dirtied Blocks": 0,
           "Local Written Blocks": 0,
           "Temp Read Blocks": 0,
           "Temp Written Blocks": 0,
           "Plans": [
             {
               "Node Type": "CTE Scan",
               "Parent Relationship": "Outer",
               "Parallel Aware": false,
               "Async Capable": false,
               "CTE Name": "visible",
               "Alias": "r_10",
               "Startup Cost": 0.00,
               "Total Cost": 0.02,
               "Plan Rows": 1,
               "Plan Width": 8,
               "Actual Startup Time": 0.036,
               "Actual Total Time": 0.037,
               "Actual Rows": 1.00,
               "Actual Loops": 1,
               "Disabled": false,
               "Storage": "Memory",
               "Maximum Storage": 17,
               "Shared Hit Blocks": 2,
               "Shared Read Blocks": 0,
               "Shared Dirtied Blocks": 0,
               "Shared Written Blocks": 0,
               "Local Hit Blocks": 0,
               "Local Read Blocks": 0,
               "Local Dirtied Blocks": 0,
               "Local Written Blocks": 0,
               "Temp Read Blocks": 0,
               "Temp Written Blocks": 0
             }
           ]
         },
         {
           "Node Type": "CTE Scan",
           "Parent Relationship": "InitPlan",
           "Subplan Name": "InitPlan 37",
           "Parallel Aware": false,
           "Async Capable": false,
           "CTE Name": "boundary",
           "Alias": "boundary",
           "Startup Cost": 0.00,
           "Total Cost": 0.02,
           "Plan Rows": 1,
           "Plan Width": 8,
           "Actual Startup Time": 0.006,
           "Actual Total Time": 0.006,
           "Actual Rows": 1.00,
           "Actual Loops": 1,
           "Disabled": false,
           "Storage": "Memory",
           "Maximum Storage": 17,
           "Shared Hit Blocks": 0,
           "Shared Read Blocks": 0,
           "Shared Dirtied Blocks": 0,
           "Shared Written Blocks": 0,
           "Local Hit Blocks": 0,
           "Local Read Blocks": 0,
           "Local Dirtied Blocks": 0,
           "Local Written Blocks": 0,
           "Temp Read Blocks": 0,
           "Temp Written Blocks": 0
         },
         {
           "Node Type": "Limit",
           "Parent Relationship": "InitPlan",
           "Subplan Name": "InitPlan 38",
           "Parallel Aware": false,
           "Async Capable": false,
           "Startup Cost": 0.02,
           "Total Cost": 0.02,
           "Plan Rows": 1,
           "Plan Width": 0,
           "Actual Startup Time": 0.023,
           "Actual Total Time": 0.023,
           "Actual Rows": 0.00,
           "Actual Loops": 1,
           "Disabled": false,
           "Shared Hit Blocks": 0,
           "Shared Read Blocks": 0,
           "Shared Dirtied Blocks": 0,
           "Shared Written Blocks": 0,
           "Local Hit Blocks": 0,
           "Local Read Blocks": 0,
           "Local Dirtied Blocks": 0,
           "Local Written Blocks": 0,
           "Temp Read Blocks": 0,
           "Temp Written Blocks": 0,
           "Plans": [
             {
               "Node Type": "CTE Scan",
               "Parent Relationship": "Outer",
               "Parallel Aware": false,
               "Async Capable": false,
               "CTE Name": "page",
               "Alias": "page",
               "Startup Cost": 0.00,
               "Total Cost": 0.02,
               "Plan Rows": 1,
               "Plan Width": 0,
               "Actual Startup Time": 0.021,
               "Actual Total Time": 0.022,
               "Actual Rows": 1.00,
               "Actual Loops": 1,
               "Disabled": false,
               "Storage": "Memory",
               "Maximum Storage": 17,
               "Shared Hit Blocks": 0,
               "Shared Read Blocks": 0,
               "Shared Dirtied Blocks": 0,
               "Shared Written Blocks": 0,
               "Local Hit Blocks": 0,
               "Local Read Blocks": 0,
               "Local Dirtied Blocks": 0,
               "Local Written Blocks": 0,
               "Temp Read Blocks": 0,
               "Temp Written Blocks": 0
             }
           ]
         },
         {
           "Node Type": "Aggregate",
           "Strategy": "Plain",
           "Partial Mode": "Simple",
           "Parent Relationship": "InitPlan",
           "Subplan Name": "InitPlan 39",
           "Parallel Aware": false,
           "Async Capable": false,
           "Startup Cost": 0.06,
           "Total Cost": 0.07,
           "Plan Rows": 1,
           "Plan Width": 32,
           "Actual Startup Time": 0.041,
           "Actual Total Time": 0.041,
           "Actual Rows": 1.00,
           "Actual Loops": 1,
           "Disabled": false,
           "Shared Hit Blocks": 0,
           "Shared Read Blocks": 0,
           "Shared Dirtied Blocks": 0,
           "Shared Written Blocks": 0,
           "Local Hit Blocks": 0,
           "Local Read Blocks": 0,
           "Local Dirtied Blocks": 0,
           "Local Written Blocks": 0,
           "Temp Read Blocks": 0,
           "Temp Written Blocks": 0,
           "Plans": [
             {
               "Node Type": "Sort",
               "Parent Relationship": "Outer",
               "Parallel Aware": false,
               "Async Capable": false,
               "Startup Cost": 0.04,
               "Total Cost": 0.05,
               "Plan Rows": 1,
               "Plan Width": 72,
               "Actual Startup Time": 0.011,
               "Actual Total Time": 0.012,
               "Actual Rows": 1.00,
               "Actual Loops": 1,
               "Disabled": false,
               "Sort Key": ["p_1.server_sequence"],
               "Sort Method": "quicksort",
               "Sort Space Used": 25,
               "Sort Space Type": "Memory",
               "Shared Hit Blocks": 0,
               "Shared Read Blocks": 0,
               "Shared Dirtied Blocks": 0,
               "Shared Written Blocks": 0,
               "Local Hit Blocks": 0,
               "Local Read Blocks": 0,
               "Local Dirtied Blocks": 0,
               "Local Written Blocks": 0,
               "Temp Read Blocks": 0,
               "Temp Written Blocks": 0,
               "Plans": [
                 {
                   "Node Type": "Subquery Scan",
                   "Parent Relationship": "Outer",
                   "Parallel Aware": false,
                   "Async Capable": false,
                   "Alias": "p_1",
                   "Startup Cost": 0.00,
                   "Total Cost": 0.03,
                   "Plan Rows": 1,
                   "Plan Width": 72,
                   "Actual Startup Time": 0.003,
                   "Actual Total Time": 0.003,
                   "Actual Rows": 1.00,
                   "Actual Loops": 1,
                   "Disabled": false,
                   "Shared Hit Blocks": 0,
                   "Shared Read Blocks": 0,
                   "Shared Dirtied Blocks": 0,
                   "Shared Written Blocks": 0,
                   "Local Hit Blocks": 0,
                   "Local Read Blocks": 0,
                   "Local Dirtied Blocks": 0,
                   "Local Written Blocks": 0,
                   "Temp Read Blocks": 0,
                   "Temp Written Blocks": 0,
                   "Plans": [
                     {
                       "Node Type": "Limit",
                       "Parent Relationship": "Subquery",
                       "Parallel Aware": false,
                       "Async Capable": false,
                       "Startup Cost": 0.00,
                       "Total Cost": 0.02,
                       "Plan Rows": 1,
                       "Plan Width": 128,
                       "Actual Startup Time": 0.001,
                       "Actual Total Time": 0.002,
                       "Actual Rows": 1.00,
                       "Actual Loops": 1,
                       "Disabled": false,
                       "Shared Hit Blocks": 0,
                       "Shared Read Blocks": 0,
                       "Shared Dirtied Blocks": 0,
                       "Shared Written Blocks": 0,
                       "Local Hit Blocks": 0,
                       "Local Read Blocks": 0,
                       "Local Dirtied Blocks": 0,
                       "Local Written Blocks": 0,
                       "Temp Read Blocks": 0,
                       "Temp Written Blocks": 0,
                       "Plans": [
                         {
                           "Node Type": "CTE Scan",
                           "Parent Relationship": "Outer",
                           "Parallel Aware": false,
                           "Async Capable": false,
                           "CTE Name": "page",
                           "Alias": "page_1",
                           "Startup Cost": 0.00,
                           "Total Cost": 0.02,
                           "Plan Rows": 1,
                           "Plan Width": 128,
                           "Actual Startup Time": 0.001,
                           "Actual Total Time": 0.001,
                           "Actual Rows": 1.00,
                           "Actual Loops": 1,
                           "Disabled": false,
                           "Storage": "Memory",
                           "Maximum Storage": 17,
                           "Shared Hit Blocks": 0,
                           "Shared Read Blocks": 0,
                           "Shared Dirtied Blocks": 0,
                           "Shared Written Blocks": 0,
                           "Local Hit Blocks": 0,
                           "Local Read Blocks": 0,
                           "Local Dirtied Blocks": 0,
                           "Local Written Blocks": 0,
                           "Temp Read Blocks": 0,
                           "Temp Written Blocks": 0
                         }
                       ]
                     }
                   ]
                 }
               ]
             }
           ]
         },
         {
           "Node Type": "Aggregate",
           "Strategy": "Plain",
           "Partial Mode": "Simple",
           "Parent Relationship": "InitPlan",
           "Subplan Name": "InitPlan 40",
           "Parallel Aware": false,
           "Async Capable": false,
           "Startup Cost": 17.32,
           "Total Cost": 17.33,
           "Plan Rows": 1,
           "Plan Width": 32,
           "Actual Startup Time": 0.018,
           "Actual Total Time": 0.020,
           "Actual Rows": 1.00,
           "Actual Loops": 1,
           "Disabled": false,
           "Shared Hit Blocks": 2,
           "Shared Read Blocks": 0,
           "Shared Dirtied Blocks": 0,
           "Shared Written Blocks": 0,
           "Local Hit Blocks": 0,
           "Local Read Blocks": 0,
           "Local Dirtied Blocks": 0,
           "Local Written Blocks": 0,
           "Temp Read Blocks": 0,
           "Temp Written Blocks": 0,
           "Plans": [
             {
               "Node Type": "Nested Loop",
               "Parent Relationship": "Outer",
               "Parallel Aware": false,
               "Async Capable": false,
               "Join Type": "Left",
               "Startup Cost": 0.83,
               "Total Cost": 17.29,
               "Plan Rows": 2,
               "Plan Width": 256,
               "Actual Startup Time": 0.016,
               "Actual Total Time": 0.018,
               "Actual Rows": 0.00,
               "Actual Loops": 1,
               "Disabled": false,
               "Inner Unique": true,
               "Shared Hit Blocks": 2,
               "Shared Read Blocks": 0,
               "Shared Dirtied Blocks": 0,
               "Shared Written Blocks": 0,
               "Local Hit Blocks": 0,
               "Local Read Blocks": 0,
               "Local Dirtied Blocks": 0,
               "Local Written Blocks": 0,
               "Temp Read Blocks": 0,
               "Temp Written Blocks": 0,
               "Plans": [
                 {
                   "Node Type": "Nested Loop",
                   "Parent Relationship": "Outer",
                   "Parallel Aware": false,
                   "Async Capable": false,
                   "Join Type": "Inner",
                   "Startup Cost": 0.68,
                   "Total Cost": 17.01,
                   "Plan Rows": 1,
                   "Plan Width": 208,
                   "Actual Startup Time": 0.016,
                   "Actual Total Time": 0.017,
                   "Actual Rows": 0.00,
                   "Actual Loops": 1,
                   "Disabled": false,
                   "Inner Unique": true,
                   "Shared Hit Blocks": 2,
                   "Shared Read Blocks": 0,
                   "Shared Dirtied Blocks": 0,
                   "Shared Written Blocks": 0,
                   "Local Hit Blocks": 0,
                   "Local Read Blocks": 0,
                   "Local Dirtied Blocks": 0,
                   "Local Written Blocks": 0,
                   "Temp Read Blocks": 0,
                   "Temp Written Blocks": 0,
                   "Plans": [
                     {
                       "Node Type": "Nested Loop",
                       "Parent Relationship": "Outer",
                       "Parallel Aware": false,
                       "Async Capable": false,
                       "Join Type": "Inner",
                       "Startup Cost": 0.54,
                       "Total Cost": 16.76,
                       "Plan Rows": 1,
                       "Plan Width": 192,
                       "Actual Startup Time": 0.015,
                       "Actual Total Time": 0.017,
                       "Actual Rows": 0.00,
                       "Actual Loops": 1,
                       "Disabled": false,
                       "Inner Unique": true,
                       "Shared Hit Blocks": 2,
                       "Shared Read Blocks": 0,
                       "Shared Dirtied Blocks": 0,
                       "Shared Written Blocks": 0,
                       "Local Hit Blocks": 0,
                       "Local Read Blocks": 0,
                       "Local Dirtied Blocks": 0,
                       "Local Written Blocks": 0,
                       "Temp Read Blocks": 0,
                       "Temp Written Blocks": 0,
                       "Plans": [
                         {
                           "Node Type": "Nested Loop",
                           "Parent Relationship": "Outer",
                           "Parallel Aware": false,
                           "Async Capable": false,
                           "Join Type": "Inner",
                           "Startup Cost": 0.39,
                           "Total Cost": 16.51,
                           "Plan Rows": 1,
                           "Plan Width": 136,
                           "Actual Startup Time": 0.015,
                           "Actual Total Time": 0.016,
                           "Actual Rows": 0.00,
                           "Actual Loops": 1,
                           "Disabled": false,
                           "Inner Unique": true,
                           "Shared Hit Blocks": 2,
                           "Shared Read Blocks": 0,
                           "Shared Dirtied Blocks": 0,
                           "Shared Written Blocks": 0,
                           "Local Hit Blocks": 0,
                           "Local Read Blocks": 0,
                           "Local Dirtied Blocks": 0,
                           "Local Written Blocks": 0,
                           "Temp Read Blocks": 0,
                           "Temp Written Blocks": 0,
                           "Plans": [
                             {
                               "Node Type": "Nested Loop",
                               "Parent Relationship": "Outer",
                               "Parallel Aware": false,
                               "Async Capable": false,
                               "Join Type": "Inner",
                               "Startup Cost": 0.24,
                               "Total Cost": 8.31,
                               "Plan Rows": 1,
                               "Plan Width": 80,
                               "Actual Startup Time": 0.015,
                               "Actual Total Time": 0.016,
                               "Actual Rows": 0.00,
                               "Actual Loops": 1,
                               "Disabled": false,
                               "Inner Unique": false,
                               "Shared Hit Blocks": 2,
                               "Shared Read Blocks": 0,
                               "Shared Dirtied Blocks": 0,
                               "Shared Written Blocks": 0,
                               "Local Hit Blocks": 0,
                               "Local Read Blocks": 0,
                               "Local Dirtied Blocks": 0,
                               "Local Written Blocks": 0,
                               "Temp Read Blocks": 0,
                               "Temp Written Blocks": 0,
                               "Plans": [
                                 {
                                   "Node Type": "Nested Loop",
                                   "Parent Relationship": "Outer",
                                   "Parallel Aware": false,
                                   "Async Capable": false,
                                   "Join Type": "Left",
                                   "Startup Cost": 0.15,
                                   "Total Cost": 8.21,
                                   "Plan Rows": 1,
                                   "Plan Width": 72,
                                   "Actual Startup Time": 0.010,
                                   "Actual Total Time": 0.011,
                                   "Actual Rows": 1.00,
                                   "Actual Loops": 1,
                                   "Disabled": false,
                                   "Inner Unique": true,
                                   "Shared Hit Blocks": 2,
                                   "Shared Read Blocks": 0,
                                   "Shared Dirtied Blocks": 0,
                                   "Shared Written Blocks": 0,
                                   "Local Hit Blocks": 0,
                                   "Local Read Blocks": 0,
                                   "Local Dirtied Blocks": 0,
                                   "Local Written Blocks": 0,
                                   "Temp Read Blocks": 0,
                                   "Temp Written Blocks": 0,
                                   "Plans": [
                                     {
                                       "Node Type": "CTE Scan",
                                       "Parent Relationship": "Outer",
                                       "Parallel Aware": false,
                                       "Async Capable": false,
                                       "CTE Name": "actor",
                                       "Alias": "a_3",
                                       "Startup Cost": 0.00,
                                       "Total Cost": 0.02,
                                       "Plan Rows": 1,
                                       "Plan Width": 24,
                                       "Actual Startup Time": 0.000,
                                       "Actual Total Time": 0.000,
                                       "Actual Rows": 1.00,
                                       "Actual Loops": 1,
                                       "Disabled": false,
                                       "Storage": "Memory",
                                       "Maximum Storage": 17,
                                       "Shared Hit Blocks": 0,
                                       "Shared Read Blocks": 0,
                                       "Shared Dirtied Blocks": 0,
                                       "Shared Written Blocks": 0,
                                       "Local Hit Blocks": 0,
                                       "Local Read Blocks": 0,
                                       "Local Dirtied Blocks": 0,
                                       "Local Written Blocks": 0,
                                       "Temp Read Blocks": 0,
                                       "Temp Written Blocks": 0
                                     },
                                     {
                                       "Node Type": "Index Scan",
                                       "Parent Relationship": "Inner",
                                       "Parallel Aware": false,
                                       "Async Capable": false,
                                       "Scan Direction": "Forward",
                                       "Index Name": "ix_vault_protection_account_id",
                                       "Relation Name": "vault_protection",
                                       "Alias": "rp",
                                       "Startup Cost": 0.15,
                                       "Total Cost": 8.17,
                                       "Plan Rows": 1,
                                       "Plan Width": 64,
                                       "Actual Startup Time": 0.008,
                                       "Actual Total Time": 0.008,
                                       "Actual Rows": 1.00,
                                       "Actual Loops": 1,
                                       "Disabled": false,
                                       "Index Cond": "(account_id = a_3.id)",
                                       "Rows Removed by Index Recheck": 0,
                                       "Index Searches": 1,
                                       "Shared Hit Blocks": 2,
                                       "Shared Read Blocks": 0,
                                       "Shared Dirtied Blocks": 0,
                                       "Shared Written Blocks": 0,
                                       "Local Hit Blocks": 0,
                                       "Local Read Blocks": 0,
                                       "Local Dirtied Blocks": 0,
                                       "Local Written Blocks": 0,
                                       "Temp Read Blocks": 0,
                                       "Temp Written Blocks": 0
                                     }
                                   ]
                                 },
                                 {
                                   "Node Type": "Aggregate",
                                   "Strategy": "Hashed",
                                   "Partial Mode": "Simple",
                                   "Parent Relationship": "Inner",
                                   "Parallel Aware": false,
                                   "Async Capable": false,
                                   "Startup Cost": 0.09,
                                   "Total Cost": 0.10,
                                   "Plan Rows": 1,
                                   "Plan Width": 8,
                                   "Actual Startup Time": 0.003,
                                   "Actual Total Time": 0.004,
                                   "Actual Rows": 0.00,
                                   "Actual Loops": 1,
                                   "Disabled": false,
                                   "Group Key": ["i_1.grant_id"],
                                   "Planned Partitions": 0,
                                   "HashAgg Batches": 1,
                                   "Peak Memory Usage": 32,
                                   "Disk Usage": 0,
                                   "Shared Hit Blocks": 0,
                                   "Shared Read Blocks": 0,
                                   "Shared Dirtied Blocks": 0,
                                   "Shared Written Blocks": 0,
                                   "Local Hit Blocks": 0,
                                   "Local Read Blocks": 0,
                                   "Local Dirtied Blocks": 0,
                                   "Local Written Blocks": 0,
                                   "Temp Read Blocks": 0,
                                   "Temp Written Blocks": 0,
                                   "Plans": [
                                     {
                                       "Node Type": "Nested Loop",
                                       "Parent Relationship": "Outer",
                                       "Parallel Aware": false,
                                       "Async Capable": false,
                                       "Join Type": "Inner",
                                       "Startup Cost": 0.00,
                                       "Total Cost": 0.09,
                                       "Plan Rows": 1,
                                       "Plan Width": 8,
                                       "Actual Startup Time": 0.003,
                                       "Actual Total Time": 0.003,
                                       "Actual Rows": 0.00,
                                       "Actual Loops": 1,
                                       "Disabled": false,
                                       "Inner Unique": false,
                                       "Join Filter": "(r_11.account_id <> s_6.account_id)",
                                       "Rows Removed by Join Filter": 0,
                                       "Shared Hit Blocks": 0,
                                       "Shared Read Blocks": 0,
                                       "Shared Dirtied Blocks": 0,
                                       "Shared Written Blocks": 0,
                                       "Local Hit Blocks": 0,
                                       "Local Read Blocks": 0,
                                       "Local Dirtied Blocks": 0,
                                       "Local Written Blocks": 0,
                                       "Temp Read Blocks": 0,
                                       "Temp Written Blocks": 0,
                                       "Plans": [
                                         {
                                           "Node Type": "Nested Loop",
                                           "Parent Relationship": "Outer",
                                           "Parallel Aware": false,
                                           "Async Capable": false,
                                           "Join Type": "Inner",
                                           "Startup Cost": 0.00,
                                           "Total Cost": 0.05,
                                           "Plan Rows": 1,
                                           "Plan Width": 16,
                                           "Actual Startup Time": 0.002,
                                           "Actual Total Time": 0.003,
                                           "Actual Rows": 0.00,
                                           "Actual Loops": 1,
                                           "Disabled": false,
                                           "Inner Unique": false,
                                           "Join Filter": "(i_1.record_id = r_11.id)",
                                           "Rows Removed by Join Filter": 0,
                                           "Shared Hit Blocks": 0,
                                           "Shared Read Blocks": 0,
                                           "Shared Dirtied Blocks": 0,
                                           "Shared Written Blocks": 0,
                                           "Local Hit Blocks": 0,
                                           "Local Read Blocks": 0,
                                           "Local Dirtied Blocks": 0,
                                           "Local Written Blocks": 0,
                                           "Temp Read Blocks": 0,
                                           "Temp Written Blocks": 0,
                                           "Plans": [
                                             {
                                               "Node Type": "CTE Scan",
                                               "Parent Relationship": "Outer",
                                               "Parallel Aware": false,
                                               "Async Capable": false,
                                               "CTE Name": "included",
                                               "Alias": "i_1",
                                               "Startup Cost": 0.00,
                                               "Total Cost": 0.02,
                                               "Plan Rows": 1,
                                               "Plan Width": 16,
                                               "Actual Startup Time": 0.002,
                                               "Actual Total Time": 0.002,
                                               "Actual Rows": 0.00,
                                               "Actual Loops": 1,
                                               "Disabled": false,
                                               "Filter": "(grant_id IS NOT NULL)",
                                               "Rows Removed by Filter": 0,
                                               "Storage": "Memory",
                                               "Maximum Storage": 17,
                                               "Shared Hit Blocks": 0,
                                               "Shared Read Blocks": 0,
                                               "Shared Dirtied Blocks": 0,
                                               "Shared Written Blocks": 0,
                                               "Local Hit Blocks": 0,
                                               "Local Read Blocks": 0,
                                               "Local Dirtied Blocks": 0,
                                               "Local Written Blocks": 0,
                                               "Temp Read Blocks": 0,
                                               "Temp Written Blocks": 0
                                             },
                                             {
                                               "Node Type": "CTE Scan",
                                               "Parent Relationship": "Inner",
                                               "Parallel Aware": false,
                                               "Async Capable": false,
                                               "CTE Name": "visible",
                                               "Alias": "r_11",
                                               "Startup Cost": 0.00,
                                               "Total Cost": 0.02,
                                               "Plan Rows": 1,
                                               "Plan Width": 16,
                                               "Actual Startup Time": 0.000,
                                               "Actual Total Time": 0.000,
                                               "Actual Rows": 0,
                                               "Actual Loops": 0,
                                               "Disabled": false,
                                               "Storage": "Memory",
                                               "Maximum Storage": 17,
                                               "Shared Hit Blocks": 0,
                                               "Shared Read Blocks": 0,
                                               "Shared Dirtied Blocks": 0,
                                               "Shared Written Blocks": 0,
                                               "Local Hit Blocks": 0,
                                               "Local Read Blocks": 0,
                                               "Local Dirtied Blocks": 0,
                                               "Local Written Blocks": 0,
                                               "Temp Read Blocks": 0,
                                               "Temp Written Blocks": 0
                                             }
                                           ]
                                         },
                                         {
                                           "Node Type": "CTE Scan",
                                           "Parent Relationship": "Inner",
                                           "Parallel Aware": false,
                                           "Async Capable": false,
                                           "CTE Name": "session",
                                           "Alias": "s_6",
                                           "Startup Cost": 0.00,
                                           "Total Cost": 0.02,
                                           "Plan Rows": 1,
                                           "Plan Width": 8,
                                           "Actual Startup Time": 0.000,
                                           "Actual Total Time": 0.000,
                                           "Actual Rows": 0,
                                           "Actual Loops": 0,
                                           "Disabled": false,
                                           "Storage": "Memory",
                                           "Maximum Storage": 17,
                                           "Shared Hit Blocks": 0,
                                           "Shared Read Blocks": 0,
                                           "Shared Dirtied Blocks": 0,
                                           "Shared Written Blocks": 0,
                                           "Local Hit Blocks": 0,
                                           "Local Read Blocks": 0,
                                           "Local Dirtied Blocks": 0,
                                           "Local Written Blocks": 0,
                                           "Temp Read Blocks": 0,
                                           "Temp Written Blocks": 0
                                         }
                                       ]
                                     }
                                   ]
                                 }
                               ]
                             },
                             {
                               "Node Type": "Index Scan",
                               "Parent Relationship": "Inner",
                               "Parallel Aware": false,
                               "Async Capable": false,
                               "Scan Direction": "Forward",
                               "Index Name": "pk_collection_grant",
                               "Relation Name": "collection_grant",
                               "Alias": "g_1",
                               "Startup Cost": 0.15,
                               "Total Cost": 8.17,
                               "Plan Rows": 1,
                               "Plan Width": 72,
                               "Actual Startup Time": 0.000,
                               "Actual Total Time": 0.000,
                               "Actual Rows": 0,
                               "Actual Loops": 0,
                               "Disabled": false,
                               "Index Cond": "(id = i_1.grant_id)",
                               "Rows Removed by Index Recheck": 0,
                               "Index Searches": 0,
                               "Shared Hit Blocks": 0,
                               "Shared Read Blocks": 0,
                               "Shared Dirtied Blocks": 0,
                               "Shared Written Blocks": 0,
                               "Local Hit Blocks": 0,
                               "Local Read Blocks": 0,
                               "Local Dirtied Blocks": 0,
                               "Local Written Blocks": 0,
                               "Temp Read Blocks": 0,
                               "Temp Written Blocks": 0
                             }
                           ]
                         },
                         {
                           "Node Type": "Index Scan",
                           "Parent Relationship": "Inner",
                           "Parallel Aware": false,
                           "Async Capable": false,
                           "Scan Direction": "Forward",
                           "Index Name": "pk_collection",
                           "Relation Name": "collection",
                           "Alias": "c_4",
                           "Startup Cost": 0.15,
                           "Total Cost": 0.25,
                           "Plan Rows": 1,
                           "Plan Width": 72,
                           "Actual Startup Time": 0.000,
                           "Actual Total Time": 0.000,
                           "Actual Rows": 0,
                           "Actual Loops": 0,
                           "Disabled": false,
                           "Index Cond": "(id = g_1.collection_id)",
                           "Rows Removed by Index Recheck": 0,
                           "Index Searches": 0,
                           "Shared Hit Blocks": 0,
                           "Shared Read Blocks": 0,
                           "Shared Dirtied Blocks": 0,
                           "Shared Written Blocks": 0,
                           "Local Hit Blocks": 0,
                           "Local Read Blocks": 0,
                           "Local Dirtied Blocks": 0,
                           "Local Written Blocks": 0,
                           "Temp Read Blocks": 0,
                           "Temp Written Blocks": 0
                         }
                       ]
                     },
                     {
                       "Node Type": "Index Scan",
                       "Parent Relationship": "Inner",
                       "Parallel Aware": false,
                       "Async Capable": false,
                       "Scan Direction": "Forward",
                       "Index Name": "pk_account",
                       "Relation Name": "account",
                       "Alias": "owner_2",
                       "Startup Cost": 0.15,
                       "Total Cost": 0.26,
                       "Plan Rows": 1,
                       "Plan Width": 24,
                       "Actual Startup Time": 0.000,
                       "Actual Total Time": 0.000,
                       "Actual Rows": 0,
                       "Actual Loops": 0,
                       "Disabled": false,
                       "Index Cond": "(id = c_4.account_id)",
                       "Rows Removed by Index Recheck": 0,
                       "Index Searches": 0,
                       "Shared Hit Blocks": 0,
                       "Shared Read Blocks": 0,
                       "Shared Dirtied Blocks": 0,
                       "Shared Written Blocks": 0,
                       "Local Hit Blocks": 0,
                       "Local Read Blocks": 0,
                       "Local Dirtied Blocks": 0,
                       "Local Written Blocks": 0,
                       "Temp Read Blocks": 0,
                       "Temp Written Blocks": 0
                     }
                   ]
                 },
                 {
                   "Node Type": "Index Scan",
                   "Parent Relationship": "Inner",
                   "Parallel Aware": false,
                   "Async Capable": false,
                   "Scan Direction": "Forward",
                   "Index Name": "ix_vault_protection_account_id",
                   "Relation Name": "vault_protection",
                   "Alias": "op",
                   "Startup Cost": 0.15,
                   "Total Cost": 0.27,
                   "Plan Rows": 1,
                   "Plan Width": 64,
                   "Actual Startup Time": 0.000,
                   "Actual Total Time": 0.000,
                   "Actual Rows": 0,
                   "Actual Loops": 0,
                   "Disabled": false,
                   "Index Cond": "(account_id = owner_2.id)",
                   "Rows Removed by Index Recheck": 0,
                   "Index Searches": 0,
                   "Shared Hit Blocks": 0,
                   "Shared Read Blocks": 0,
                   "Shared Dirtied Blocks": 0,
                   "Shared Written Blocks": 0,
                   "Local Hit Blocks": 0,
                   "Local Read Blocks": 0,
                   "Local Dirtied Blocks": 0,
                   "Local Written Blocks": 0,
                   "Temp Read Blocks": 0,
                   "Temp Written Blocks": 0
                 }
               ]
             }
           ]
         }
       ]
     },
     "Planning": {
       "Shared Hit Blocks": 44,
       "Shared Read Blocks": 0,
       "Shared Dirtied Blocks": 0,
       "Shared Written Blocks": 0,
       "Local Hit Blocks": 0,
       "Local Read Blocks": 0,
       "Local Dirtied Blocks": 0,
       "Local Written Blocks": 0,
       "Temp Read Blocks": 0,
       "Temp Written Blocks": 0
     },
     "Planning Time": 2.920,
     "Triggers": [
     ],
     "Execution Time": 1.833
   }
 ]



Test Run Successful.
Total tests: 4
     Passed: 4
 Total time: 13.9528 Seconds
